date,Warengruppe,id,Umsatz,Bewoelkung,Temperatur,Windgeschwindigkeit,Wettercode,KielerWoche,school_holiday,public_holiday
2012-01-01,1,1201011,,8.0,9.825,14.0,58.0,,,
2012-01-01,2,1201012,,8.0,9.825,14.0,58.0,,,
2012-01-01,3,1201013,,8.0,9.825,14.0,58.0,,,
2012-01-01,4,1201014,,8.0,9.825,14.0,58.0,,,
2012-01-01,5,1201015,,8.0,9.825,14.0,58.0,,,
2012-01-02,1,1201021,,7.0,7.4375,12.0,58.0,,,
2012-01-02,2,1201022,,7.0,7.4375,12.0,58.0,,,
2012-01-02,3,1201023,,7.0,7.4375,12.0,58.0,,,
2012-01-02,4,1201024,,7.0,7.4375,12.0,58.0,,,
2012-01-02,5,1201025,,7.0,7.4375,12.0,58.0,,,
2012-01-03,1,1201031,,8.0,5.5375,18.0,63.0,,,
2012-01-03,2,1201032,,8.0,5.5375,18.0,63.0,,,
2012-01-03,3,1201033,,8.0,5.5375,18.0,63.0,,,
2012-01-03,4,1201034,,8.0,5.5375,18.0,63.0,,,
2012-01-03,5,1201035,,8.0,5.5375,18.0,63.0,,,
2012-01-04,1,1201041,,4.0,5.6875,19.0,80.0,,,
2012-01-04,2,1201042,,4.0,5.6875,19.0,80.0,,,
2012-01-04,3,1201043,,4.0,5.6875,19.0,80.0,,,
2012-01-04,4,1201044,,4.0,5.6875,19.0,80.0,,,
2012-01-04,5,1201045,,4.0,5.6875,19.0,80.0,,,
2012-01-05,1,1201051,,6.0,5.3,23.0,80.0,,,
2012-01-05,2,1201052,,6.0,5.3,23.0,80.0,,,
2012-01-05,3,1201053,,6.0,5.3,23.0,80.0,,,
2012-01-05,4,1201054,,6.0,5.3,23.0,80.0,,,
2012-01-05,5,1201055,,6.0,5.3,23.0,80.0,,,
2012-01-06,1,1201061,,3.0,2.625,10.0,80.0,,,
2012-01-06,2,1201062,,3.0,2.625,10.0,80.0,,,
2012-01-06,3,1201063,,3.0,2.625,10.0,80.0,,,
2012-01-06,4,1201064,,3.0,2.625,10.0,80.0,,,
2012-01-06,5,1201065,,3.0,2.625,10.0,80.0,,,
2012-01-07,1,1201071,,7.0,6.528571,14.0,61.0,,,
2012-01-07,2,1201072,,7.0,6.528571,14.0,61.0,,,
2012-01-07,3,1201073,,7.0,6.528571,14.0,61.0,,,
2012-01-07,4,1201074,,7.0,6.528571,14.0,61.0,,,
2012-01-07,5,1201075,,7.0,6.528571,14.0,61.0,,,
2012-01-08,1,1201081,,7.0,5.9625,10.0,80.0,,,
2012-01-08,2,1201082,,7.0,5.9625,10.0,80.0,,,
2012-01-08,3,1201083,,7.0,5.9625,10.0,80.0,,,
2012-01-08,4,1201084,,7.0,5.9625,10.0,80.0,,,
2012-01-08,5,1201085,,7.0,5.9625,10.0,80.0,,,
2012-01-09,1,1201091,,8.0,5.15,12.0,61.0,,,
2012-01-09,2,1201092,,8.0,5.15,12.0,61.0,,,
2012-01-09,3,1201093,,8.0,5.15,12.0,61.0,,,
2012-01-09,4,1201094,,8.0,5.15,12.0,61.0,,,
2012-01-09,5,1201095,,8.0,5.15,12.0,61.0,,,
2012-01-10,1,1201101,,6.0,6.1125,10.0,61.0,,,
2012-01-10,2,1201102,,6.0,6.1125,10.0,61.0,,,
2012-01-10,3,1201103,,6.0,6.1125,10.0,61.0,,,
2012-01-10,4,1201104,,6.0,6.1125,10.0,61.0,,,
2012-01-10,5,1201105,,6.0,6.1125,10.0,61.0,,,
2012-01-11,1,1201111,,6.0,7.8625,16.0,51.0,,,
2012-01-11,2,1201112,,6.0,7.8625,16.0,51.0,,,
2012-01-11,3,1201113,,6.0,7.8625,16.0,51.0,,,
2012-01-11,4,1201114,,6.0,7.8625,16.0,51.0,,,
2012-01-11,5,1201115,,6.0,7.8625,16.0,51.0,,,
2012-01-12,1,1201121,,7.0,7.4375,25.0,61.0,,,
2012-01-12,2,1201122,,7.0,7.4375,25.0,61.0,,,
2012-01-12,3,1201123,,7.0,7.4375,25.0,61.0,,,
2012-01-12,4,1201124,,7.0,7.4375,25.0,61.0,,,
2012-01-12,5,1201125,,7.0,7.4375,25.0,61.0,,,
2012-01-13,1,1201131,,2.0,4.8,18.0,61.0,,,
2012-01-13,2,1201132,,2.0,4.8,18.0,61.0,,,
2012-01-13,3,1201133,,2.0,4.8,18.0,61.0,,,
2012-01-13,4,1201134,,2.0,4.8,18.0,61.0,,,
2012-01-13,5,1201135,,2.0,4.8,18.0,61.0,,,
2012-01-14,1,1201141,,3.0,2.8875,10.0,61.0,,,
2012-01-14,2,1201142,,3.0,2.8875,10.0,61.0,,,
2012-01-14,3,1201143,,3.0,2.8875,10.0,61.0,,,
2012-01-14,4,1201144,,3.0,2.8875,10.0,61.0,,,
2012-01-14,5,1201145,,3.0,2.8875,10.0,61.0,,,
2012-01-15,1,1201151,,1.0,2.225,6.0,61.0,,,
2012-01-15,2,1201152,,1.0,2.225,6.0,61.0,,,
2012-01-15,3,1201153,,1.0,2.225,6.0,61.0,,,
2012-01-15,4,1201154,,1.0,2.225,6.0,61.0,,,
2012-01-15,5,1201155,,1.0,2.225,6.0,61.0,,,
2012-01-16,1,1201161,,8.0,3.0625,6.0,61.0,,,
2012-01-16,2,1201162,,8.0,3.0625,6.0,61.0,,,
2012-01-16,3,1201163,,8.0,3.0625,6.0,61.0,,,
2012-01-16,4,1201164,,8.0,3.0625,6.0,61.0,,,
2012-01-16,5,1201165,,8.0,3.0625,6.0,61.0,,,
2012-01-17,1,1201171,,6.0,4.4875,10.0,61.0,,,
2012-01-17,2,1201172,,6.0,4.4875,10.0,61.0,,,
2012-01-17,3,1201173,,6.0,4.4875,10.0,61.0,,,
2012-01-17,4,1201174,,6.0,4.4875,10.0,61.0,,,
2012-01-17,5,1201175,,6.0,4.4875,10.0,61.0,,,
2012-01-18,1,1201181,,7.0,2.35,12.0,51.0,,,
2012-01-18,2,1201182,,7.0,2.35,12.0,51.0,,,
2012-01-18,3,1201183,,7.0,2.35,12.0,51.0,,,
2012-01-18,4,1201184,,7.0,2.35,12.0,51.0,,,
2012-01-18,5,1201185,,7.0,2.35,12.0,51.0,,,
2012-01-19,1,1201191,,8.0,5.2625,16.0,80.0,,,
2012-01-19,2,1201192,,8.0,5.2625,16.0,80.0,,,
2012-01-19,3,1201193,,8.0,5.2625,16.0,80.0,,,
2012-01-19,4,1201194,,8.0,5.2625,16.0,80.0,,,
2012-01-19,5,1201195,,8.0,5.2625,16.0,80.0,,,
2012-01-20,1,1201201,,6.0,3.4375,12.0,26.0,,,
2012-01-20,2,1201202,,6.0,3.4375,12.0,26.0,,,
2012-01-20,3,1201203,,6.0,3.4375,12.0,26.0,,,
2012-01-20,4,1201204,,6.0,3.4375,12.0,26.0,,,
2012-01-20,5,1201205,,6.0,3.4375,12.0,26.0,,,
2012-01-21,1,1201211,,7.0,3.5375,16.0,68.0,,,
2012-01-21,2,1201212,,7.0,3.5375,16.0,68.0,,,
2012-01-21,3,1201213,,7.0,3.5375,16.0,68.0,,,
2012-01-21,4,1201214,,7.0,3.5375,16.0,68.0,,,
2012-01-21,5,1201215,,7.0,3.5375,16.0,68.0,,,
2012-01-22,1,1201221,,6.0,3.7875,12.0,21.0,,,
2012-01-22,2,1201222,,6.0,3.7875,12.0,21.0,,,
2012-01-22,3,1201223,,6.0,3.7875,12.0,21.0,,,
2012-01-22,4,1201224,,6.0,3.7875,12.0,21.0,,,
2012-01-22,5,1201225,,6.0,3.7875,12.0,21.0,,,
2012-01-23,1,1201231,,5.0,2.2125,4.0,10.0,,,
2012-01-23,2,1201232,,5.0,2.2125,4.0,10.0,,,
2012-01-23,3,1201233,,5.0,2.2125,4.0,10.0,,,
2012-01-23,4,1201234,,5.0,2.2125,4.0,10.0,,,
2012-01-23,5,1201235,,5.0,2.2125,4.0,10.0,,,
2012-01-24,1,1201241,,3.0,1.7625,6.0,10.0,,,
2012-01-24,2,1201242,,3.0,1.7625,6.0,10.0,,,
2012-01-24,3,1201243,,3.0,1.7625,6.0,10.0,,,
2012-01-24,4,1201244,,3.0,1.7625,6.0,10.0,,,
2012-01-24,5,1201245,,3.0,1.7625,6.0,10.0,,,
2012-01-25,1,1201251,,3.0,-0.1875,8.0,10.0,,,
2012-01-25,2,1201252,,3.0,-0.1875,8.0,10.0,,,
2012-01-25,3,1201253,,3.0,-0.1875,8.0,10.0,,,
2012-01-25,4,1201254,,3.0,-0.1875,8.0,10.0,,,
2012-01-25,5,1201255,,3.0,-0.1875,8.0,10.0,,,
2012-01-26,1,1201261,,2.0,0.3625,12.0,10.0,,,
2012-01-26,2,1201262,,2.0,0.3625,12.0,10.0,,,
2012-01-26,3,1201263,,2.0,0.3625,12.0,10.0,,,
2012-01-26,4,1201264,,2.0,0.3625,12.0,10.0,,,
2012-01-26,5,1201265,,2.0,0.3625,12.0,10.0,,,
2012-01-27,1,1201271,,8.0,-1.0,10.0,71.0,,,
2012-01-27,2,1201272,,8.0,-1.0,10.0,71.0,,,
2012-01-27,3,1201273,,8.0,-1.0,10.0,71.0,,,
2012-01-27,4,1201274,,8.0,-1.0,10.0,71.0,,,
2012-01-27,5,1201275,,8.0,-1.0,10.0,71.0,,,
2012-01-28,1,1201281,,6.0,-1.3875,10.0,10.0,,,
2012-01-28,2,1201282,,6.0,-1.3875,10.0,10.0,,,
2012-01-28,3,1201283,,6.0,-1.3875,10.0,10.0,,,
2012-01-28,4,1201284,,6.0,-1.3875,10.0,10.0,,,
2012-01-28,5,1201285,,6.0,-1.3875,10.0,10.0,,,
2012-01-29,1,1201291,,7.0,-3.1625,8.0,71.0,,,
2012-01-29,2,1201292,,7.0,-3.1625,8.0,71.0,,,
2012-01-29,3,1201293,,7.0,-3.1625,8.0,71.0,,,
2012-01-29,4,1201294,,7.0,-3.1625,8.0,71.0,,,
2012-01-29,5,1201295,,7.0,-3.1625,8.0,71.0,,,
2012-01-30,1,1201301,,3.0,-2.275,12.0,71.0,,,
2012-01-30,2,1201302,,3.0,-2.275,12.0,71.0,,,
2012-01-30,3,1201303,,3.0,-2.275,12.0,71.0,,,
2012-01-30,4,1201304,,3.0,-2.275,12.0,71.0,,,
2012-01-30,5,1201305,,3.0,-2.275,12.0,71.0,,,
2012-01-31,1,1201311,,1.0,-2.375,18.0,71.0,,,
2012-01-31,2,1201312,,1.0,-2.375,18.0,71.0,,,
2012-01-31,3,1201313,,1.0,-2.375,18.0,71.0,,,
2012-01-31,4,1201314,,1.0,-2.375,18.0,71.0,,,
2012-01-31,5,1201315,,1.0,-2.375,18.0,71.0,,,
2012-02-01,1,1202011,,7.0,-1.825,16.0,71.0,,,
2012-02-01,2,1202012,,7.0,-1.825,16.0,71.0,,,
2012-02-01,3,1202013,,7.0,-1.825,16.0,71.0,,,
2012-02-01,4,1202014,,7.0,-1.825,16.0,71.0,,,
2012-02-01,5,1202015,,7.0,-1.825,16.0,71.0,,,
2012-02-02,1,1202021,,6.0,-5.85,8.0,85.0,,,
2012-02-02,2,1202022,,6.0,-5.85,8.0,85.0,,,
2012-02-02,3,1202023,,6.0,-5.85,8.0,85.0,,,
2012-02-02,4,1202024,,6.0,-5.85,8.0,85.0,,,
2012-02-02,5,1202025,,6.0,-5.85,8.0,85.0,,,
2012-02-03,1,1202031,,4.0,-5.85,14.0,3.0,,,
2012-02-03,2,1202032,,4.0,-5.85,14.0,3.0,,,
2012-02-03,3,1202033,,4.0,-5.85,14.0,3.0,,,
2012-02-03,4,1202034,,4.0,-5.85,14.0,3.0,,,
2012-02-03,5,1202035,,4.0,-5.85,14.0,3.0,,,
2012-02-04,1,1202041,,4.0,-7.5375,10.0,71.0,,,
2012-02-04,2,1202042,,4.0,-7.5375,10.0,71.0,,,
2012-02-04,3,1202043,,4.0,-7.5375,10.0,71.0,,,
2012-02-04,4,1202044,,4.0,-7.5375,10.0,71.0,,,
2012-02-04,5,1202045,,4.0,-7.5375,10.0,71.0,,,
2012-02-05,1,1202051,,5.0,-7.7125,8.0,71.0,,,
2012-02-05,2,1202052,,5.0,-7.7125,8.0,71.0,,,
2012-02-05,3,1202053,,5.0,-7.7125,8.0,71.0,,,
2012-02-05,4,1202054,,5.0,-7.7125,8.0,71.0,,,
2012-02-05,5,1202055,,5.0,-7.7125,8.0,71.0,,,
2012-02-06,1,1202061,,4.0,-10.25,6.0,10.0,,,
2012-02-06,2,1202062,,4.0,-10.25,6.0,10.0,,,
2012-02-06,3,1202063,,4.0,-10.25,6.0,10.0,,,
2012-02-06,4,1202064,,4.0,-10.25,6.0,10.0,,,
2012-02-06,5,1202065,,4.0,-10.25,6.0,10.0,,,
2012-02-07,1,1202071,,6.0,-3.0,18.0,71.0,,,
2012-02-07,2,1202072,,6.0,-3.0,18.0,71.0,,,
2012-02-07,3,1202073,,6.0,-3.0,18.0,71.0,,,
2012-02-07,4,1202074,,6.0,-3.0,18.0,71.0,,,
2012-02-07,5,1202075,,6.0,-3.0,18.0,71.0,,,
2012-02-08,1,1202081,,6.0,-2.7625,10.0,71.0,,,
2012-02-08,2,1202082,,6.0,-2.7625,10.0,71.0,,,
2012-02-08,3,1202083,,6.0,-2.7625,10.0,71.0,,,
2012-02-08,4,1202084,,6.0,-2.7625,10.0,71.0,,,
2012-02-08,5,1202085,,6.0,-2.7625,10.0,71.0,,,
2012-02-09,1,1202091,,6.0,-1.6625,21.0,3.0,,,
2012-02-09,2,1202092,,6.0,-1.6625,21.0,3.0,,,
2012-02-09,3,1202093,,6.0,-1.6625,21.0,3.0,,,
2012-02-09,4,1202094,,6.0,-1.6625,21.0,3.0,,,
2012-02-09,5,1202095,,6.0,-1.6625,21.0,3.0,,,
2012-02-10,1,1202101,,6.0,-2.8125,8.0,71.0,,,
2012-02-10,2,1202102,,6.0,-2.8125,8.0,71.0,,,
2012-02-10,3,1202103,,6.0,-2.8125,8.0,71.0,,,
2012-02-10,4,1202104,,6.0,-2.8125,8.0,71.0,,,
2012-02-10,5,1202105,,6.0,-2.8125,8.0,71.0,,,
2012-02-11,1,1202111,,7.0,-4.575,8.0,78.0,,,
2012-02-11,2,1202112,,7.0,-4.575,8.0,78.0,,,
2012-02-11,3,1202113,,7.0,-4.575,8.0,78.0,,,
2012-02-11,4,1202114,,7.0,-4.575,8.0,78.0,,,
2012-02-11,5,1202115,,7.0,-4.575,8.0,78.0,,,
2012-02-12,1,1202121,,8.0,-1.2375,16.0,72.0,,,
2012-02-12,2,1202122,,8.0,-1.2375,16.0,72.0,,,
2012-02-12,3,1202123,,8.0,-1.2375,16.0,72.0,,,
2012-02-12,4,1202124,,8.0,-1.2375,16.0,72.0,,,
2012-02-12,5,1202125,,8.0,-1.2375,16.0,72.0,,,
2012-02-13,1,1202131,,6.0,-2.325,8.0,10.0,,,
2012-02-13,2,1202132,,6.0,-2.325,8.0,10.0,,,
2012-02-13,3,1202133,,6.0,-2.325,8.0,10.0,,,
2012-02-13,4,1202134,,6.0,-2.325,8.0,10.0,,,
2012-02-13,5,1202135,,6.0,-2.325,8.0,10.0,,,
2012-02-14,1,1202141,,8.0,1.3,10.0,47.0,,,
2012-02-14,2,1202142,,8.0,1.3,10.0,47.0,,,
2012-02-14,3,1202143,,8.0,1.3,10.0,47.0,,,
2012-02-14,4,1202144,,8.0,1.3,10.0,47.0,,,
2012-02-14,5,1202145,,8.0,1.3,10.0,47.0,,,
2012-02-15,1,1202151,,1.0,4.8625,18.0,47.0,,,
2012-02-15,2,1202152,,1.0,4.8625,18.0,47.0,,,
2012-02-15,3,1202153,,1.0,4.8625,18.0,47.0,,,
2012-02-15,4,1202154,,1.0,4.8625,18.0,47.0,,,
2012-02-15,5,1202155,,1.0,4.8625,18.0,47.0,,,
2012-02-16,1,1202161,,7.0,2.9625,10.0,61.0,,,
2012-02-16,2,1202162,,7.0,2.9625,10.0,61.0,,,
2012-02-16,3,1202163,,7.0,2.9625,10.0,61.0,,,
2012-02-16,4,1202164,,7.0,2.9625,10.0,61.0,,,
2012-02-16,5,1202165,,7.0,2.9625,10.0,61.0,,,
2012-02-17,1,1202171,,5.0,5.5625,14.0,61.0,,,
2012-02-17,2,1202172,,5.0,5.5625,14.0,61.0,,,
2012-02-17,3,1202173,,5.0,5.5625,14.0,61.0,,,
2012-02-17,4,1202174,,5.0,5.5625,14.0,61.0,,,
2012-02-17,5,1202175,,5.0,5.5625,14.0,61.0,,,
2012-02-18,1,1202181,,8.0,6.175,14.0,61.0,,,
2012-02-18,2,1202182,,8.0,6.175,14.0,61.0,,,
2012-02-18,3,1202183,,8.0,6.175,14.0,61.0,,,
2012-02-18,4,1202184,,8.0,6.175,14.0,61.0,,,
2012-02-18,5,1202185,,8.0,6.175,14.0,61.0,,,
2012-02-19,1,1202191,,4.0,4.2,18.0,25.0,,,
2012-02-19,2,1202192,,4.0,4.2,18.0,25.0,,,
2012-02-19,3,1202193,,4.0,4.2,18.0,25.0,,,
2012-02-19,4,1202194,,4.0,4.2,18.0,25.0,,,
2012-02-19,5,1202195,,4.0,4.2,18.0,25.0,,,
2012-02-20,1,1202201,,5.0,4.1125,14.0,25.0,,,
2012-02-20,2,1202202,,5.0,4.1125,14.0,25.0,,,
2012-02-20,3,1202203,,5.0,4.1125,14.0,25.0,,,
2012-02-20,4,1202204,,5.0,4.1125,14.0,25.0,,,
2012-02-20,5,1202205,,5.0,4.1125,14.0,25.0,,,
2012-02-21,1,1202211,,8.0,4.95,14.0,58.0,,,
2012-02-21,2,1202212,,8.0,4.95,14.0,58.0,,,
2012-02-21,3,1202213,,8.0,4.95,14.0,58.0,,,
2012-02-21,4,1202214,,8.0,4.95,14.0,58.0,,,
2012-02-21,5,1202215,,8.0,4.95,14.0,58.0,,,
2012-02-22,1,1202221,,7.0,7.175,18.0,51.0,,,
2012-02-22,2,1202222,,7.0,7.175,18.0,51.0,,,
2012-02-22,3,1202223,,7.0,7.175,18.0,51.0,,,
2012-02-22,4,1202224,,7.0,7.175,18.0,51.0,,,
2012-02-22,5,1202225,,7.0,7.175,18.0,51.0,,,
2012-02-23,1,1202231,,6.0,8.4125,18.0,51.0,,,
2012-02-23,2,1202232,,6.0,8.4125,18.0,51.0,,,
2012-02-23,3,1202233,,6.0,8.4125,18.0,51.0,,,
2012-02-23,4,1202234,,6.0,8.4125,18.0,51.0,,,
2012-02-23,5,1202235,,6.0,8.4125,18.0,51.0,,,
2012-02-24,1,1202241,,7.0,8.35,19.0,20.0,,,
2012-02-24,2,1202242,,7.0,8.35,19.0,20.0,,,
2012-02-24,3,1202243,,7.0,8.35,19.0,20.0,,,
2012-02-24,4,1202244,,7.0,8.35,19.0,20.0,,,
2012-02-24,5,1202245,,7.0,8.35,19.0,20.0,,,
2012-02-25,1,1202251,,6.0,6.525,19.0,61.0,,,
2012-02-25,2,1202252,,6.0,6.525,19.0,61.0,,,
2012-02-25,3,1202253,,6.0,6.525,19.0,61.0,,,
2012-02-25,4,1202254,,6.0,6.525,19.0,61.0,,,
2012-02-25,5,1202255,,6.0,6.525,19.0,61.0,,,
2012-02-26,1,1202261,,1.0,4.675,8.0,61.0,,,
2012-02-26,2,1202262,,1.0,4.675,8.0,61.0,,,
2012-02-26,3,1202263,,1.0,4.675,8.0,61.0,,,
2012-02-26,4,1202264,,1.0,4.675,8.0,61.0,,,
2012-02-26,5,1202265,,1.0,4.675,8.0,61.0,,,
2012-02-27,1,1202271,,8.0,3.725,12.0,61.0,,,
2012-02-27,2,1202272,,8.0,3.725,12.0,61.0,,,
2012-02-27,3,1202273,,8.0,3.725,12.0,61.0,,,
2012-02-27,4,1202274,,8.0,3.725,12.0,61.0,,,
2012-02-27,5,1202275,,8.0,3.725,12.0,61.0,,,
2012-02-28,1,1202281,,8.0,7.675,14.0,51.0,,,
2012-02-28,2,1202282,,8.0,7.675,14.0,51.0,,,
2012-02-28,3,1202283,,8.0,7.675,14.0,51.0,,,
2012-02-28,4,1202284,,8.0,7.675,14.0,51.0,,,
2012-02-28,5,1202285,,8.0,7.675,14.0,51.0,,,
2012-02-29,1,1202291,,8.0,7.775,10.0,47.0,,,
2012-02-29,2,1202292,,8.0,7.775,10.0,47.0,,,
2012-02-29,3,1202293,,8.0,7.775,10.0,47.0,,,
2012-02-29,4,1202294,,8.0,7.775,10.0,47.0,,,
2012-02-29,5,1202295,,8.0,7.775,10.0,47.0,,,
2012-03-01,1,1203011,,6.0,7.625,12.0,43.0,,,
2012-03-01,2,1203012,,6.0,7.625,12.0,43.0,,,
2012-03-01,3,1203013,,6.0,7.625,12.0,43.0,,,
2012-03-01,4,1203014,,6.0,7.625,12.0,43.0,,,
2012-03-01,5,1203015,,6.0,7.625,12.0,43.0,,,
2012-03-02,1,1203021,,7.0,5.9125,6.0,28.0,,,
2012-03-02,2,1203022,,7.0,5.9125,6.0,28.0,,,
2012-03-02,3,1203023,,7.0,5.9125,6.0,28.0,,,
2012-03-02,4,1203024,,7.0,5.9125,6.0,28.0,,,
2012-03-02,5,1203025,,7.0,5.9125,6.0,28.0,,,
2012-03-03,1,1203031,,5.0,7.0375,14.0,28.0,,,
2012-03-03,2,1203032,,5.0,7.0375,14.0,28.0,,,
2012-03-03,3,1203033,,5.0,7.0375,14.0,28.0,,,
2012-03-03,4,1203034,,5.0,7.0375,14.0,28.0,,,
2012-03-03,5,1203035,,5.0,7.0375,14.0,28.0,,,
2012-03-04,1,1203041,,7.0,4.675,8.0,28.0,,,
2012-03-04,2,1203042,,7.0,4.675,8.0,28.0,,,
2012-03-04,3,1203043,,7.0,4.675,8.0,28.0,,,
2012-03-04,4,1203044,,7.0,4.675,8.0,28.0,,,
2012-03-04,5,1203045,,7.0,4.675,8.0,28.0,,,
2012-03-05,1,1203051,,7.0,4.875,10.0,28.0,,,
2012-03-05,2,1203052,,7.0,4.875,10.0,28.0,,,
2012-03-05,3,1203053,,7.0,4.875,10.0,28.0,,,
2012-03-05,4,1203054,,7.0,4.875,10.0,28.0,,,
2012-03-05,5,1203055,,7.0,4.875,10.0,28.0,,,
2012-03-06,1,1203061,,4.0,4.5125,10.0,28.0,,,
2012-03-06,2,1203062,,4.0,4.5125,10.0,28.0,,,
2012-03-06,3,1203063,,4.0,4.5125,10.0,28.0,,,
2012-03-06,4,1203064,,4.0,4.5125,10.0,28.0,,,
2012-03-06,5,1203065,,4.0,4.5125,10.0,28.0,,,
2012-03-07,1,1203071,,7.0,4.05,10.0,61.0,,,
2012-03-07,2,1203072,,7.0,4.05,10.0,61.0,,,
2012-03-07,3,1203073,,7.0,4.05,10.0,61.0,,,
2012-03-07,4,1203074,,7.0,4.05,10.0,61.0,,,
2012-03-07,5,1203075,,7.0,4.05,10.0,61.0,,,
2012-03-08,1,1203081,,2.0,7.5125,14.0,61.0,,,
2012-03-08,2,1203082,,2.0,7.5125,14.0,61.0,,,
2012-03-08,3,1203083,,2.0,7.5125,14.0,61.0,,,
2012-03-08,4,1203084,,2.0,7.5125,14.0,61.0,,,
2012-03-08,5,1203085,,2.0,7.5125,14.0,61.0,,,
2012-03-09,1,1203091,,8.0,7.825,14.0,10.0,,,
2012-03-09,2,1203092,,8.0,7.825,14.0,10.0,,,
2012-03-09,3,1203093,,8.0,7.825,14.0,10.0,,,
2012-03-09,4,1203094,,8.0,7.825,14.0,10.0,,,
2012-03-09,5,1203095,,8.0,7.825,14.0,10.0,,,
2012-03-10,1,1203101,,6.0,8.7,19.0,10.0,,,
2012-03-10,2,1203102,,6.0,8.7,19.0,10.0,,,
2012-03-10,3,1203103,,6.0,8.7,19.0,10.0,,,
2012-03-10,4,1203104,,6.0,8.7,19.0,10.0,,,
2012-03-10,5,1203105,,6.0,8.7,19.0,10.0,,,
2012-03-11,1,1203111,,6.0,8.95,14.0,10.0,,,
2012-03-11,2,1203112,,6.0,8.95,14.0,10.0,,,
2012-03-11,3,1203113,,6.0,8.95,14.0,10.0,,,
2012-03-11,4,1203114,,6.0,8.95,14.0,10.0,,,
2012-03-11,5,1203115,,6.0,8.95,14.0,10.0,,,
2012-03-12,1,1203121,,5.0,9.0125,18.0,10.0,,,
2012-03-12,2,1203122,,5.0,9.0125,18.0,10.0,,,
2012-03-12,3,1203123,,5.0,9.0125,18.0,10.0,,,
2012-03-12,4,1203124,,5.0,9.0125,18.0,10.0,,,
2012-03-12,5,1203125,,5.0,9.0125,18.0,10.0,,,
2012-03-13,1,1203131,,6.0,9.95,16.0,1.0,,,
2012-03-13,2,1203132,,6.0,9.95,16.0,1.0,,,
2012-03-13,3,1203133,,6.0,9.95,16.0,1.0,,,
2012-03-13,4,1203134,,6.0,9.95,16.0,1.0,,,
2012-03-13,5,1203135,,6.0,9.95,16.0,1.0,,,
2012-03-14,1,1203141,,7.0,7.7875,10.0,1.0,,,
2012-03-14,2,1203142,,7.0,7.7875,10.0,1.0,,,
2012-03-14,3,1203143,,7.0,7.7875,10.0,1.0,,,
2012-03-14,4,1203144,,7.0,7.7875,10.0,1.0,,,
2012-03-14,5,1203145,,7.0,7.7875,10.0,1.0,,,
2012-03-15,1,1203151,,6.0,7.4,8.0,1.0,,,
2012-03-15,2,1203152,,6.0,7.4,8.0,1.0,,,
2012-03-15,3,1203153,,6.0,7.4,8.0,1.0,,,
2012-03-15,4,1203154,,6.0,7.4,8.0,1.0,,,
2012-03-15,5,1203155,,6.0,7.4,8.0,1.0,,,
2012-03-16,1,1203161,,3.0,12.0375,14.0,10.0,,,
2012-03-16,2,1203162,,3.0,12.0375,14.0,10.0,,,
2012-03-16,3,1203163,,3.0,12.0375,14.0,10.0,,,
2012-03-16,4,1203164,,3.0,12.0375,14.0,10.0,,,
2012-03-16,5,1203165,,3.0,12.0375,14.0,10.0,,,
2012-03-17,1,1203171,,6.0,9.775,14.0,10.0,,,
2012-03-17,2,1203172,,6.0,9.775,14.0,10.0,,,
2012-03-17,3,1203173,,6.0,9.775,14.0,10.0,,,
2012-03-17,4,1203174,,6.0,9.775,14.0,10.0,,,
2012-03-17,5,1203175,,6.0,9.775,14.0,10.0,,,
2012-03-18,1,1203181,,7.0,9.8375,16.0,61.0,,,
2012-03-18,2,1203182,,7.0,9.8375,16.0,61.0,,,
2012-03-18,3,1203183,,7.0,9.8375,16.0,61.0,,,
2012-03-18,4,1203184,,7.0,9.8375,16.0,61.0,,,
2012-03-18,5,1203185,,7.0,9.8375,16.0,61.0,,,
2012-03-19,1,1203191,,4.0,8.1125,18.0,61.0,,,
2012-03-19,2,1203192,,4.0,8.1125,18.0,61.0,,,
2012-03-19,3,1203193,,4.0,8.1125,18.0,61.0,,,
2012-03-19,4,1203194,,4.0,8.1125,18.0,61.0,,,
2012-03-19,5,1203195,,4.0,8.1125,18.0,61.0,,,
2012-03-20,1,1203201,,7.0,8.0875,18.0,51.0,,,
2012-03-20,2,1203202,,7.0,8.0875,18.0,51.0,,,
2012-03-20,3,1203203,,7.0,8.0875,18.0,51.0,,,
2012-03-20,4,1203204,,7.0,8.0875,18.0,51.0,,,
2012-03-20,5,1203205,,7.0,8.0875,18.0,51.0,,,
2012-03-21,1,1203211,,5.0,12.625,16.0,51.0,,,
2012-03-21,2,1203212,,5.0,12.625,16.0,51.0,,,
2012-03-21,3,1203213,,5.0,12.625,16.0,51.0,,,
2012-03-21,4,1203214,,5.0,12.625,16.0,51.0,,,
2012-03-21,5,1203215,,5.0,12.625,16.0,51.0,,,
2012-03-22,1,1203221,,0.0,12.7625,6.0,2.0,,,
2012-03-22,2,1203222,,0.0,12.7625,6.0,2.0,,,
2012-03-22,3,1203223,,0.0,12.7625,6.0,2.0,,,
2012-03-22,4,1203224,,0.0,12.7625,6.0,2.0,,,
2012-03-22,5,1203225,,0.0,12.7625,6.0,2.0,,,
2012-03-23,1,1203231,,0.0,13.4875,6.0,2.0,,,
2012-03-23,2,1203232,,0.0,13.4875,6.0,2.0,,,
2012-03-23,3,1203233,,0.0,13.4875,6.0,2.0,,,
2012-03-23,4,1203234,,0.0,13.4875,6.0,2.0,,,
2012-03-23,5,1203235,,0.0,13.4875,6.0,2.0,,,
2012-03-24,1,1203241,,5.0,7.8375,8.0,10.0,,,
2012-03-24,2,1203242,,5.0,7.8375,8.0,10.0,,,
2012-03-24,3,1203243,,5.0,7.8375,8.0,10.0,,,
2012-03-24,4,1203244,,5.0,7.8375,8.0,10.0,,,
2012-03-24,5,1203245,,5.0,7.8375,8.0,10.0,,,
2012-03-25,1,1203251,,0.0,13.1375,10.0,1.0,,,
2012-03-25,2,1203252,,0.0,13.1375,10.0,1.0,,,
2012-03-25,3,1203253,,0.0,13.1375,10.0,1.0,,,
2012-03-25,4,1203254,,0.0,13.1375,10.0,1.0,,,
2012-03-25,5,1203255,,0.0,13.1375,10.0,1.0,,,
2012-03-26,1,1203261,,7.0,8.4875,8.0,51.0,,,
2012-03-26,2,1203262,,7.0,8.4875,8.0,51.0,,,
2012-03-26,3,1203263,,7.0,8.4875,8.0,51.0,,,
2012-03-26,4,1203264,,7.0,8.4875,8.0,51.0,,,
2012-03-26,5,1203265,,7.0,8.4875,8.0,51.0,,,
2012-03-27,1,1203271,,4.0,15.5,10.0,51.0,,,
2012-03-27,2,1203272,,4.0,15.5,10.0,51.0,,,
2012-03-27,3,1203273,,4.0,15.5,10.0,51.0,,,
2012-03-27,4,1203274,,4.0,15.5,10.0,51.0,,,
2012-03-27,5,1203275,,4.0,15.5,10.0,51.0,,,
2012-03-28,1,1203281,,3.0,14.8375,18.0,5.0,,,
2012-03-28,2,1203282,,3.0,14.8375,18.0,5.0,,,
2012-03-28,3,1203283,,3.0,14.8375,18.0,5.0,,,
2012-03-28,4,1203284,,3.0,14.8375,18.0,5.0,,,
2012-03-28,5,1203285,,3.0,14.8375,18.0,5.0,,,
2012-03-29,1,1203291,,6.0,8.9875,19.0,21.0,,,
2012-03-29,2,1203292,,6.0,8.9875,19.0,21.0,,,
2012-03-29,3,1203293,,6.0,8.9875,19.0,21.0,,,
2012-03-29,4,1203294,,6.0,8.9875,19.0,21.0,,,
2012-03-29,5,1203295,,6.0,8.9875,19.0,21.0,,,
2012-03-30,1,1203301,,3.0,9.9625,18.0,1.0,,,
2012-03-30,2,1203302,,3.0,9.9625,18.0,1.0,,,
2012-03-30,3,1203303,,3.0,9.9625,18.0,1.0,,,
2012-03-30,4,1203304,,3.0,9.9625,18.0,1.0,,,
2012-03-30,5,1203305,,3.0,9.9625,18.0,1.0,,,
2012-03-31,1,1203311,,4.0,6.1125,19.0,61.0,,,
2012-03-31,2,1203312,,4.0,6.1125,19.0,61.0,,,
2012-03-31,3,1203313,,4.0,6.1125,19.0,61.0,,,
2012-03-31,4,1203314,,4.0,6.1125,19.0,61.0,,,
2012-03-31,5,1203315,,4.0,6.1125,19.0,61.0,,,
2012-04-01,1,1204011,,7.0,6.525,19.0,25.0,,,
2012-04-01,2,1204012,,7.0,6.525,19.0,25.0,,,
2012-04-01,3,1204013,,7.0,6.525,19.0,25.0,,,
2012-04-01,4,1204014,,7.0,6.525,19.0,25.0,,,
2012-04-01,5,1204015,,7.0,6.525,19.0,25.0,,,
2012-04-02,1,1204021,,7.0,5.5875,16.0,25.0,,,
2012-04-02,2,1204022,,7.0,5.5875,16.0,25.0,,,
2012-04-02,3,1204023,,7.0,5.5875,16.0,25.0,,,
2012-04-02,4,1204024,,7.0,5.5875,16.0,25.0,,,
2012-04-02,5,1204025,,7.0,5.5875,16.0,25.0,,,
2012-04-03,1,1204031,,7.0,3.3,10.0,22.0,,,
2012-04-03,2,1204032,,7.0,3.3,10.0,22.0,,,
2012-04-03,3,1204033,,7.0,3.3,10.0,22.0,,,
2012-04-03,4,1204034,,7.0,3.3,10.0,22.0,,,
2012-04-03,5,1204035,,7.0,3.3,10.0,22.0,,,
2012-04-04,1,1204041,,7.0,4.5875,18.0,21.0,,,
2012-04-04,2,1204042,,7.0,4.5875,18.0,21.0,,,
2012-04-04,3,1204043,,7.0,4.5875,18.0,21.0,,,
2012-04-04,4,1204044,,7.0,4.5875,18.0,21.0,,,
2012-04-04,5,1204045,,7.0,4.5875,18.0,21.0,,,
2012-04-05,1,1204051,,1.0,5.6375,10.0,21.0,,,
2012-04-05,2,1204052,,1.0,5.6375,10.0,21.0,,,
2012-04-05,3,1204053,,1.0,5.6375,10.0,21.0,,,
2012-04-05,4,1204054,,1.0,5.6375,10.0,21.0,,,
2012-04-05,5,1204055,,1.0,5.6375,10.0,21.0,,,
2012-04-06,1,1204061,,7.0,6.2,18.0,61.0,,,
2012-04-06,2,1204062,,7.0,6.2,18.0,61.0,,,
2012-04-06,3,1204063,,7.0,6.2,18.0,61.0,,,
2012-04-06,4,1204064,,7.0,6.2,18.0,61.0,,,
2012-04-06,5,1204065,,7.0,6.2,18.0,61.0,,,
2012-04-07,1,1204071,,4.0,3.7125,19.0,61.0,,,
2012-04-07,2,1204072,,4.0,3.7125,19.0,61.0,,,
2012-04-07,3,1204073,,4.0,3.7125,19.0,61.0,,,
2012-04-07,4,1204074,,4.0,3.7125,19.0,61.0,,,
2012-04-07,5,1204075,,4.0,3.7125,19.0,61.0,,,
2012-04-08,1,1204081,,2.0,5.75,10.0,61.0,,,
2012-04-08,2,1204082,,2.0,5.75,10.0,61.0,,,
2012-04-08,3,1204083,,2.0,5.75,10.0,61.0,,,
2012-04-08,4,1204084,,2.0,5.75,10.0,61.0,,,
2012-04-08,5,1204085,,2.0,5.75,10.0,61.0,,,
2012-04-09,1,1204091,,8.0,6.5125,10.0,58.0,,,
2012-04-09,2,1204092,,8.0,6.5125,10.0,58.0,,,
2012-04-09,3,1204093,,8.0,6.5125,10.0,58.0,,,
2012-04-09,4,1204094,,8.0,6.5125,10.0,58.0,,,
2012-04-09,5,1204095,,8.0,6.5125,10.0,58.0,,,
2012-04-10,1,1204101,,8.0,10.5875,10.0,61.0,,,
2012-04-10,2,1204102,,8.0,10.5875,10.0,61.0,,,
2012-04-10,3,1204103,,8.0,10.5875,10.0,61.0,,,
2012-04-10,4,1204104,,8.0,10.5875,10.0,61.0,,,
2012-04-10,5,1204105,,8.0,10.5875,10.0,61.0,,,
2012-04-11,1,1204111,,7.0,10.475,12.0,61.0,,,
2012-04-11,2,1204112,,7.0,10.475,12.0,61.0,,,
2012-04-11,3,1204113,,7.0,10.475,12.0,61.0,,,
2012-04-11,4,1204114,,7.0,10.475,12.0,61.0,,,
2012-04-11,5,1204115,,7.0,10.475,12.0,61.0,,,
2012-04-12,1,1204121,,6.0,9.575,12.0,81.0,,,
2012-04-12,2,1204122,,6.0,9.575,12.0,81.0,,,
2012-04-12,3,1204123,,6.0,9.575,12.0,81.0,,,
2012-04-12,4,1204124,,6.0,9.575,12.0,81.0,,,
2012-04-12,5,1204125,,6.0,9.575,12.0,81.0,,,
2012-04-13,1,1204131,,7.0,8.725,10.0,81.0,,,
2012-04-13,2,1204132,,7.0,8.725,10.0,81.0,,,
2012-04-13,3,1204133,,7.0,8.725,10.0,81.0,,,
2012-04-13,4,1204134,,7.0,8.725,10.0,81.0,,,
2012-04-13,5,1204135,,7.0,8.725,10.0,81.0,,,
2012-04-14,1,1204141,,6.0,8.8125,8.0,25.0,,,
2012-04-14,2,1204142,,6.0,8.8125,8.0,25.0,,,
2012-04-14,3,1204143,,6.0,8.8125,8.0,25.0,,,
2012-04-14,4,1204144,,6.0,8.8125,8.0,25.0,,,
2012-04-14,5,1204145,,6.0,8.8125,8.0,25.0,,,
2012-04-15,1,1204151,,7.0,8.075,10.0,21.0,,,
2012-04-15,2,1204152,,7.0,8.075,10.0,21.0,,,
2012-04-15,3,1204153,,7.0,8.075,10.0,21.0,,,
2012-04-15,4,1204154,,7.0,8.075,10.0,21.0,,,
2012-04-15,5,1204155,,7.0,8.075,10.0,21.0,,,
2012-04-16,1,1204161,,4.0,7.5,16.0,80.0,,,
2012-04-16,2,1204162,,4.0,7.5,16.0,80.0,,,
2012-04-16,3,1204163,,4.0,7.5,16.0,80.0,,,
2012-04-16,4,1204164,,4.0,7.5,16.0,80.0,,,
2012-04-16,5,1204165,,4.0,7.5,16.0,80.0,,,
2012-04-17,1,1204171,,5.0,8.0375,12.0,80.0,,,
2012-04-17,2,1204172,,5.0,8.0375,12.0,80.0,,,
2012-04-17,3,1204173,,5.0,8.0375,12.0,80.0,,,
2012-04-17,4,1204174,,5.0,8.0375,12.0,80.0,,,
2012-04-17,5,1204175,,5.0,8.0375,12.0,80.0,,,
2012-04-18,1,1204181,,6.0,9.6125,10.0,80.0,,,
2012-04-18,2,1204182,,6.0,9.6125,10.0,80.0,,,
2012-04-18,3,1204183,,6.0,9.6125,10.0,80.0,,,
2012-04-18,4,1204184,,6.0,9.6125,10.0,80.0,,,
2012-04-18,5,1204185,,6.0,9.6125,10.0,80.0,,,
2012-04-19,1,1204191,,2.0,14.2375,14.0,80.0,,,
2012-04-19,2,1204192,,2.0,14.2375,14.0,80.0,,,
2012-04-19,3,1204193,,2.0,14.2375,14.0,80.0,,,
2012-04-19,4,1204194,,2.0,14.2375,14.0,80.0,,,
2012-04-19,5,1204195,,2.0,14.2375,14.0,80.0,,,
2012-04-20,1,1204201,,6.0,9.225,10.0,95.0,,,
2012-04-20,2,1204202,,6.0,9.225,10.0,95.0,,,
2012-04-20,3,1204203,,6.0,9.225,10.0,95.0,,,
2012-04-20,4,1204204,,6.0,9.225,10.0,95.0,,,
2012-04-20,5,1204205,,6.0,9.225,10.0,95.0,,,
2012-04-21,1,1204211,,6.0,12.2,10.0,91.0,,,
2012-04-21,2,1204212,,6.0,12.2,10.0,91.0,,,
2012-04-21,3,1204213,,6.0,12.2,10.0,91.0,,,
2012-04-21,4,1204214,,6.0,12.2,10.0,91.0,,,
2012-04-21,5,1204215,,6.0,12.2,10.0,91.0,,,
2012-04-22,1,1204221,,6.0,9.9875,10.0,80.0,,,
2012-04-22,2,1204222,,6.0,9.9875,10.0,80.0,,,
2012-04-22,3,1204223,,6.0,9.9875,10.0,80.0,,,
2012-04-22,4,1204224,,6.0,9.9875,10.0,80.0,,,
2012-04-22,5,1204225,,6.0,9.9875,10.0,80.0,,,
2012-04-23,1,1204231,,6.0,9.95,10.0,81.0,,,
2012-04-23,2,1204232,,6.0,9.95,10.0,81.0,,,
2012-04-23,3,1204233,,6.0,9.95,10.0,81.0,,,
2012-04-23,4,1204234,,6.0,9.95,10.0,81.0,,,
2012-04-23,5,1204235,,6.0,9.95,10.0,81.0,,,
2012-04-24,1,1204241,,7.0,10.0,8.0,61.0,,,
2012-04-24,2,1204242,,7.0,10.0,8.0,61.0,,,
2012-04-24,3,1204243,,7.0,10.0,8.0,61.0,,,
2012-04-24,4,1204244,,7.0,10.0,8.0,61.0,,,
2012-04-24,5,1204245,,7.0,10.0,8.0,61.0,,,
2012-04-25,1,1204251,,6.0,11.6375,12.0,61.0,,,
2012-04-25,2,1204252,,6.0,11.6375,12.0,61.0,,,
2012-04-25,3,1204253,,6.0,11.6375,12.0,61.0,,,
2012-04-25,4,1204254,,6.0,11.6375,12.0,61.0,,,
2012-04-25,5,1204255,,6.0,11.6375,12.0,61.0,,,
2012-04-26,1,1204261,,6.0,14.1875,14.0,60.0,,,
2012-04-26,2,1204262,,6.0,14.1875,14.0,60.0,,,
2012-04-26,3,1204263,,6.0,14.1875,14.0,60.0,,,
2012-04-26,4,1204264,,6.0,14.1875,14.0,60.0,,,
2012-04-26,5,1204265,,6.0,14.1875,14.0,60.0,,,
2012-04-27,1,1204271,,5.0,14.925,12.0,25.0,,,
2012-04-27,2,1204272,,5.0,14.925,12.0,25.0,,,
2012-04-27,3,1204273,,5.0,14.925,12.0,25.0,,,
2012-04-27,4,1204274,,5.0,14.925,12.0,25.0,,,
2012-04-27,5,1204275,,5.0,14.925,12.0,25.0,,,
2012-04-28,1,1204281,,6.0,9.5125,18.0,61.0,,,
2012-04-28,2,1204282,,6.0,9.5125,18.0,61.0,,,
2012-04-28,3,1204283,,6.0,9.5125,18.0,61.0,,,
2012-04-28,4,1204284,,6.0,9.5125,18.0,61.0,,,
2012-04-28,5,1204285,,6.0,9.5125,18.0,61.0,,,
2012-04-29,1,1204291,,7.0,11.4625,23.0,61.0,,,
2012-04-29,2,1204292,,7.0,11.4625,23.0,61.0,,,
2012-04-29,3,1204293,,7.0,11.4625,23.0,61.0,,,
2012-04-29,4,1204294,,7.0,11.4625,23.0,61.0,,,
2012-04-29,5,1204295,,7.0,11.4625,23.0,61.0,,,
2012-04-30,1,1204301,,3.0,16.2375,8.0,61.0,,,
2012-04-30,2,1204302,,3.0,16.2375,8.0,61.0,,,
2012-04-30,3,1204303,,3.0,16.2375,8.0,61.0,,,
2012-04-30,4,1204304,,3.0,16.2375,8.0,61.0,,,
2012-04-30,5,1204305,,3.0,16.2375,8.0,61.0,,,
2012-05-01,1,1205011,,5.0,13.4125,19.0,61.0,,,
2012-05-01,2,1205012,,5.0,13.4125,19.0,61.0,,,
2012-05-01,3,1205013,,5.0,13.4125,19.0,61.0,,,
2012-05-01,4,1205014,,5.0,13.4125,19.0,61.0,,,
2012-05-01,5,1205015,,5.0,13.4125,19.0,61.0,,,
2012-05-02,1,1205021,,1.0,13.45,12.0,61.0,,,
2012-05-02,2,1205022,,1.0,13.45,12.0,61.0,,,
2012-05-02,3,1205023,,1.0,13.45,12.0,61.0,,,
2012-05-02,4,1205024,,1.0,13.45,12.0,61.0,,,
2012-05-02,5,1205025,,1.0,13.45,12.0,61.0,,,
2012-05-03,1,1205031,,6.0,16.6,8.0,61.0,,,
2012-05-03,2,1205032,,6.0,16.6,8.0,61.0,,,
2012-05-03,3,1205033,,6.0,16.6,8.0,61.0,,,
2012-05-03,4,1205034,,6.0,16.6,8.0,61.0,,,
2012-05-03,5,1205035,,6.0,16.6,8.0,61.0,,,
2012-05-04,1,1205041,,7.0,12.65,10.0,80.0,,,
2012-05-04,2,1205042,,7.0,12.65,10.0,80.0,,,
2012-05-04,3,1205043,,7.0,12.65,10.0,80.0,,,
2012-05-04,4,1205044,,7.0,12.65,10.0,80.0,,,
2012-05-04,5,1205045,,7.0,12.65,10.0,80.0,,,
2012-05-05,1,1205051,,2.0,10.5,8.0,80.0,,,
2012-05-05,2,1205052,,2.0,10.5,8.0,80.0,,,
2012-05-05,3,1205053,,2.0,10.5,8.0,80.0,,,
2012-05-05,4,1205054,,2.0,10.5,8.0,80.0,,,
2012-05-05,5,1205055,,2.0,10.5,8.0,80.0,,,
2012-05-06,1,1205061,,5.0,8.6,8.0,80.0,,,
2012-05-06,2,1205062,,5.0,8.6,8.0,80.0,,,
2012-05-06,3,1205063,,5.0,8.6,8.0,80.0,,,
2012-05-06,4,1205064,,5.0,8.6,8.0,80.0,,,
2012-05-06,5,1205065,,5.0,8.6,8.0,80.0,,,
2012-05-07,1,1205071,,7.0,7.575,6.0,61.0,,,
2012-05-07,2,1205072,,7.0,7.575,6.0,61.0,,,
2012-05-07,3,1205073,,7.0,7.575,6.0,61.0,,,
2012-05-07,4,1205074,,7.0,7.575,6.0,61.0,,,
2012-05-07,5,1205075,,7.0,7.575,6.0,61.0,,,
2012-05-08,1,1205081,,6.0,16.075,8.0,61.0,,,
2012-05-08,2,1205082,,6.0,16.075,8.0,61.0,,,
2012-05-08,3,1205083,,6.0,16.075,8.0,61.0,,,
2012-05-08,4,1205084,,6.0,16.075,8.0,61.0,,,
2012-05-08,5,1205085,,6.0,16.075,8.0,61.0,,,
2012-05-09,1,1205091,,6.0,16.85,10.0,81.0,,,
2012-05-09,2,1205092,,6.0,16.85,10.0,81.0,,,
2012-05-09,3,1205093,,6.0,16.85,10.0,81.0,,,
2012-05-09,4,1205094,,6.0,16.85,10.0,81.0,,,
2012-05-09,5,1205095,,6.0,16.85,10.0,81.0,,,
2012-05-10,1,1205101,,7.0,17.85,12.0,61.0,,,
2012-05-10,2,1205102,,7.0,17.85,12.0,61.0,,,
2012-05-10,3,1205103,,7.0,17.85,12.0,61.0,,,
2012-05-10,4,1205104,,7.0,17.85,12.0,61.0,,,
2012-05-10,5,1205105,,7.0,17.85,12.0,61.0,,,
2012-05-11,1,1205111,,5.0,16.525,19.0,61.0,,,
2012-05-11,2,1205112,,5.0,16.525,19.0,61.0,,,
2012-05-11,3,1205113,,5.0,16.525,19.0,61.0,,,
2012-05-11,4,1205114,,5.0,16.525,19.0,61.0,,,
2012-05-11,5,1205115,,5.0,16.525,19.0,61.0,,,
2012-05-12,1,1205121,,5.0,9.3875,23.0,80.0,,,
2012-05-12,2,1205122,,5.0,9.3875,23.0,80.0,,,
2012-05-12,3,1205123,,5.0,9.3875,23.0,80.0,,,
2012-05-12,4,1205124,,5.0,9.3875,23.0,80.0,,,
2012-05-12,5,1205125,,5.0,9.3875,23.0,80.0,,,
2012-05-13,1,1205131,,6.0,11.0125,10.0,80.0,,,
2012-05-13,2,1205132,,6.0,11.0125,10.0,80.0,,,
2012-05-13,3,1205133,,6.0,11.0125,10.0,80.0,,,
2012-05-13,4,1205134,,6.0,11.0125,10.0,80.0,,,
2012-05-13,5,1205135,,6.0,11.0125,10.0,80.0,,,
2012-05-14,1,1205141,,6.0,14.525,12.0,80.0,,,
2012-05-14,2,1205142,,6.0,14.525,12.0,80.0,,,
2012-05-14,3,1205143,,6.0,14.525,12.0,80.0,,,
2012-05-14,4,1205144,,6.0,14.525,12.0,80.0,,,
2012-05-14,5,1205145,,6.0,14.525,12.0,80.0,,,
2012-05-15,1,1205151,,7.0,11.45,10.0,80.0,,,
2012-05-15,2,1205152,,7.0,11.45,10.0,80.0,,,
2012-05-15,3,1205153,,7.0,11.45,10.0,80.0,,,
2012-05-15,4,1205154,,7.0,11.45,10.0,80.0,,,
2012-05-15,5,1205155,,7.0,11.45,10.0,80.0,,,
2012-05-16,1,1205161,,6.0,8.8875,19.0,80.0,,,
2012-05-16,2,1205162,,6.0,8.8875,19.0,80.0,,,
2012-05-16,3,1205163,,6.0,8.8875,19.0,80.0,,,
2012-05-16,4,1205164,,6.0,8.8875,19.0,80.0,,,
2012-05-16,5,1205165,,6.0,8.8875,19.0,80.0,,,
2012-05-17,1,1205171,,4.0,10.8125,18.0,3.0,,,
2012-05-17,2,1205172,,4.0,10.8125,18.0,3.0,,,
2012-05-17,3,1205173,,4.0,10.8125,18.0,3.0,,,
2012-05-17,4,1205174,,4.0,10.8125,18.0,3.0,,,
2012-05-17,5,1205175,,4.0,10.8125,18.0,3.0,,,
2012-05-18,1,1205181,,6.0,16.2125,10.0,3.0,,,
2012-05-18,2,1205182,,6.0,16.2125,10.0,3.0,,,
2012-05-18,3,1205183,,6.0,16.2125,10.0,3.0,,,
2012-05-18,4,1205184,,6.0,16.2125,10.0,3.0,,,
2012-05-18,5,1205185,,6.0,16.2125,10.0,3.0,,,
2012-05-19,1,1205191,,5.0,17.7625,6.0,3.0,,,
2012-05-19,2,1205192,,5.0,17.7625,6.0,3.0,,,
2012-05-19,3,1205193,,5.0,17.7625,6.0,3.0,,,
2012-05-19,4,1205194,,5.0,17.7625,6.0,3.0,,,
2012-05-19,5,1205195,,5.0,17.7625,6.0,3.0,,,
2012-05-20,1,1205201,,6.0,18.475,10.0,3.0,,,
2012-05-20,2,1205202,,6.0,18.475,10.0,3.0,,,
2012-05-20,3,1205203,,6.0,18.475,10.0,3.0,,,
2012-05-20,4,1205204,,6.0,18.475,10.0,3.0,,,
2012-05-20,5,1205205,,6.0,18.475,10.0,3.0,,,
2012-05-21,1,1205211,,5.0,18.514285,14.0,3.0,,,
2012-05-21,2,1205212,,5.0,18.514285,14.0,3.0,,,
2012-05-21,3,1205213,,5.0,18.514285,14.0,3.0,,,
2012-05-21,4,1205214,,5.0,18.514285,14.0,3.0,,,
2012-05-21,5,1205215,,5.0,18.514285,14.0,3.0,,,
2012-05-22,1,1205221,,4.0,19.2,12.0,3.0,,,
2012-05-22,2,1205222,,4.0,19.2,12.0,3.0,,,
2012-05-22,3,1205223,,4.0,19.2,12.0,3.0,,,
2012-05-22,4,1205224,,4.0,19.2,12.0,3.0,,,
2012-05-22,5,1205225,,4.0,19.2,12.0,3.0,,,
2012-05-23,1,1205231,,4.0,18.2375,14.0,3.0,,,
2012-05-23,2,1205232,,4.0,18.2375,14.0,3.0,,,
2012-05-23,3,1205233,,4.0,18.2375,14.0,3.0,,,
2012-05-23,4,1205234,,4.0,18.2375,14.0,3.0,,,
2012-05-23,5,1205235,,4.0,18.2375,14.0,3.0,,,
2012-05-24,1,1205241,,0.0,18.8625,12.0,3.0,,,
2012-05-24,2,1205242,,0.0,18.8625,12.0,3.0,,,
2012-05-24,3,1205243,,0.0,18.8625,12.0,3.0,,,
2012-05-24,4,1205244,,0.0,18.8625,12.0,3.0,,,
2012-05-24,5,1205245,,0.0,18.8625,12.0,3.0,,,
2012-05-25,1,1205251,,0.0,19.85,10.0,3.0,,,
2012-05-25,2,1205252,,0.0,19.85,10.0,3.0,,,
2012-05-25,3,1205253,,0.0,19.85,10.0,3.0,,,
2012-05-25,4,1205254,,0.0,19.85,10.0,3.0,,,
2012-05-25,5,1205255,,0.0,19.85,10.0,3.0,,,
2012-05-26,1,1205261,,4.0,21.45,8.0,3.0,,,
2012-05-26,2,1205262,,4.0,21.45,8.0,3.0,,,
2012-05-26,3,1205263,,4.0,21.45,8.0,3.0,,,
2012-05-26,4,1205264,,4.0,21.45,8.0,3.0,,,
2012-05-26,5,1205265,,4.0,21.45,8.0,3.0,,,
2012-05-27,1,1205271,,1.0,19.875,10.0,3.0,,,
2012-05-27,2,1205272,,1.0,19.875,10.0,3.0,,,
2012-05-27,3,1205273,,1.0,19.875,10.0,3.0,,,
2012-05-27,4,1205274,,1.0,19.875,10.0,3.0,,,
2012-05-27,5,1205275,,1.0,19.875,10.0,3.0,,,
2012-05-28,1,1205281,,2.0,22.8375,14.0,3.0,,,
2012-05-28,2,1205282,,2.0,22.8375,14.0,3.0,,,
2012-05-28,3,1205283,,2.0,22.8375,14.0,3.0,,,
2012-05-28,4,1205284,,2.0,22.8375,14.0,3.0,,,
2012-05-28,5,1205285,,2.0,22.8375,14.0,3.0,,,
2012-05-29,1,1205291,,4.0,15.35,12.0,3.0,,,
2012-05-29,2,1205292,,4.0,15.35,12.0,3.0,,,
2012-05-29,3,1205293,,4.0,15.35,12.0,3.0,,,
2012-05-29,4,1205294,,4.0,15.35,12.0,3.0,,,
2012-05-29,5,1205295,,4.0,15.35,12.0,3.0,,,
2012-05-30,1,1205301,,6.0,12.9375,14.0,3.0,,,
2012-05-30,2,1205302,,6.0,12.9375,14.0,3.0,,,
2012-05-30,3,1205303,,6.0,12.9375,14.0,3.0,,,
2012-05-30,4,1205304,,6.0,12.9375,14.0,3.0,,,
2012-05-30,5,1205305,,6.0,12.9375,14.0,3.0,,,
2012-05-31,1,1205311,,7.0,13.2625,10.0,61.0,,,
2012-05-31,2,1205312,,7.0,13.2625,10.0,61.0,,,
2012-05-31,3,1205313,,7.0,13.2625,10.0,61.0,,,
2012-05-31,4,1205314,,7.0,13.2625,10.0,61.0,,,
2012-05-31,5,1205315,,7.0,13.2625,10.0,61.0,,,
2012-06-01,1,1206011,,4.0,12.8875,19.0,25.0,,,
2012-06-01,2,1206012,,4.0,12.8875,19.0,25.0,,,
2012-06-01,3,1206013,,4.0,12.8875,19.0,25.0,,,
2012-06-01,4,1206014,,4.0,12.8875,19.0,25.0,,,
2012-06-01,5,1206015,,4.0,12.8875,19.0,25.0,,,
2012-06-02,1,1206021,,4.0,12.4625,16.0,25.0,,,
2012-06-02,2,1206022,,4.0,12.4625,16.0,25.0,,,
2012-06-02,3,1206023,,4.0,12.4625,16.0,25.0,,,
2012-06-02,4,1206024,,4.0,12.4625,16.0,25.0,,,
2012-06-02,5,1206025,,4.0,12.4625,16.0,25.0,,,
2012-06-03,1,1206031,,7.0,12.35,12.0,25.0,,,
2012-06-03,2,1206032,,7.0,12.35,12.0,25.0,,,
2012-06-03,3,1206033,,7.0,12.35,12.0,25.0,,,
2012-06-03,4,1206034,,7.0,12.35,12.0,25.0,,,
2012-06-03,5,1206035,,7.0,12.35,12.0,25.0,,,
2012-06-04,1,1206041,,7.0,13.2125,14.0,25.0,,,
2012-06-04,2,1206042,,7.0,13.2125,14.0,25.0,,,
2012-06-04,3,1206043,,7.0,13.2125,14.0,25.0,,,
2012-06-04,4,1206044,,7.0,13.2125,14.0,25.0,,,
2012-06-04,5,1206045,,7.0,13.2125,14.0,25.0,,,
2012-06-05,1,1206051,,5.0,13.2125,16.0,25.0,,,
2012-06-05,2,1206052,,5.0,13.2125,16.0,25.0,,,
2012-06-05,3,1206053,,5.0,13.2125,16.0,25.0,,,
2012-06-05,4,1206054,,5.0,13.2125,16.0,25.0,,,
2012-06-05,5,1206055,,5.0,13.2125,16.0,25.0,,,
2012-06-06,1,1206061,,7.0,13.8375,10.0,61.0,,,
2012-06-06,2,1206062,,7.0,13.8375,10.0,61.0,,,
2012-06-06,3,1206063,,7.0,13.8375,10.0,61.0,,,
2012-06-06,4,1206064,,7.0,13.8375,10.0,61.0,,,
2012-06-06,5,1206065,,7.0,13.8375,10.0,61.0,,,
2012-06-07,1,1206071,,7.0,15.1875,10.0,51.0,,,
2012-06-07,2,1206072,,7.0,15.1875,10.0,51.0,,,
2012-06-07,3,1206073,,7.0,15.1875,10.0,51.0,,,
2012-06-07,4,1206074,,7.0,15.1875,10.0,51.0,,,
2012-06-07,5,1206075,,7.0,15.1875,10.0,51.0,,,
2012-06-08,1,1206081,,4.0,19.3375,12.0,95.0,,,
2012-06-08,2,1206082,,4.0,19.3375,12.0,95.0,,,
2012-06-08,3,1206083,,4.0,19.3375,12.0,95.0,,,
2012-06-08,4,1206084,,4.0,19.3375,12.0,95.0,,,
2012-06-08,5,1206085,,4.0,19.3375,12.0,95.0,,,
2012-06-09,1,1206091,,6.0,14.6,14.0,61.0,,,
2012-06-09,2,1206092,,6.0,14.6,14.0,61.0,,,
2012-06-09,3,1206093,,6.0,14.6,14.0,61.0,,,
2012-06-09,4,1206094,,6.0,14.6,14.0,61.0,,,
2012-06-09,5,1206095,,6.0,14.6,14.0,61.0,,,
2012-06-10,1,1206101,,6.0,15.0,16.0,51.0,,,
2012-06-10,2,1206102,,6.0,15.0,16.0,51.0,,,
2012-06-10,3,1206103,,6.0,15.0,16.0,51.0,,,
2012-06-10,4,1206104,,6.0,15.0,16.0,51.0,,,
2012-06-10,5,1206105,,6.0,15.0,16.0,51.0,,,
2012-06-11,1,1206111,,3.0,16.525,8.0,51.0,,,
2012-06-11,2,1206112,,3.0,16.525,8.0,51.0,,,
2012-06-11,3,1206113,,3.0,16.525,8.0,51.0,,,
2012-06-11,4,1206114,,3.0,16.525,8.0,51.0,,,
2012-06-11,5,1206115,,3.0,16.525,8.0,51.0,,,
2012-06-12,1,1206121,,7.0,14.1125,6.0,63.0,,,
2012-06-12,2,1206122,,7.0,14.1125,6.0,63.0,,,
2012-06-12,3,1206123,,7.0,14.1125,6.0,63.0,,,
2012-06-12,4,1206124,,7.0,14.1125,6.0,63.0,,,
2012-06-12,5,1206125,,7.0,14.1125,6.0,63.0,,,
2012-06-13,1,1206131,,4.0,15.1625,12.0,63.0,,,
2012-06-13,2,1206132,,4.0,15.1625,12.0,63.0,,,
2012-06-13,3,1206133,,4.0,15.1625,12.0,63.0,,,
2012-06-13,4,1206134,,4.0,15.1625,12.0,63.0,,,
2012-06-13,5,1206135,,4.0,15.1625,12.0,63.0,,,
2012-06-14,1,1206141,,6.0,14.05,12.0,63.0,,,
2012-06-14,2,1206142,,6.0,14.05,12.0,63.0,,,
2012-06-14,3,1206143,,6.0,14.05,12.0,63.0,,,
2012-06-14,4,1206144,,6.0,14.05,12.0,63.0,,,
2012-06-14,5,1206145,,6.0,14.05,12.0,63.0,,,
2012-06-15,1,1206151,,7.0,18.3125,8.0,63.0,,,
2012-06-15,2,1206152,,7.0,18.3125,8.0,63.0,,,
2012-06-15,3,1206153,,7.0,18.3125,8.0,63.0,,,
2012-06-15,4,1206154,,7.0,18.3125,8.0,63.0,,,
2012-06-15,5,1206155,,7.0,18.3125,8.0,63.0,,,
2012-06-16,1,1206161,,6.0,18.4625,10.0,25.0,1.0,,
2012-06-16,2,1206162,,6.0,18.4625,10.0,25.0,1.0,,
2012-06-16,3,1206163,,6.0,18.4625,10.0,25.0,1.0,,
2012-06-16,4,1206164,,6.0,18.4625,10.0,25.0,1.0,,
2012-06-16,5,1206165,,6.0,18.4625,10.0,25.0,1.0,,
2012-06-17,1,1206171,,6.0,16.9625,14.0,25.0,1.0,,
2012-06-17,2,1206172,,6.0,16.9625,14.0,25.0,1.0,,
2012-06-17,3,1206173,,6.0,16.9625,14.0,25.0,1.0,,
2012-06-17,4,1206174,,6.0,16.9625,14.0,25.0,1.0,,
2012-06-17,5,1206175,,6.0,16.9625,14.0,25.0,1.0,,
2012-06-18,1,1206181,,6.0,19.5875,19.0,95.0,1.0,,
2012-06-18,2,1206182,,6.0,19.5875,19.0,95.0,1.0,,
2012-06-18,3,1206183,,6.0,19.5875,19.0,95.0,1.0,,
2012-06-18,4,1206184,,6.0,19.5875,19.0,95.0,1.0,,
2012-06-18,5,1206185,,6.0,19.5875,19.0,95.0,1.0,,
2012-06-19,1,1206191,,6.0,17.3125,6.0,95.0,1.0,,
2012-06-19,2,1206192,,6.0,17.3125,6.0,95.0,1.0,,
2012-06-19,3,1206193,,6.0,17.3125,6.0,95.0,1.0,,
2012-06-19,4,1206194,,6.0,17.3125,6.0,95.0,1.0,,
2012-06-19,5,1206195,,6.0,17.3125,6.0,95.0,1.0,,
2012-06-20,1,1206201,,6.0,17.65,12.0,95.0,1.0,,
2012-06-20,2,1206202,,6.0,17.65,12.0,95.0,1.0,,
2012-06-20,3,1206203,,6.0,17.65,12.0,95.0,1.0,,
2012-06-20,4,1206204,,6.0,17.65,12.0,95.0,1.0,,
2012-06-20,5,1206205,,6.0,17.65,12.0,95.0,1.0,,
2012-06-21,1,1206211,,4.0,18.5125,16.0,95.0,1.0,,
2012-06-21,2,1206212,,4.0,18.5125,16.0,95.0,1.0,,
2012-06-21,3,1206213,,4.0,18.5125,16.0,95.0,1.0,,
2012-06-21,4,1206214,,4.0,18.5125,16.0,95.0,1.0,,
2012-06-21,5,1206215,,4.0,18.5125,16.0,95.0,1.0,,
2012-06-22,1,1206221,,4.0,18.325,14.0,29.0,1.0,,
2012-06-22,2,1206222,,4.0,18.325,14.0,29.0,1.0,,
2012-06-22,3,1206223,,4.0,18.325,14.0,29.0,1.0,,
2012-06-22,4,1206224,,4.0,18.325,14.0,29.0,1.0,,
2012-06-22,5,1206225,,4.0,18.325,14.0,29.0,1.0,,
2012-06-23,1,1206231,,6.0,16.8875,12.0,80.0,1.0,,
2012-06-23,2,1206232,,6.0,16.8875,12.0,80.0,1.0,,
2012-06-23,3,1206233,,6.0,16.8875,12.0,80.0,1.0,,
2012-06-23,4,1206234,,6.0,16.8875,12.0,80.0,1.0,,
2012-06-23,5,1206235,,6.0,16.8875,12.0,80.0,1.0,,
2012-06-24,1,1206241,,8.0,12.875,12.0,63.0,1.0,,
2012-06-24,2,1206242,,8.0,12.875,12.0,63.0,1.0,,
2012-06-24,3,1206243,,8.0,12.875,12.0,63.0,1.0,,
2012-06-24,4,1206244,,8.0,12.875,12.0,63.0,1.0,,
2012-06-24,5,1206245,,8.0,12.875,12.0,63.0,1.0,,
2012-06-25,1,1206251,,6.0,13.8875,18.0,80.0,0.0,,
2012-06-25,2,1206252,,6.0,13.8875,18.0,80.0,0.0,,
2012-06-25,3,1206253,,6.0,13.8875,18.0,80.0,0.0,,
2012-06-25,4,1206254,,6.0,13.8875,18.0,80.0,0.0,,
2012-06-25,5,1206255,,6.0,13.8875,18.0,80.0,0.0,,
2012-06-26,1,1206261,,6.0,14.3,18.0,20.0,0.0,,
2012-06-26,2,1206262,,6.0,14.3,18.0,20.0,0.0,,
2012-06-26,3,1206263,,6.0,14.3,18.0,20.0,0.0,,
2012-06-26,4,1206264,,6.0,14.3,18.0,20.0,0.0,,
2012-06-26,5,1206265,,6.0,14.3,18.0,20.0,0.0,,
2012-06-27,1,1206271,,8.0,14.5625,10.0,20.0,0.0,,
2012-06-27,2,1206272,,8.0,14.5625,10.0,20.0,0.0,,
2012-06-27,3,1206273,,8.0,14.5625,10.0,20.0,0.0,,
2012-06-27,4,1206274,,8.0,14.5625,10.0,20.0,0.0,,
2012-06-27,5,1206275,,8.0,14.5625,10.0,20.0,0.0,,
2012-06-28,1,1206281,,6.0,18.2625,8.0,20.0,0.0,,
2012-06-28,2,1206282,,6.0,18.2625,8.0,20.0,0.0,,
2012-06-28,3,1206283,,6.0,18.2625,8.0,20.0,0.0,,
2012-06-28,4,1206284,,6.0,18.2625,8.0,20.0,0.0,,
2012-06-28,5,1206285,,6.0,18.2625,8.0,20.0,0.0,,
2012-06-29,1,1206291,,6.0,22.75,8.0,95.0,0.0,,
2012-06-29,2,1206292,,6.0,22.75,8.0,95.0,0.0,,
2012-06-29,3,1206293,,6.0,22.75,8.0,95.0,0.0,,
2012-06-29,4,1206294,,6.0,22.75,8.0,95.0,0.0,,
2012-06-29,5,1206295,,6.0,22.75,8.0,95.0,0.0,,
2012-06-30,1,1206301,,5.0,23.1375,10.0,95.0,0.0,,
2012-06-30,2,1206302,,5.0,23.1375,10.0,95.0,0.0,,
2012-06-30,3,1206303,,5.0,23.1375,10.0,95.0,0.0,,
2012-06-30,4,1206304,,5.0,23.1375,10.0,95.0,0.0,,
2012-06-30,5,1206305,,5.0,23.1375,10.0,95.0,0.0,,
2012-07-01,1,1207011,,4.0,19.5125,14.0,95.0,0.0,,
2012-07-01,2,1207012,,4.0,19.5125,14.0,95.0,0.0,,
2012-07-01,3,1207013,,4.0,19.5125,14.0,95.0,0.0,,
2012-07-01,4,1207014,,4.0,19.5125,14.0,95.0,0.0,,
2012-07-01,5,1207015,,4.0,19.5125,14.0,95.0,0.0,,
2012-07-02,1,1207021,,6.0,19.4375,10.0,95.0,0.0,,
2012-07-02,2,1207022,,6.0,19.4375,10.0,95.0,0.0,,
2012-07-02,3,1207023,,6.0,19.4375,10.0,95.0,0.0,,
2012-07-02,4,1207024,,6.0,19.4375,10.0,95.0,0.0,,
2012-07-02,5,1207025,,6.0,19.4375,10.0,95.0,0.0,,
2012-07-03,1,1207031,,3.0,20.5375,12.0,95.0,0.0,,
2012-07-03,2,1207032,,3.0,20.5375,12.0,95.0,0.0,,
2012-07-03,3,1207033,,3.0,20.5375,12.0,95.0,0.0,,
2012-07-03,4,1207034,,3.0,20.5375,12.0,95.0,0.0,,
2012-07-03,5,1207035,,3.0,20.5375,12.0,95.0,0.0,,
2012-07-04,1,1207041,,5.0,19.95,12.0,95.0,0.0,,
2012-07-04,2,1207042,,5.0,19.95,12.0,95.0,0.0,,
2012-07-04,3,1207043,,5.0,19.95,12.0,95.0,0.0,,
2012-07-04,4,1207044,,5.0,19.95,12.0,95.0,0.0,,
2012-07-04,5,1207045,,5.0,19.95,12.0,95.0,0.0,,
2012-07-05,1,1207051,,7.0,17.2625,12.0,10.0,0.0,,
2012-07-05,2,1207052,,7.0,17.2625,12.0,10.0,0.0,,
2012-07-05,3,1207053,,7.0,17.2625,12.0,10.0,0.0,,
2012-07-05,4,1207054,,7.0,17.2625,12.0,10.0,0.0,,
2012-07-05,5,1207055,,7.0,17.2625,12.0,10.0,0.0,,
2012-07-06,1,1207061,,7.0,18.5375,10.0,60.0,0.0,,
2012-07-06,2,1207062,,7.0,18.5375,10.0,60.0,0.0,,
2012-07-06,3,1207063,,7.0,18.5375,10.0,60.0,0.0,,
2012-07-06,4,1207064,,7.0,18.5375,10.0,60.0,0.0,,
2012-07-06,5,1207065,,7.0,18.5375,10.0,60.0,0.0,,
2012-07-07,1,1207071,,7.0,20.7875,4.0,60.0,0.0,,
2012-07-07,2,1207072,,7.0,20.7875,4.0,60.0,0.0,,
2012-07-07,3,1207073,,7.0,20.7875,4.0,60.0,0.0,,
2012-07-07,4,1207074,,7.0,20.7875,4.0,60.0,0.0,,
2012-07-07,5,1207075,,7.0,20.7875,4.0,60.0,0.0,,
2012-07-08,1,1207081,,5.0,22.975,10.0,95.0,0.0,,
2012-07-08,2,1207082,,5.0,22.975,10.0,95.0,0.0,,
2012-07-08,3,1207083,,5.0,22.975,10.0,95.0,0.0,,
2012-07-08,4,1207084,,5.0,22.975,10.0,95.0,0.0,,
2012-07-08,5,1207085,,5.0,22.975,10.0,95.0,0.0,,
2012-07-09,1,1207091,,7.0,16.5,16.0,61.0,0.0,,
2012-07-09,2,1207092,,7.0,16.5,16.0,61.0,0.0,,
2012-07-09,3,1207093,,7.0,16.5,16.0,61.0,0.0,,
2012-07-09,4,1207094,,7.0,16.5,16.0,61.0,0.0,,
2012-07-09,5,1207095,,7.0,16.5,16.0,61.0,0.0,,
2012-07-10,1,1207101,,6.0,18.825,14.0,1.0,0.0,,
2012-07-10,2,1207102,,6.0,18.825,14.0,1.0,0.0,,
2012-07-10,3,1207103,,6.0,18.825,14.0,1.0,0.0,,
2012-07-10,4,1207104,,6.0,18.825,14.0,1.0,0.0,,
2012-07-10,5,1207105,,6.0,18.825,14.0,1.0,0.0,,
2012-07-11,1,1207111,,6.0,17.15,14.0,29.0,0.0,,
2012-07-11,2,1207112,,6.0,17.15,14.0,29.0,0.0,,
2012-07-11,3,1207113,,6.0,17.15,14.0,29.0,0.0,,
2012-07-11,4,1207114,,6.0,17.15,14.0,29.0,0.0,,
2012-07-11,5,1207115,,6.0,17.15,14.0,29.0,0.0,,
2012-07-12,1,1207121,,5.0,15.4875,14.0,81.0,0.0,,
2012-07-12,2,1207122,,5.0,15.4875,14.0,81.0,0.0,,
2012-07-12,3,1207123,,5.0,15.4875,14.0,81.0,0.0,,
2012-07-12,4,1207124,,5.0,15.4875,14.0,81.0,0.0,,
2012-07-12,5,1207125,,5.0,15.4875,14.0,81.0,0.0,,
2012-07-13,1,1207131,,6.0,17.0875,6.0,21.0,0.0,,
2012-07-13,2,1207132,,6.0,17.0875,6.0,21.0,0.0,,
2012-07-13,3,1207133,,6.0,17.0875,6.0,21.0,0.0,,
2012-07-13,4,1207134,,6.0,17.0875,6.0,21.0,0.0,,
2012-07-13,5,1207135,,6.0,17.0875,6.0,21.0,0.0,,
2012-07-14,1,1207141,,6.0,17.9125,19.0,25.0,0.0,,
2012-07-14,2,1207142,,6.0,17.9125,19.0,25.0,0.0,,
2012-07-14,3,1207143,,6.0,17.9125,19.0,25.0,0.0,,
2012-07-14,4,1207144,,6.0,17.9125,19.0,25.0,0.0,,
2012-07-14,5,1207145,,6.0,17.9125,19.0,25.0,0.0,,
2012-07-15,1,1207151,,5.0,16.375,16.0,25.0,0.0,,
2012-07-15,2,1207152,,5.0,16.375,16.0,25.0,0.0,,
2012-07-15,3,1207153,,5.0,16.375,16.0,25.0,0.0,,
2012-07-15,4,1207154,,5.0,16.375,16.0,25.0,0.0,,
2012-07-15,5,1207155,,5.0,16.375,16.0,25.0,0.0,,
2012-07-16,1,1207161,,5.0,16.875,16.0,80.0,0.0,,
2012-07-16,2,1207162,,5.0,16.875,16.0,80.0,0.0,,
2012-07-16,3,1207163,,5.0,16.875,16.0,80.0,0.0,,
2012-07-16,4,1207164,,5.0,16.875,16.0,80.0,0.0,,
2012-07-16,5,1207165,,5.0,16.875,16.0,80.0,0.0,,
2012-07-17,1,1207171,,5.0,17.1375,18.0,80.0,0.0,,
2012-07-17,2,1207172,,5.0,17.1375,18.0,80.0,0.0,,
2012-07-17,3,1207173,,5.0,17.1375,18.0,80.0,0.0,,
2012-07-17,4,1207174,,5.0,17.1375,18.0,80.0,0.0,,
2012-07-17,5,1207175,,5.0,17.1375,18.0,80.0,0.0,,
2012-07-18,1,1207181,,7.0,16.95,6.0,63.0,0.0,,
2012-07-18,2,1207182,,7.0,16.95,6.0,63.0,0.0,,
2012-07-18,3,1207183,,7.0,16.95,6.0,63.0,0.0,,
2012-07-18,4,1207184,,7.0,16.95,6.0,63.0,0.0,,
2012-07-18,5,1207185,,7.0,16.95,6.0,63.0,0.0,,
2012-07-19,1,1207191,,7.0,15.8125,16.0,81.0,0.0,,
2012-07-19,2,1207192,,7.0,15.8125,16.0,81.0,0.0,,
2012-07-19,3,1207193,,7.0,15.8125,16.0,81.0,0.0,,
2012-07-19,4,1207194,,7.0,15.8125,16.0,81.0,0.0,,
2012-07-19,5,1207195,,7.0,15.8125,16.0,81.0,0.0,,
2012-07-20,1,1207201,,6.0,15.25,16.0,80.0,0.0,,
2012-07-20,2,1207202,,6.0,15.25,16.0,80.0,0.0,,
2012-07-20,3,1207203,,6.0,15.25,16.0,80.0,0.0,,
2012-07-20,4,1207204,,6.0,15.25,16.0,80.0,0.0,,
2012-07-20,5,1207205,,6.0,15.25,16.0,80.0,0.0,,
2012-07-21,1,1207211,,6.0,16.1625,16.0,80.0,0.0,,
2012-07-21,2,1207212,,6.0,16.1625,16.0,80.0,0.0,,
2012-07-21,3,1207213,,6.0,16.1625,16.0,80.0,0.0,,
2012-07-21,4,1207214,,6.0,16.1625,16.0,80.0,0.0,,
2012-07-21,5,1207215,,6.0,16.1625,16.0,80.0,0.0,,
2012-07-22,1,1207221,,4.0,18.325,12.0,80.0,0.0,,
2012-07-22,2,1207222,,4.0,18.325,12.0,80.0,0.0,,
2012-07-22,3,1207223,,4.0,18.325,12.0,80.0,0.0,,
2012-07-22,4,1207224,,4.0,18.325,12.0,80.0,0.0,,
2012-07-22,5,1207225,,4.0,18.325,12.0,80.0,0.0,,
2012-07-23,1,1207231,,2.0,22.483333,12.0,80.0,0.0,,
2012-07-23,2,1207232,,2.0,22.483333,12.0,80.0,0.0,,
2012-07-23,3,1207233,,2.0,22.483333,12.0,80.0,0.0,,
2012-07-23,4,1207234,,2.0,22.483333,12.0,80.0,0.0,,
2012-07-23,5,1207235,,2.0,22.483333,12.0,80.0,0.0,,
2012-07-24,1,1207241,,2.0,24.066666499999997,10.0,80.0,0.0,,
2012-07-24,2,1207242,,2.0,24.066666499999997,10.0,80.0,0.0,,
2012-07-24,3,1207243,,2.0,24.066666499999997,10.0,80.0,0.0,,
2012-07-24,4,1207244,,2.0,24.066666499999997,10.0,80.0,0.0,,
2012-07-24,5,1207245,,2.0,24.066666499999997,10.0,80.0,0.0,,
2012-07-25,1,1207251,,1.0,25.65,8.0,80.0,0.0,,
2012-07-25,2,1207252,,1.0,25.65,8.0,80.0,0.0,,
2012-07-25,3,1207253,,1.0,25.65,8.0,80.0,0.0,,
2012-07-25,4,1207254,,1.0,25.65,8.0,80.0,0.0,,
2012-07-25,5,1207255,,1.0,25.65,8.0,80.0,0.0,,
2012-07-26,1,1207261,,1.0,22.5875,8.0,80.0,0.0,,
2012-07-26,2,1207262,,1.0,22.5875,8.0,80.0,0.0,,
2012-07-26,3,1207263,,1.0,22.5875,8.0,80.0,0.0,,
2012-07-26,4,1207264,,1.0,22.5875,8.0,80.0,0.0,,
2012-07-26,5,1207265,,1.0,22.5875,8.0,80.0,0.0,,
2012-07-27,1,1207271,,1.0,26.075,10.0,80.0,0.0,,
2012-07-27,2,1207272,,1.0,26.075,10.0,80.0,0.0,,
2012-07-27,3,1207273,,1.0,26.075,10.0,80.0,0.0,,
2012-07-27,4,1207274,,1.0,26.075,10.0,80.0,0.0,,
2012-07-27,5,1207275,,1.0,26.075,10.0,80.0,0.0,,
2012-07-28,1,1207281,,7.0,18.95,14.0,63.0,0.0,,
2012-07-28,2,1207282,,7.0,18.95,14.0,63.0,0.0,,
2012-07-28,3,1207283,,7.0,18.95,14.0,63.0,0.0,,
2012-07-28,4,1207284,,7.0,18.95,14.0,63.0,0.0,,
2012-07-28,5,1207285,,7.0,18.95,14.0,63.0,0.0,,
2012-07-29,1,1207291,,7.0,16.0375,8.0,61.0,0.0,,
2012-07-29,2,1207292,,7.0,16.0375,8.0,61.0,0.0,,
2012-07-29,3,1207293,,7.0,16.0375,8.0,61.0,0.0,,
2012-07-29,4,1207294,,7.0,16.0375,8.0,61.0,0.0,,
2012-07-29,5,1207295,,7.0,16.0375,8.0,61.0,0.0,,
2012-07-30,1,1207301,,6.0,15.1875,10.0,95.0,0.0,,
2012-07-30,2,1207302,,6.0,15.1875,10.0,95.0,0.0,,
2012-07-30,3,1207303,,6.0,15.1875,10.0,95.0,0.0,,
2012-07-30,4,1207304,,6.0,15.1875,10.0,95.0,0.0,,
2012-07-30,5,1207305,,6.0,15.1875,10.0,95.0,0.0,,
2012-07-31,1,1207311,,5.0,17.1625,12.0,95.0,0.0,,
2012-07-31,2,1207312,,5.0,17.1625,12.0,95.0,0.0,,
2012-07-31,3,1207313,,5.0,17.1625,12.0,95.0,0.0,,
2012-07-31,4,1207314,,5.0,17.1625,12.0,95.0,0.0,,
2012-07-31,5,1207315,,5.0,17.1625,12.0,95.0,0.0,,
2012-08-01,1,1208011,,6.0,21.0625,6.0,95.0,0.0,,
2012-08-01,2,1208012,,6.0,21.0625,6.0,95.0,0.0,,
2012-08-01,3,1208013,,6.0,21.0625,6.0,95.0,0.0,,
2012-08-01,4,1208014,,6.0,21.0625,6.0,95.0,0.0,,
2012-08-01,5,1208015,,6.0,21.0625,6.0,95.0,0.0,,
2012-08-02,1,1208021,,6.0,22.725,10.0,29.0,0.0,,
2012-08-02,2,1208022,,6.0,22.725,10.0,29.0,0.0,,
2012-08-02,3,1208023,,6.0,22.725,10.0,29.0,0.0,,
2012-08-02,4,1208024,,6.0,22.725,10.0,29.0,0.0,,
2012-08-02,5,1208025,,6.0,22.725,10.0,29.0,0.0,,
2012-08-03,1,1208031,,4.0,20.6875,10.0,91.0,0.0,,
2012-08-03,2,1208032,,4.0,20.6875,10.0,91.0,0.0,,
2012-08-03,3,1208033,,4.0,20.6875,10.0,91.0,0.0,,
2012-08-03,4,1208034,,4.0,20.6875,10.0,91.0,0.0,,
2012-08-03,5,1208035,,4.0,20.6875,10.0,91.0,0.0,,
2012-08-04,1,1208041,,6.0,18.225,6.0,61.0,0.0,,
2012-08-04,2,1208042,,6.0,18.225,6.0,61.0,0.0,,
2012-08-04,3,1208043,,6.0,18.225,6.0,61.0,0.0,,
2012-08-04,4,1208044,,6.0,18.225,6.0,61.0,0.0,,
2012-08-04,5,1208045,,6.0,18.225,6.0,61.0,0.0,,
2012-08-05,1,1208051,,6.0,21.6125,4.0,61.0,0.0,,
2012-08-05,2,1208052,,6.0,21.6125,4.0,61.0,0.0,,
2012-08-05,3,1208053,,6.0,21.6125,4.0,61.0,0.0,,
2012-08-05,4,1208054,,6.0,21.6125,4.0,61.0,0.0,,
2012-08-05,5,1208055,,6.0,21.6125,4.0,61.0,0.0,,
2012-08-06,1,1208061,,5.0,19.575,16.0,80.0,0.0,,
2012-08-06,2,1208062,,5.0,19.575,16.0,80.0,0.0,,
2012-08-06,3,1208063,,5.0,19.575,16.0,80.0,0.0,,
2012-08-06,4,1208064,,5.0,19.575,16.0,80.0,0.0,,
2012-08-06,5,1208065,,5.0,19.575,16.0,80.0,0.0,,
2012-08-07,1,1208071,,6.0,17.3125,14.0,80.0,0.0,,
2012-08-07,2,1208072,,6.0,17.3125,14.0,80.0,0.0,,
2012-08-07,3,1208073,,6.0,17.3125,14.0,80.0,0.0,,
2012-08-07,4,1208074,,6.0,17.3125,14.0,80.0,0.0,,
2012-08-07,5,1208075,,6.0,17.3125,14.0,80.0,0.0,,
2012-08-08,1,1208081,,4.0,17.9,16.0,80.0,0.0,,
2012-08-08,2,1208082,,4.0,17.9,16.0,80.0,0.0,,
2012-08-08,3,1208083,,4.0,17.9,16.0,80.0,0.0,,
2012-08-08,4,1208084,,4.0,17.9,16.0,80.0,0.0,,
2012-08-08,5,1208085,,4.0,17.9,16.0,80.0,0.0,,
2012-08-09,1,1208091,,5.0,18.35,12.0,80.0,0.0,,
2012-08-09,2,1208092,,5.0,18.35,12.0,80.0,0.0,,
2012-08-09,3,1208093,,5.0,18.35,12.0,80.0,0.0,,
2012-08-09,4,1208094,,5.0,18.35,12.0,80.0,0.0,,
2012-08-09,5,1208095,,5.0,18.35,12.0,80.0,0.0,,
2012-08-10,1,1208101,,6.0,17.3,14.0,25.0,0.0,,
2012-08-10,2,1208102,,6.0,17.3,14.0,25.0,0.0,,
2012-08-10,3,1208103,,6.0,17.3,14.0,25.0,0.0,,
2012-08-10,4,1208104,,6.0,17.3,14.0,25.0,0.0,,
2012-08-10,5,1208105,,6.0,17.3,14.0,25.0,0.0,,
2012-08-11,1,1208111,,2.0,18.85,10.0,25.0,0.0,,
2012-08-11,2,1208112,,2.0,18.85,10.0,25.0,0.0,,
2012-08-11,3,1208113,,2.0,18.85,10.0,25.0,0.0,,
2012-08-11,4,1208114,,2.0,18.85,10.0,25.0,0.0,,
2012-08-11,5,1208115,,2.0,18.85,10.0,25.0,0.0,,
2012-08-12,1,1208121,,1.0,19.7875,12.0,25.0,0.0,,
2012-08-12,2,1208122,,1.0,19.7875,12.0,25.0,0.0,,
2012-08-12,3,1208123,,1.0,19.7875,12.0,25.0,0.0,,
2012-08-12,4,1208124,,1.0,19.7875,12.0,25.0,0.0,,
2012-08-12,5,1208125,,1.0,19.7875,12.0,25.0,0.0,,
2012-08-13,1,1208131,,2.0,20.0375,14.0,25.0,0.0,,
2012-08-13,2,1208132,,2.0,20.0375,14.0,25.0,0.0,,
2012-08-13,3,1208133,,2.0,20.0375,14.0,25.0,0.0,,
2012-08-13,4,1208134,,2.0,20.0375,14.0,25.0,0.0,,
2012-08-13,5,1208135,,2.0,20.0375,14.0,25.0,0.0,,
2012-08-14,1,1208141,,2.0,20.1625,12.0,25.0,0.0,,
2012-08-14,2,1208142,,2.0,20.1625,12.0,25.0,0.0,,
2012-08-14,3,1208143,,2.0,20.1625,12.0,25.0,0.0,,
2012-08-14,4,1208144,,2.0,20.1625,12.0,25.0,0.0,,
2012-08-14,5,1208145,,2.0,20.1625,12.0,25.0,0.0,,
2012-08-15,1,1208151,,1.0,20.4,14.0,25.0,0.0,,
2012-08-15,2,1208152,,1.0,20.4,14.0,25.0,0.0,,
2012-08-15,3,1208153,,1.0,20.4,14.0,25.0,0.0,,
2012-08-15,4,1208154,,1.0,20.4,14.0,25.0,0.0,,
2012-08-15,5,1208155,,1.0,20.4,14.0,25.0,0.0,,
2012-08-16,1,1208161,,6.0,17.325,10.0,63.0,0.0,,
2012-08-16,2,1208162,,6.0,17.325,10.0,63.0,0.0,,
2012-08-16,3,1208163,,6.0,17.325,10.0,63.0,0.0,,
2012-08-16,4,1208164,,6.0,17.325,10.0,63.0,0.0,,
2012-08-16,5,1208165,,6.0,17.325,10.0,63.0,0.0,,
2012-08-17,1,1208171,,5.0,21.9375,8.0,63.0,0.0,,
2012-08-17,2,1208172,,5.0,21.9375,8.0,63.0,0.0,,
2012-08-17,3,1208173,,5.0,21.9375,8.0,63.0,0.0,,
2012-08-17,4,1208174,,5.0,21.9375,8.0,63.0,0.0,,
2012-08-17,5,1208175,,5.0,21.9375,8.0,63.0,0.0,,
2012-08-18,1,1208181,,6.0,27.525,8.0,63.0,0.0,,
2012-08-18,2,1208182,,6.0,27.525,8.0,63.0,0.0,,
2012-08-18,3,1208183,,6.0,27.525,8.0,63.0,0.0,,
2012-08-18,4,1208184,,6.0,27.525,8.0,63.0,0.0,,
2012-08-18,5,1208185,,6.0,27.525,8.0,63.0,0.0,,
2012-08-19,1,1208191,,2.0,26.875,8.0,63.0,0.0,,
2012-08-19,2,1208192,,2.0,26.875,8.0,63.0,0.0,,
2012-08-19,3,1208193,,2.0,26.875,8.0,63.0,0.0,,
2012-08-19,4,1208194,,2.0,26.875,8.0,63.0,0.0,,
2012-08-19,5,1208195,,2.0,26.875,8.0,63.0,0.0,,
2012-08-20,1,1208201,,3.0,26.15,16.0,63.0,0.0,,
2012-08-20,2,1208202,,3.0,26.15,16.0,63.0,0.0,,
2012-08-20,3,1208203,,3.0,26.15,16.0,63.0,0.0,,
2012-08-20,4,1208204,,3.0,26.15,16.0,63.0,0.0,,
2012-08-20,5,1208205,,3.0,26.15,16.0,63.0,0.0,,
2012-08-21,1,1208211,,6.0,20.8125,6.0,63.0,0.0,,
2012-08-21,2,1208212,,6.0,20.8125,6.0,63.0,0.0,,
2012-08-21,3,1208213,,6.0,20.8125,6.0,63.0,0.0,,
2012-08-21,4,1208214,,6.0,20.8125,6.0,63.0,0.0,,
2012-08-21,5,1208215,,6.0,20.8125,6.0,63.0,0.0,,
2012-08-22,1,1208221,,4.0,20.0125,18.0,63.0,0.0,,
2012-08-22,2,1208222,,4.0,20.0125,18.0,63.0,0.0,,
2012-08-22,3,1208223,,4.0,20.0125,18.0,63.0,0.0,,
2012-08-22,4,1208224,,4.0,20.0125,18.0,63.0,0.0,,
2012-08-22,5,1208225,,4.0,20.0125,18.0,63.0,0.0,,
2012-08-23,1,1208231,,5.0,19.8375,18.0,80.0,0.0,,
2012-08-23,2,1208232,,5.0,19.8375,18.0,80.0,0.0,,
2012-08-23,3,1208233,,5.0,19.8375,18.0,80.0,0.0,,
2012-08-23,4,1208234,,5.0,19.8375,18.0,80.0,0.0,,
2012-08-23,5,1208235,,5.0,19.8375,18.0,80.0,0.0,,
2012-08-24,1,1208241,,7.0,16.2625,4.0,61.0,0.0,,
2012-08-24,2,1208242,,7.0,16.2625,4.0,61.0,0.0,,
2012-08-24,3,1208243,,7.0,16.2625,4.0,61.0,0.0,,
2012-08-24,4,1208244,,7.0,16.2625,4.0,61.0,0.0,,
2012-08-24,5,1208245,,7.0,16.2625,4.0,61.0,0.0,,
2012-08-25,1,1208251,,6.0,18.8625,8.0,80.0,0.0,,
2012-08-25,2,1208252,,6.0,18.8625,8.0,80.0,0.0,,
2012-08-25,3,1208253,,6.0,18.8625,8.0,80.0,0.0,,
2012-08-25,4,1208254,,6.0,18.8625,8.0,80.0,0.0,,
2012-08-25,5,1208255,,6.0,18.8625,8.0,80.0,0.0,,
2012-08-26,1,1208261,,6.0,17.325,14.0,95.0,0.0,,
2012-08-26,2,1208262,,6.0,17.325,14.0,95.0,0.0,,
2012-08-26,3,1208263,,6.0,17.325,14.0,95.0,0.0,,
2012-08-26,4,1208264,,6.0,17.325,14.0,95.0,0.0,,
2012-08-26,5,1208265,,6.0,17.325,14.0,95.0,0.0,,
2012-08-27,1,1208271,,2.0,17.8625,12.0,95.0,0.0,,
2012-08-27,2,1208272,,2.0,17.8625,12.0,95.0,0.0,,
2012-08-27,3,1208273,,2.0,17.8625,12.0,95.0,0.0,,
2012-08-27,4,1208274,,2.0,17.8625,12.0,95.0,0.0,,
2012-08-27,5,1208275,,2.0,17.8625,12.0,95.0,0.0,,
2012-08-28,1,1208281,,7.0,19.5875,8.0,61.0,0.0,,
2012-08-28,2,1208282,,7.0,19.5875,8.0,61.0,0.0,,
2012-08-28,3,1208283,,7.0,19.5875,8.0,61.0,0.0,,
2012-08-28,4,1208284,,7.0,19.5875,8.0,61.0,0.0,,
2012-08-28,5,1208285,,7.0,19.5875,8.0,61.0,0.0,,
2012-08-29,1,1208291,,4.0,20.6625,8.0,3.0,0.0,,
2012-08-29,2,1208292,,4.0,20.6625,8.0,3.0,0.0,,
2012-08-29,3,1208293,,4.0,20.6625,8.0,3.0,0.0,,
2012-08-29,4,1208294,,4.0,20.6625,8.0,3.0,0.0,,
2012-08-29,5,1208295,,4.0,20.6625,8.0,3.0,0.0,,
2012-08-30,1,1208301,,7.0,19.2375,6.0,3.0,0.0,,
2012-08-30,2,1208302,,7.0,19.2375,6.0,3.0,0.0,,
2012-08-30,3,1208303,,7.0,19.2375,6.0,3.0,0.0,,
2012-08-30,4,1208304,,7.0,19.2375,6.0,3.0,0.0,,
2012-08-30,5,1208305,,7.0,19.2375,6.0,3.0,0.0,,
2012-08-31,1,1208311,,3.0,17.2875,14.0,3.0,0.0,,
2012-08-31,2,1208312,,3.0,17.2875,14.0,3.0,0.0,,
2012-08-31,3,1208313,,3.0,17.2875,14.0,3.0,0.0,,
2012-08-31,4,1208314,,3.0,17.2875,14.0,3.0,0.0,,
2012-08-31,5,1208315,,3.0,17.2875,14.0,3.0,0.0,,
2012-09-01,1,1209011,,6.0,16.6,12.0,3.0,0.0,,
2012-09-01,2,1209012,,6.0,16.6,12.0,3.0,0.0,,
2012-09-01,3,1209013,,6.0,16.6,12.0,3.0,0.0,,
2012-09-01,4,1209014,,6.0,16.6,12.0,3.0,0.0,,
2012-09-01,5,1209015,,6.0,16.6,12.0,3.0,0.0,,
2012-09-02,1,1209021,,6.0,19.15,14.0,3.0,0.0,,
2012-09-02,2,1209022,,6.0,19.15,14.0,3.0,0.0,,
2012-09-02,3,1209023,,6.0,19.15,14.0,3.0,0.0,,
2012-09-02,4,1209024,,6.0,19.15,14.0,3.0,0.0,,
2012-09-02,5,1209025,,6.0,19.15,14.0,3.0,0.0,,
2012-09-03,1,1209031,,4.0,19.475,12.0,3.0,0.0,,
2012-09-03,2,1209032,,4.0,19.475,12.0,3.0,0.0,,
2012-09-03,3,1209033,,4.0,19.475,12.0,3.0,0.0,,
2012-09-03,4,1209034,,4.0,19.475,12.0,3.0,0.0,,
2012-09-03,5,1209035,,4.0,19.475,12.0,3.0,0.0,,
2012-09-04,1,1209041,,4.0,20.5375,14.0,3.0,0.0,,
2012-09-04,2,1209042,,4.0,20.5375,14.0,3.0,0.0,,
2012-09-04,3,1209043,,4.0,20.5375,14.0,3.0,0.0,,
2012-09-04,4,1209044,,4.0,20.5375,14.0,3.0,0.0,,
2012-09-04,5,1209045,,4.0,20.5375,14.0,3.0,0.0,,
2012-09-05,1,1209051,,6.0,17.1375,14.0,80.0,0.0,,
2012-09-05,2,1209052,,6.0,17.1375,14.0,80.0,0.0,,
2012-09-05,3,1209053,,6.0,17.1375,14.0,80.0,0.0,,
2012-09-05,4,1209054,,6.0,17.1375,14.0,80.0,0.0,,
2012-09-05,5,1209055,,6.0,17.1375,14.0,80.0,0.0,,
2012-09-06,1,1209061,,7.0,16.1125,14.0,80.0,0.0,,
2012-09-06,2,1209062,,7.0,16.1125,14.0,80.0,0.0,,
2012-09-06,3,1209063,,7.0,16.1125,14.0,80.0,0.0,,
2012-09-06,4,1209064,,7.0,16.1125,14.0,80.0,0.0,,
2012-09-06,5,1209065,,7.0,16.1125,14.0,80.0,0.0,,
2012-09-07,1,1209071,,7.0,16.125,12.0,58.0,0.0,,
2012-09-07,2,1209072,,7.0,16.125,12.0,58.0,0.0,,
2012-09-07,3,1209073,,7.0,16.125,12.0,58.0,0.0,,
2012-09-07,4,1209074,,7.0,16.125,12.0,58.0,0.0,,
2012-09-07,5,1209075,,7.0,16.125,12.0,58.0,0.0,,
2012-09-08,1,1209081,,5.0,18.4625,16.0,51.0,0.0,,
2012-09-08,2,1209082,,5.0,18.4625,16.0,51.0,0.0,,
2012-09-08,3,1209083,,5.0,18.4625,16.0,51.0,0.0,,
2012-09-08,4,1209084,,5.0,18.4625,16.0,51.0,0.0,,
2012-09-08,5,1209085,,5.0,18.4625,16.0,51.0,0.0,,
2012-09-09,1,1209091,,4.0,21.075,6.0,51.0,0.0,,
2012-09-09,2,1209092,,4.0,21.075,6.0,51.0,0.0,,
2012-09-09,3,1209093,,4.0,21.075,6.0,51.0,0.0,,
2012-09-09,4,1209094,,4.0,21.075,6.0,51.0,0.0,,
2012-09-09,5,1209095,,4.0,21.075,6.0,51.0,0.0,,
2012-09-10,1,1209101,,4.0,23.125,12.0,51.0,0.0,,
2012-09-10,2,1209102,,4.0,23.125,12.0,51.0,0.0,,
2012-09-10,3,1209103,,4.0,23.125,12.0,51.0,0.0,,
2012-09-10,4,1209104,,4.0,23.125,12.0,51.0,0.0,,
2012-09-10,5,1209105,,4.0,23.125,12.0,51.0,0.0,,
2012-09-11,1,1209111,,7.0,17.0875,12.0,61.0,0.0,,
2012-09-11,2,1209112,,7.0,17.0875,12.0,61.0,0.0,,
2012-09-11,3,1209113,,7.0,17.0875,12.0,61.0,0.0,,
2012-09-11,4,1209114,,7.0,17.0875,12.0,61.0,0.0,,
2012-09-11,5,1209115,,7.0,17.0875,12.0,61.0,0.0,,
2012-09-12,1,1209121,,4.0,13.9625,12.0,80.0,0.0,,
2012-09-12,2,1209122,,4.0,13.9625,12.0,80.0,0.0,,
2012-09-12,3,1209123,,4.0,13.9625,12.0,80.0,0.0,,
2012-09-12,4,1209124,,4.0,13.9625,12.0,80.0,0.0,,
2012-09-12,5,1209125,,4.0,13.9625,12.0,80.0,0.0,,
2012-09-13,1,1209131,,3.0,15.1,8.0,80.0,0.0,,
2012-09-13,2,1209132,,3.0,15.1,8.0,80.0,0.0,,
2012-09-13,3,1209133,,3.0,15.1,8.0,80.0,0.0,,
2012-09-13,4,1209134,,3.0,15.1,8.0,80.0,0.0,,
2012-09-13,5,1209135,,3.0,15.1,8.0,80.0,0.0,,
2012-09-14,1,1209141,,8.0,13.7125,16.0,61.0,0.0,,
2012-09-14,2,1209142,,8.0,13.7125,16.0,61.0,0.0,,
2012-09-14,3,1209143,,8.0,13.7125,16.0,61.0,0.0,,
2012-09-14,4,1209144,,8.0,13.7125,16.0,61.0,0.0,,
2012-09-14,5,1209145,,8.0,13.7125,16.0,61.0,0.0,,
2012-09-15,1,1209151,,6.0,15.625,18.0,80.0,0.0,,
2012-09-15,2,1209152,,6.0,15.625,18.0,80.0,0.0,,
2012-09-15,3,1209153,,6.0,15.625,18.0,80.0,0.0,,
2012-09-15,4,1209154,,6.0,15.625,18.0,80.0,0.0,,
2012-09-15,5,1209155,,6.0,15.625,18.0,80.0,0.0,,
2012-09-16,1,1209161,,3.0,18.35,12.0,80.0,0.0,,
2012-09-16,2,1209162,,3.0,18.35,12.0,80.0,0.0,,
2012-09-16,3,1209163,,3.0,18.35,12.0,80.0,0.0,,
2012-09-16,4,1209164,,3.0,18.35,12.0,80.0,0.0,,
2012-09-16,5,1209165,,3.0,18.35,12.0,80.0,0.0,,
2012-09-17,1,1209171,,4.0,17.4375,14.0,25.0,0.0,,
2012-09-17,2,1209172,,4.0,17.4375,14.0,25.0,0.0,,
2012-09-17,3,1209173,,4.0,17.4375,14.0,25.0,0.0,,
2012-09-17,4,1209174,,4.0,17.4375,14.0,25.0,0.0,,
2012-09-17,5,1209175,,4.0,17.4375,14.0,25.0,0.0,,
2012-09-18,1,1209181,,6.0,15.0375,14.0,80.0,0.0,,
2012-09-18,2,1209182,,6.0,15.0375,14.0,80.0,0.0,,
2012-09-18,3,1209183,,6.0,15.0375,14.0,80.0,0.0,,
2012-09-18,4,1209184,,6.0,15.0375,14.0,80.0,0.0,,
2012-09-18,5,1209185,,6.0,15.0375,14.0,80.0,0.0,,
2012-09-19,1,1209191,,5.0,10.6375,16.0,81.0,0.0,,
2012-09-19,2,1209192,,5.0,10.6375,16.0,81.0,0.0,,
2012-09-19,3,1209193,,5.0,10.6375,16.0,81.0,0.0,,
2012-09-19,4,1209194,,5.0,10.6375,16.0,81.0,0.0,,
2012-09-19,5,1209195,,5.0,10.6375,16.0,81.0,0.0,,
2012-09-20,1,1209201,,6.0,11.4875,12.0,80.0,0.0,,
2012-09-20,2,1209202,,6.0,11.4875,12.0,80.0,0.0,,
2012-09-20,3,1209203,,6.0,11.4875,12.0,80.0,0.0,,
2012-09-20,4,1209204,,6.0,11.4875,12.0,80.0,0.0,,
2012-09-20,5,1209205,,6.0,11.4875,12.0,80.0,0.0,,
2012-09-21,1,1209211,,7.0,14.25,14.0,21.0,0.0,,
2012-09-21,2,1209212,,7.0,14.25,14.0,21.0,0.0,,
2012-09-21,3,1209213,,7.0,14.25,14.0,21.0,0.0,,
2012-09-21,4,1209214,,7.0,14.25,14.0,21.0,0.0,,
2012-09-21,5,1209215,,7.0,14.25,14.0,21.0,0.0,,
2012-09-22,1,1209221,,5.0,11.5,14.0,25.0,0.0,,
2012-09-22,2,1209222,,5.0,11.5,14.0,25.0,0.0,,
2012-09-22,3,1209223,,5.0,11.5,14.0,25.0,0.0,,
2012-09-22,4,1209224,,5.0,11.5,14.0,25.0,0.0,,
2012-09-22,5,1209225,,5.0,11.5,14.0,25.0,0.0,,
2012-09-23,1,1209231,,4.0,13.65,10.0,25.0,0.0,,
2012-09-23,2,1209232,,4.0,13.65,10.0,25.0,0.0,,
2012-09-23,3,1209233,,4.0,13.65,10.0,25.0,0.0,,
2012-09-23,4,1209234,,4.0,13.65,10.0,25.0,0.0,,
2012-09-23,5,1209235,,4.0,13.65,10.0,25.0,0.0,,
2012-09-24,1,1209241,,8.0,10.4125,16.0,61.0,0.0,,
2012-09-24,2,1209242,,8.0,10.4125,16.0,61.0,0.0,,
2012-09-24,3,1209243,,8.0,10.4125,16.0,61.0,0.0,,
2012-09-24,4,1209244,,8.0,10.4125,16.0,61.0,0.0,,
2012-09-24,5,1209245,,8.0,10.4125,16.0,61.0,0.0,,
2012-09-25,1,1209251,,7.0,14.925,10.0,80.0,0.0,,
2012-09-25,2,1209252,,7.0,14.925,10.0,80.0,0.0,,
2012-09-25,3,1209253,,7.0,14.925,10.0,80.0,0.0,,
2012-09-25,4,1209254,,7.0,14.925,10.0,80.0,0.0,,
2012-09-25,5,1209255,,7.0,14.925,10.0,80.0,0.0,,
2012-09-26,1,1209261,,7.0,12.5625,6.0,61.0,0.0,,
2012-09-26,2,1209262,,7.0,12.5625,6.0,61.0,0.0,,
2012-09-26,3,1209263,,7.0,12.5625,6.0,61.0,0.0,,
2012-09-26,4,1209264,,7.0,12.5625,6.0,61.0,0.0,,
2012-09-26,5,1209265,,7.0,12.5625,6.0,61.0,0.0,,
2012-09-27,1,1209271,,7.0,13.2,10.0,61.0,0.0,,
2012-09-27,2,1209272,,7.0,13.2,10.0,61.0,0.0,,
2012-09-27,3,1209273,,7.0,13.2,10.0,61.0,0.0,,
2012-09-27,4,1209274,,7.0,13.2,10.0,61.0,0.0,,
2012-09-27,5,1209275,,7.0,13.2,10.0,61.0,0.0,,
2012-09-28,1,1209281,,6.0,13.5625,12.0,61.0,0.0,,
2012-09-28,2,1209282,,6.0,13.5625,12.0,61.0,0.0,,
2012-09-28,3,1209283,,6.0,13.5625,12.0,61.0,0.0,,
2012-09-28,4,1209284,,6.0,13.5625,12.0,61.0,0.0,,
2012-09-28,5,1209285,,6.0,13.5625,12.0,61.0,0.0,,
2012-09-29,1,1209291,,5.0,13.2625,16.0,25.0,0.0,,
2012-09-29,2,1209292,,5.0,13.2625,16.0,25.0,0.0,,
2012-09-29,3,1209293,,5.0,13.2625,16.0,25.0,0.0,,
2012-09-29,4,1209294,,5.0,13.2625,16.0,25.0,0.0,,
2012-09-29,5,1209295,,5.0,13.2625,16.0,25.0,0.0,,
2012-09-30,1,1209301,,4.0,13.875,14.0,25.0,0.0,,
2012-09-30,2,1209302,,4.0,13.875,14.0,25.0,0.0,,
2012-09-30,3,1209303,,4.0,13.875,14.0,25.0,0.0,,
2012-09-30,4,1209304,,4.0,13.875,14.0,25.0,0.0,,
2012-09-30,5,1209305,,4.0,13.875,14.0,25.0,0.0,,
2012-10-01,1,1210011,,7.0,13.8625,10.0,25.0,0.0,,
2012-10-01,2,1210012,,7.0,13.8625,10.0,25.0,0.0,,
2012-10-01,3,1210013,,7.0,13.8625,10.0,25.0,0.0,,
2012-10-01,4,1210014,,7.0,13.8625,10.0,25.0,0.0,,
2012-10-01,5,1210015,,7.0,13.8625,10.0,25.0,0.0,,
2012-10-02,1,1210021,,6.0,15.1625,10.0,10.0,0.0,,
2012-10-02,2,1210022,,6.0,15.1625,10.0,10.0,0.0,,
2012-10-02,3,1210023,,6.0,15.1625,10.0,10.0,0.0,,
2012-10-02,4,1210024,,6.0,15.1625,10.0,10.0,0.0,,
2012-10-02,5,1210025,,6.0,15.1625,10.0,10.0,0.0,,
2012-10-03,1,1210031,,7.0,14.175,12.0,65.0,0.0,,
2012-10-03,2,1210032,,7.0,14.175,12.0,65.0,0.0,,
2012-10-03,3,1210033,,7.0,14.175,12.0,65.0,0.0,,
2012-10-03,4,1210034,,7.0,14.175,12.0,65.0,0.0,,
2012-10-03,5,1210035,,7.0,14.175,12.0,65.0,0.0,,
2012-10-04,1,1210041,,7.0,10.45,10.0,80.0,0.0,,
2012-10-04,2,1210042,,7.0,10.45,10.0,80.0,0.0,,
2012-10-04,3,1210043,,7.0,10.45,10.0,80.0,0.0,,
2012-10-04,4,1210044,,7.0,10.45,10.0,80.0,0.0,,
2012-10-04,5,1210045,,7.0,10.45,10.0,80.0,0.0,,
2012-10-05,1,1210051,,7.0,9.7375,14.0,61.0,0.0,,
2012-10-05,2,1210052,,7.0,9.7375,14.0,61.0,0.0,,
2012-10-05,3,1210053,,7.0,9.7375,14.0,61.0,0.0,,
2012-10-05,4,1210054,,7.0,9.7375,14.0,61.0,0.0,,
2012-10-05,5,1210055,,7.0,9.7375,14.0,61.0,0.0,,
2012-10-06,1,1210061,,6.0,10.637500000000001,13.333333333333334,61.0,0.0,,
2012-10-06,2,1210062,,6.0,10.637500000000001,13.333333333333334,61.0,0.0,,
2012-10-06,3,1210063,,6.0,10.637500000000001,13.333333333333334,61.0,0.0,,
2012-10-06,4,1210064,,6.0,10.637500000000001,13.333333333333334,61.0,0.0,,
2012-10-06,5,1210065,,6.0,10.637500000000001,13.333333333333334,61.0,0.0,,
2012-10-07,1,1210071,,5.0,11.5375,12.666666666666666,61.0,0.0,,
2012-10-07,2,1210072,,5.0,11.5375,12.666666666666666,61.0,0.0,,
2012-10-07,3,1210073,,5.0,11.5375,12.666666666666666,61.0,0.0,,
2012-10-07,4,1210074,,5.0,11.5375,12.666666666666666,61.0,0.0,,
2012-10-07,5,1210075,,5.0,11.5375,12.666666666666666,61.0,0.0,,
2012-10-08,1,1210081,,4.0,12.4375,12.0,80.0,0.0,,
2012-10-08,2,1210082,,4.0,12.4375,12.0,80.0,0.0,,
2012-10-08,3,1210083,,4.0,12.4375,12.0,80.0,0.0,,
2012-10-08,4,1210084,,4.0,12.4375,12.0,80.0,0.0,,
2012-10-08,5,1210085,,4.0,12.4375,12.0,80.0,0.0,,
2012-10-09,1,1210091,,1.0,10.9875,19.0,80.0,0.0,,
2012-10-09,2,1210092,,1.0,10.9875,19.0,80.0,0.0,,
2012-10-09,3,1210093,,1.0,10.9875,19.0,80.0,0.0,,
2012-10-09,4,1210094,,1.0,10.9875,19.0,80.0,0.0,,
2012-10-09,5,1210095,,1.0,10.9875,19.0,80.0,0.0,,
2012-10-10,1,1210101,,5.0,10.1,12.0,80.0,0.0,,
2012-10-10,2,1210102,,5.0,10.1,12.0,80.0,0.0,,
2012-10-10,3,1210103,,5.0,10.1,12.0,80.0,0.0,,
2012-10-10,4,1210104,,5.0,10.1,12.0,80.0,0.0,,
2012-10-10,5,1210105,,5.0,10.1,12.0,80.0,0.0,,
2012-10-11,1,1210111,,4.0,11.4375,6.0,80.0,0.0,,
2012-10-11,2,1210112,,4.0,11.4375,6.0,80.0,0.0,,
2012-10-11,3,1210113,,4.0,11.4375,6.0,80.0,0.0,,
2012-10-11,4,1210114,,4.0,11.4375,6.0,80.0,0.0,,
2012-10-11,5,1210115,,4.0,11.4375,6.0,80.0,0.0,,
2012-10-12,1,1210121,,6.0,10.1375,10.0,61.0,0.0,,
2012-10-12,2,1210122,,6.0,10.1375,10.0,61.0,0.0,,
2012-10-12,3,1210123,,6.0,10.1375,10.0,61.0,0.0,,
2012-10-12,4,1210124,,6.0,10.1375,10.0,61.0,0.0,,
2012-10-12,5,1210125,,6.0,10.1375,10.0,61.0,0.0,,
2012-10-13,1,1210131,,6.0,9.954166666666666,10.0,61.0,0.0,,
2012-10-13,2,1210132,,6.0,9.954166666666666,10.0,61.0,0.0,,
2012-10-13,3,1210133,,6.0,9.954166666666666,10.0,61.0,0.0,,
2012-10-13,4,1210134,,6.0,9.954166666666666,10.0,61.0,0.0,,
2012-10-13,5,1210135,,6.0,9.954166666666666,10.0,61.0,0.0,,
2012-10-14,1,1210141,,6.0,9.770833333333334,10.0,61.0,0.0,,
2012-10-14,2,1210142,,6.0,9.770833333333334,10.0,61.0,0.0,,
2012-10-14,3,1210143,,6.0,9.770833333333334,10.0,61.0,0.0,,
2012-10-14,4,1210144,,6.0,9.770833333333334,10.0,61.0,0.0,,
2012-10-14,5,1210145,,6.0,9.770833333333334,10.0,61.0,0.0,,
2012-10-15,1,1210151,,6.0,9.5875,10.0,51.0,0.0,,
2012-10-15,2,1210152,,6.0,9.5875,10.0,51.0,0.0,,
2012-10-15,3,1210153,,6.0,9.5875,10.0,51.0,0.0,,
2012-10-15,4,1210154,,6.0,9.5875,10.0,51.0,0.0,,
2012-10-15,5,1210155,,6.0,9.5875,10.0,51.0,0.0,,
2012-10-16,1,1210161,,7.0,10.8875,12.0,61.0,0.0,,
2012-10-16,2,1210162,,7.0,10.8875,12.0,61.0,0.0,,
2012-10-16,3,1210163,,7.0,10.8875,12.0,61.0,0.0,,
2012-10-16,4,1210164,,7.0,10.8875,12.0,61.0,0.0,,
2012-10-16,5,1210165,,7.0,10.8875,12.0,61.0,0.0,,
2012-10-17,1,1210171,,7.0,12.1,12.0,21.0,0.0,,
2012-10-17,2,1210172,,7.0,12.1,12.0,21.0,0.0,,
2012-10-17,3,1210173,,7.0,12.1,12.0,21.0,0.0,,
2012-10-17,4,1210174,,7.0,12.1,12.0,21.0,0.0,,
2012-10-17,5,1210175,,7.0,12.1,12.0,21.0,0.0,,
2012-10-18,1,1210181,,6.0,16.775,8.0,21.0,0.0,,
2012-10-18,2,1210182,,6.0,16.775,8.0,21.0,0.0,,
2012-10-18,3,1210183,,6.0,16.775,8.0,21.0,0.0,,
2012-10-18,4,1210184,,6.0,16.775,8.0,21.0,0.0,,
2012-10-18,5,1210185,,6.0,16.775,8.0,21.0,0.0,,
2012-10-19,1,1210191,,3.0,19.35,6.0,21.0,0.0,,
2012-10-19,2,1210192,,3.0,19.35,6.0,21.0,0.0,,
2012-10-19,3,1210193,,3.0,19.35,6.0,21.0,0.0,,
2012-10-19,4,1210194,,3.0,19.35,6.0,21.0,0.0,,
2012-10-19,5,1210195,,3.0,19.35,6.0,21.0,0.0,,
2012-10-20,1,1210201,,5.0,17.125,6.666666666666667,21.0,0.0,,
2012-10-20,2,1210202,,5.0,17.125,6.666666666666667,21.0,0.0,,
2012-10-20,3,1210203,,5.0,17.125,6.666666666666667,21.0,0.0,,
2012-10-20,4,1210204,,5.0,17.125,6.666666666666667,21.0,0.0,,
2012-10-20,5,1210205,,5.0,17.125,6.666666666666667,21.0,0.0,,
2012-10-21,1,1210211,,6.0,14.900000000000002,7.333333333333333,21.0,0.0,,
2012-10-21,2,1210212,,6.0,14.900000000000002,7.333333333333333,21.0,0.0,,
2012-10-21,3,1210213,,6.0,14.900000000000002,7.333333333333333,21.0,0.0,,
2012-10-21,4,1210214,,6.0,14.900000000000002,7.333333333333333,21.0,0.0,,
2012-10-21,5,1210215,,6.0,14.900000000000002,7.333333333333333,21.0,0.0,,
2012-10-22,1,1210221,,8.0,12.675,8.0,10.0,0.0,,
2012-10-22,2,1210222,,8.0,12.675,8.0,10.0,0.0,,
2012-10-22,3,1210223,,8.0,12.675,8.0,10.0,0.0,,
2012-10-22,4,1210224,,8.0,12.675,8.0,10.0,0.0,,
2012-10-22,5,1210225,,8.0,12.675,8.0,10.0,0.0,,
2012-10-23,1,1210231,,8.0,11.8875,8.0,51.0,0.0,,
2012-10-23,2,1210232,,8.0,11.8875,8.0,51.0,0.0,,
2012-10-23,3,1210233,,8.0,11.8875,8.0,51.0,0.0,,
2012-10-23,4,1210234,,8.0,11.8875,8.0,51.0,0.0,,
2012-10-23,5,1210235,,8.0,11.8875,8.0,51.0,0.0,,
2012-10-24,1,1210241,,8.0,10.9875,6.0,51.0,0.0,,
2012-10-24,2,1210242,,8.0,10.9875,6.0,51.0,0.0,,
2012-10-24,3,1210243,,8.0,10.9875,6.0,51.0,0.0,,
2012-10-24,4,1210244,,8.0,10.9875,6.0,51.0,0.0,,
2012-10-24,5,1210245,,8.0,10.9875,6.0,51.0,0.0,,
2012-10-25,1,1210251,,6.0,8.7375,16.0,80.0,0.0,,
2012-10-25,2,1210252,,6.0,8.7375,16.0,80.0,0.0,,
2012-10-25,3,1210253,,6.0,8.7375,16.0,80.0,0.0,,
2012-10-25,4,1210254,,6.0,8.7375,16.0,80.0,0.0,,
2012-10-25,5,1210255,,6.0,8.7375,16.0,80.0,0.0,,
2012-10-26,1,1210261,,5.0,5.1875,8.0,80.0,0.0,,
2012-10-26,2,1210262,,5.0,5.1875,8.0,80.0,0.0,,
2012-10-26,3,1210263,,5.0,5.1875,8.0,80.0,0.0,,
2012-10-26,4,1210264,,5.0,5.1875,8.0,80.0,0.0,,
2012-10-26,5,1210265,,5.0,5.1875,8.0,80.0,0.0,,
2012-10-27,1,1210271,,6.0,4.666666666666667,10.0,80.0,0.0,,
2012-10-27,2,1210272,,6.0,4.666666666666667,10.0,80.0,0.0,,
2012-10-27,3,1210273,,6.0,4.666666666666667,10.0,80.0,0.0,,
2012-10-27,4,1210274,,6.0,4.666666666666667,10.0,80.0,0.0,,
2012-10-27,5,1210275,,6.0,4.666666666666667,10.0,80.0,0.0,,
2012-10-28,1,1210281,,7.0,4.145833333333333,12.0,80.0,0.0,,
2012-10-28,2,1210282,,7.0,4.145833333333333,12.0,80.0,0.0,,
2012-10-28,3,1210283,,7.0,4.145833333333333,12.0,80.0,0.0,,
2012-10-28,4,1210284,,7.0,4.145833333333333,12.0,80.0,0.0,,
2012-10-28,5,1210285,,7.0,4.145833333333333,12.0,80.0,0.0,,
2012-10-29,1,1210291,,8.0,3.625,14.0,61.0,0.0,,
2012-10-29,2,1210292,,8.0,3.625,14.0,61.0,0.0,,
2012-10-29,3,1210293,,8.0,3.625,14.0,61.0,0.0,,
2012-10-29,4,1210294,,8.0,3.625,14.0,61.0,0.0,,
2012-10-29,5,1210295,,8.0,3.625,14.0,61.0,0.0,,
2012-10-30,1,1210301,,4.0,7.0625,8.0,25.0,0.0,,
2012-10-30,2,1210302,,4.0,7.0625,8.0,25.0,0.0,,
2012-10-30,3,1210303,,4.0,7.0625,8.0,25.0,0.0,,
2012-10-30,4,1210304,,4.0,7.0625,8.0,25.0,0.0,,
2012-10-30,5,1210305,,4.0,7.0625,8.0,25.0,0.0,,
2012-10-31,1,1210311,,6.0,7.95,10.0,10.0,0.0,,
2012-10-31,2,1210312,,6.0,7.95,10.0,10.0,0.0,,
2012-10-31,3,1210313,,6.0,7.95,10.0,10.0,0.0,,
2012-10-31,4,1210314,,6.0,7.95,10.0,10.0,0.0,,
2012-10-31,5,1210315,,6.0,7.95,10.0,10.0,0.0,,
2012-11-01,1,1211011,,7.0,5.8125,10.0,10.0,0.0,,
2012-11-01,2,1211012,,7.0,5.8125,10.0,10.0,0.0,,
2012-11-01,3,1211013,,7.0,5.8125,10.0,10.0,0.0,,
2012-11-01,4,1211014,,7.0,5.8125,10.0,10.0,0.0,,
2012-11-01,5,1211015,,7.0,5.8125,10.0,10.0,0.0,,
2012-11-01,6,1211016,,7.0,5.8125,10.0,10.0,0.0,,
2012-11-02,1,1211021,,7.0,7.475,12.0,21.0,0.0,,
2012-11-02,2,1211022,,7.0,7.475,12.0,21.0,0.0,,
2012-11-02,3,1211023,,7.0,7.475,12.0,21.0,0.0,,
2012-11-02,4,1211024,,7.0,7.475,12.0,21.0,0.0,,
2012-11-02,5,1211025,,7.0,7.475,12.0,21.0,0.0,,
2012-11-02,6,1211026,,7.0,7.475,12.0,21.0,0.0,,
2012-11-03,1,1211031,,7.0,7.179166666666666,11.333333333333334,21.0,0.0,,
2012-11-03,2,1211032,,7.0,7.179166666666666,11.333333333333334,21.0,0.0,,
2012-11-03,3,1211033,,7.0,7.179166666666666,11.333333333333334,21.0,0.0,,
2012-11-03,4,1211034,,7.0,7.179166666666666,11.333333333333334,21.0,0.0,,
2012-11-03,5,1211035,,7.0,7.179166666666666,11.333333333333334,21.0,0.0,,
2012-11-03,6,1211036,,7.0,7.179166666666666,11.333333333333334,21.0,0.0,,
2012-11-04,1,1211041,,7.0,6.883333333333334,10.666666666666666,21.0,0.0,,
2012-11-04,2,1211042,,7.0,6.883333333333334,10.666666666666666,21.0,0.0,,
2012-11-04,3,1211043,,7.0,6.883333333333334,10.666666666666666,21.0,0.0,,
2012-11-04,4,1211044,,7.0,6.883333333333334,10.666666666666666,21.0,0.0,,
2012-11-04,5,1211045,,7.0,6.883333333333334,10.666666666666666,21.0,0.0,,
2012-11-04,6,1211046,,7.0,6.883333333333334,10.666666666666666,21.0,0.0,,
2012-11-05,1,1211051,,7.0,6.5875,10.0,61.0,0.0,,
2012-11-05,2,1211052,,7.0,6.5875,10.0,61.0,0.0,,
2012-11-05,3,1211053,,7.0,6.5875,10.0,61.0,0.0,,
2012-11-05,4,1211054,,7.0,6.5875,10.0,61.0,0.0,,
2012-11-05,5,1211055,,7.0,6.5875,10.0,61.0,0.0,,
2012-11-05,6,1211056,,7.0,6.5875,10.0,61.0,0.0,,
2012-11-06,1,1211061,,6.0,7.45,14.0,80.0,0.0,,
2012-11-06,2,1211062,,6.0,7.45,14.0,80.0,0.0,,
2012-11-06,3,1211063,,6.0,7.45,14.0,80.0,0.0,,
2012-11-06,4,1211064,,6.0,7.45,14.0,80.0,0.0,,
2012-11-06,5,1211065,,6.0,7.45,14.0,80.0,0.0,,
2012-11-06,6,1211066,,6.0,7.45,14.0,80.0,0.0,,
2012-11-07,1,1211071,,7.0,10.3,16.0,51.0,0.0,,
2012-11-07,2,1211072,,7.0,10.3,16.0,51.0,0.0,,
2012-11-07,3,1211073,,7.0,10.3,16.0,51.0,0.0,,
2012-11-07,4,1211074,,7.0,10.3,16.0,51.0,0.0,,
2012-11-07,5,1211075,,7.0,10.3,16.0,51.0,0.0,,
2012-11-07,6,1211076,,7.0,10.3,16.0,51.0,0.0,,
2012-11-08,1,1211081,,7.0,9.6625,16.0,80.0,0.0,,
2012-11-08,2,1211082,,7.0,9.6625,16.0,80.0,0.0,,
2012-11-08,3,1211083,,7.0,9.6625,16.0,80.0,0.0,,
2012-11-08,4,1211084,,7.0,9.6625,16.0,80.0,0.0,,
2012-11-08,5,1211085,,7.0,9.6625,16.0,80.0,0.0,,
2012-11-08,6,1211086,,7.0,9.6625,16.0,80.0,0.0,,
2012-11-09,1,1211091,,7.0,9.5,8.0,20.0,0.0,,
2012-11-09,2,1211092,,7.0,9.5,8.0,20.0,0.0,,
2012-11-09,3,1211093,,7.0,9.5,8.0,20.0,0.0,,
2012-11-09,4,1211094,,7.0,9.5,8.0,20.0,0.0,,
2012-11-09,5,1211095,,7.0,9.5,8.0,20.0,0.0,,
2012-11-09,6,1211096,,7.0,9.5,8.0,20.0,0.0,,
2012-11-10,1,1211101,,7.0,8.770833333333334,9.333333333333334,20.0,0.0,,
2012-11-10,2,1211102,,7.0,8.770833333333334,9.333333333333334,20.0,0.0,,
2012-11-10,3,1211103,,7.0,8.770833333333334,9.333333333333334,20.0,0.0,,
2012-11-10,4,1211104,,7.0,8.770833333333334,9.333333333333334,20.0,0.0,,
2012-11-10,5,1211105,,7.0,8.770833333333334,9.333333333333334,20.0,0.0,,
2012-11-10,6,1211106,,7.0,8.770833333333334,9.333333333333334,20.0,0.0,,
2012-11-11,1,1211111,,6.0,8.041666666666666,10.666666666666666,20.0,0.0,,
2012-11-11,2,1211112,,6.0,8.041666666666666,10.666666666666666,20.0,0.0,,
2012-11-11,3,1211113,,6.0,8.041666666666666,10.666666666666666,20.0,0.0,,
2012-11-11,4,1211114,,6.0,8.041666666666666,10.666666666666666,20.0,0.0,,
2012-11-11,5,1211115,,6.0,8.041666666666666,10.666666666666666,20.0,0.0,,
2012-11-11,6,1211116,,6.0,8.041666666666666,10.666666666666666,20.0,0.0,,
2012-11-12,1,1211121,,6.0,7.3125,12.0,80.0,0.0,,
2012-11-12,2,1211122,,6.0,7.3125,12.0,80.0,0.0,,
2012-11-12,3,1211123,,6.0,7.3125,12.0,80.0,0.0,,
2012-11-12,4,1211124,,6.0,7.3125,12.0,80.0,0.0,,
2012-11-12,5,1211125,,6.0,7.3125,12.0,80.0,0.0,,
2012-11-12,6,1211126,,6.0,7.3125,12.0,80.0,0.0,,
2012-11-13,1,1211131,,7.0,7.2,8.0,10.0,0.0,,
2012-11-13,2,1211132,,7.0,7.2,8.0,10.0,0.0,,
2012-11-13,3,1211133,,7.0,7.2,8.0,10.0,0.0,,
2012-11-13,4,1211134,,7.0,7.2,8.0,10.0,0.0,,
2012-11-13,5,1211135,,7.0,7.2,8.0,10.0,0.0,,
2012-11-13,6,1211136,,7.0,7.2,8.0,10.0,0.0,,
2012-11-14,1,1211141,,8.0,9.6625,6.0,10.0,0.0,,
2012-11-14,2,1211142,,8.0,9.6625,6.0,10.0,0.0,,
2012-11-14,3,1211143,,8.0,9.6625,6.0,10.0,0.0,,
2012-11-14,4,1211144,,8.0,9.6625,6.0,10.0,0.0,,
2012-11-14,5,1211145,,8.0,9.6625,6.0,10.0,0.0,,
2012-11-14,6,1211146,,8.0,9.6625,6.0,10.0,0.0,,
2012-11-15,1,1211151,,7.0,8.7125,6.0,5.0,0.0,,
2012-11-15,2,1211152,,7.0,8.7125,6.0,5.0,0.0,,
2012-11-15,3,1211153,,7.0,8.7125,6.0,5.0,0.0,,
2012-11-15,4,1211154,,7.0,8.7125,6.0,5.0,0.0,,
2012-11-15,5,1211155,,7.0,8.7125,6.0,5.0,0.0,,
2012-11-15,6,1211156,,7.0,8.7125,6.0,5.0,0.0,,
2012-11-16,1,1211161,,7.0,-0.275,6.0,10.0,0.0,,
2012-11-16,2,1211162,,7.0,-0.275,6.0,10.0,0.0,,
2012-11-16,3,1211163,,7.0,-0.275,6.0,10.0,0.0,,
2012-11-16,4,1211164,,7.0,-0.275,6.0,10.0,0.0,,
2012-11-16,5,1211165,,7.0,-0.275,6.0,10.0,0.0,,
2012-11-16,6,1211166,,7.0,-0.275,6.0,10.0,0.0,,
2012-11-17,1,1211171,,6.0,1.8583333333333334,6.666666666666667,10.0,0.0,,
2012-11-17,2,1211172,,6.0,1.8583333333333334,6.666666666666667,10.0,0.0,,
2012-11-17,3,1211173,,6.0,1.8583333333333334,6.666666666666667,10.0,0.0,,
2012-11-17,4,1211174,,6.0,1.8583333333333334,6.666666666666667,10.0,0.0,,
2012-11-17,5,1211175,,6.0,1.8583333333333334,6.666666666666667,10.0,0.0,,
2012-11-17,6,1211176,,6.0,1.8583333333333334,6.666666666666667,10.0,0.0,,
2012-11-18,1,1211181,,4.0,3.9916666666666667,7.333333333333333,10.0,0.0,,
2012-11-18,2,1211182,,4.0,3.9916666666666667,7.333333333333333,10.0,0.0,,
2012-11-18,3,1211183,,4.0,3.9916666666666667,7.333333333333333,10.0,0.0,,
2012-11-18,4,1211184,,4.0,3.9916666666666667,7.333333333333333,10.0,0.0,,
2012-11-18,5,1211185,,4.0,3.9916666666666667,7.333333333333333,10.0,0.0,,
2012-11-18,6,1211186,,4.0,3.9916666666666667,7.333333333333333,10.0,0.0,,
2012-11-19,1,1211191,,3.0,6.125,8.0,3.0,0.0,,
2012-11-19,2,1211192,,3.0,6.125,8.0,3.0,0.0,,
2012-11-19,3,1211193,,3.0,6.125,8.0,3.0,0.0,,
2012-11-19,4,1211194,,3.0,6.125,8.0,3.0,0.0,,
2012-11-19,5,1211195,,3.0,6.125,8.0,3.0,0.0,,
2012-11-19,6,1211196,,3.0,6.125,8.0,3.0,0.0,,
2012-11-20,1,1211201,,6.0,7.675,8.0,10.0,0.0,,
2012-11-20,2,1211202,,6.0,7.675,8.0,10.0,0.0,,
2012-11-20,3,1211203,,6.0,7.675,8.0,10.0,0.0,,
2012-11-20,4,1211204,,6.0,7.675,8.0,10.0,0.0,,
2012-11-20,5,1211205,,6.0,7.675,8.0,10.0,0.0,,
2012-11-20,6,1211206,,6.0,7.675,8.0,10.0,0.0,,
2012-11-21,1,1211211,,8.0,6.1875,12.0,10.0,0.0,,
2012-11-21,2,1211212,,8.0,6.1875,12.0,10.0,0.0,,
2012-11-21,3,1211213,,8.0,6.1875,12.0,10.0,0.0,,
2012-11-21,4,1211214,,8.0,6.1875,12.0,10.0,0.0,,
2012-11-21,5,1211215,,8.0,6.1875,12.0,10.0,0.0,,
2012-11-21,6,1211216,,8.0,6.1875,12.0,10.0,0.0,,
2012-11-22,1,1211221,,4.0,9.1,14.0,3.0,0.0,,
2012-11-22,2,1211222,,4.0,9.1,14.0,3.0,0.0,,
2012-11-22,3,1211223,,4.0,9.1,14.0,3.0,0.0,,
2012-11-22,4,1211224,,4.0,9.1,14.0,3.0,0.0,,
2012-11-22,5,1211225,,4.0,9.1,14.0,3.0,0.0,,
2012-11-22,6,1211226,,4.0,9.1,14.0,3.0,0.0,,
2012-11-23,1,1211231,,7.0,6.7,10.0,61.0,0.0,,
2012-11-23,2,1211232,,7.0,6.7,10.0,61.0,0.0,,
2012-11-23,3,1211233,,7.0,6.7,10.0,61.0,0.0,,
2012-11-23,4,1211234,,7.0,6.7,10.0,61.0,0.0,,
2012-11-23,5,1211235,,7.0,6.7,10.0,61.0,0.0,,
2012-11-23,6,1211236,,7.0,6.7,10.0,61.0,0.0,,
2012-11-24,1,1211241,,7.0,7.1875,10.0,61.0,0.0,,
2012-11-24,2,1211242,,7.0,7.1875,10.0,61.0,0.0,,
2012-11-24,3,1211243,,7.0,7.1875,10.0,61.0,0.0,,
2012-11-24,4,1211244,,7.0,7.1875,10.0,61.0,0.0,,
2012-11-24,5,1211245,,7.0,7.1875,10.0,61.0,0.0,,
2012-11-24,6,1211246,,7.0,7.1875,10.0,61.0,0.0,,
2012-11-25,1,1211251,,6.0,7.675,10.0,61.0,0.0,,
2012-11-25,2,1211252,,6.0,7.675,10.0,61.0,0.0,,
2012-11-25,3,1211253,,6.0,7.675,10.0,61.0,0.0,,
2012-11-25,4,1211254,,6.0,7.675,10.0,61.0,0.0,,
2012-11-25,5,1211255,,6.0,7.675,10.0,61.0,0.0,,
2012-11-25,6,1211256,,6.0,7.675,10.0,61.0,0.0,,
2012-11-26,1,1211261,,6.0,8.1625,10.0,61.0,0.0,,
2012-11-26,2,1211262,,6.0,8.1625,10.0,61.0,0.0,,
2012-11-26,3,1211263,,6.0,8.1625,10.0,61.0,0.0,,
2012-11-26,4,1211264,,6.0,8.1625,10.0,61.0,0.0,,
2012-11-26,5,1211265,,6.0,8.1625,10.0,61.0,0.0,,
2012-11-26,6,1211266,,6.0,8.1625,10.0,61.0,0.0,,
2012-11-27,1,1211271,,7.0,7.625,8.0,20.0,0.0,,
2012-11-27,2,1211272,,7.0,7.625,8.0,20.0,0.0,,
2012-11-27,3,1211273,,7.0,7.625,8.0,20.0,0.0,,
2012-11-27,4,1211274,,7.0,7.625,8.0,20.0,0.0,,
2012-11-27,5,1211275,,7.0,7.625,8.0,20.0,0.0,,
2012-11-27,6,1211276,,7.0,7.625,8.0,20.0,0.0,,
2012-11-28,1,1211281,,8.0,5.325,8.0,51.0,0.0,,
2012-11-28,2,1211282,,8.0,5.325,8.0,51.0,0.0,,
2012-11-28,3,1211283,,8.0,5.325,8.0,51.0,0.0,,
2012-11-28,4,1211284,,8.0,5.325,8.0,51.0,0.0,,
2012-11-28,5,1211285,,8.0,5.325,8.0,51.0,0.0,,
2012-11-28,6,1211286,,8.0,5.325,8.0,51.0,0.0,,
2012-11-29,1,1211291,,7.0,3.4625,14.0,61.0,0.0,,
2012-11-29,2,1211292,,7.0,3.4625,14.0,61.0,0.0,,
2012-11-29,3,1211293,,7.0,3.4625,14.0,61.0,0.0,,
2012-11-29,4,1211294,,7.0,3.4625,14.0,61.0,0.0,,
2012-11-29,5,1211295,,7.0,3.4625,14.0,61.0,0.0,,
2012-11-29,6,1211296,,7.0,3.4625,14.0,61.0,0.0,,
2012-11-30,1,1211301,,2.0,0.725,10.0,61.0,0.0,,
2012-11-30,2,1211302,,2.0,0.725,10.0,61.0,0.0,,
2012-11-30,3,1211303,,2.0,0.725,10.0,61.0,0.0,,
2012-11-30,4,1211304,,2.0,0.725,10.0,61.0,0.0,,
2012-11-30,5,1211305,,2.0,0.725,10.0,61.0,0.0,,
2012-11-30,6,1211306,,2.0,0.725,10.0,61.0,0.0,,
2012-12-01,1,1212011,,4.0,0.8277776666666666,9.333333333333334,61.0,0.0,,
2012-12-01,2,1212012,,4.0,0.8277776666666666,9.333333333333334,61.0,0.0,,
2012-12-01,3,1212013,,4.0,0.8277776666666666,9.333333333333334,61.0,0.0,,
2012-12-01,4,1212014,,4.0,0.8277776666666666,9.333333333333334,61.0,0.0,,
2012-12-01,5,1212015,,4.0,0.8277776666666666,9.333333333333334,61.0,0.0,,
2012-12-01,6,1212016,,4.0,0.8277776666666666,9.333333333333334,61.0,0.0,,
2012-12-02,1,1212021,,6.0,0.9305553333333334,8.666666666666666,61.0,0.0,,
2012-12-02,2,1212022,,6.0,0.9305553333333334,8.666666666666666,61.0,0.0,,
2012-12-02,3,1212023,,6.0,0.9305553333333334,8.666666666666666,61.0,0.0,,
2012-12-02,4,1212024,,6.0,0.9305553333333334,8.666666666666666,61.0,0.0,,
2012-12-02,5,1212025,,6.0,0.9305553333333334,8.666666666666666,61.0,0.0,,
2012-12-02,6,1212026,,6.0,0.9305553333333334,8.666666666666666,61.0,0.0,,
2012-12-03,1,1212031,,8.0,1.033333,8.0,10.0,0.0,,
2012-12-03,2,1212032,,8.0,1.033333,8.0,10.0,0.0,,
2012-12-03,3,1212033,,8.0,1.033333,8.0,10.0,0.0,,
2012-12-03,4,1212034,,8.0,1.033333,8.0,10.0,0.0,,
2012-12-03,5,1212035,,8.0,1.033333,8.0,10.0,0.0,,
2012-12-03,6,1212036,,8.0,1.033333,8.0,10.0,0.0,,
2012-12-04,1,1212041,,7.0,1.375,8.0,69.0,0.0,,
2012-12-04,2,1212042,,7.0,1.375,8.0,69.0,0.0,,
2012-12-04,3,1212043,,7.0,1.375,8.0,69.0,0.0,,
2012-12-04,4,1212044,,7.0,1.375,8.0,69.0,0.0,,
2012-12-04,5,1212045,,7.0,1.375,8.0,69.0,0.0,,
2012-12-04,6,1212046,,7.0,1.375,8.0,69.0,0.0,,
2012-12-05,1,1212051,,2.0,-4.7875,10.0,69.0,0.0,,
2012-12-05,2,1212052,,2.0,-4.7875,10.0,69.0,0.0,,
2012-12-05,3,1212053,,2.0,-4.7875,10.0,69.0,0.0,,
2012-12-05,4,1212054,,2.0,-4.7875,10.0,69.0,0.0,,
2012-12-05,5,1212055,,2.0,-4.7875,10.0,69.0,0.0,,
2012-12-05,6,1212056,,2.0,-4.7875,10.0,69.0,0.0,,
2012-12-06,1,1212061,,1.0,-4.45,8.0,69.0,0.0,,
2012-12-06,2,1212062,,1.0,-4.45,8.0,69.0,0.0,,
2012-12-06,3,1212063,,1.0,-4.45,8.0,69.0,0.0,,
2012-12-06,4,1212064,,1.0,-4.45,8.0,69.0,0.0,,
2012-12-06,5,1212065,,1.0,-4.45,8.0,69.0,0.0,,
2012-12-06,6,1212066,,1.0,-4.45,8.0,69.0,0.0,,
2012-12-07,1,1212071,,4.0,-1.7875,8.0,10.0,0.0,,
2012-12-07,2,1212072,,4.0,-1.7875,8.0,10.0,0.0,,
2012-12-07,3,1212073,,4.0,-1.7875,8.0,10.0,0.0,,
2012-12-07,4,1212074,,4.0,-1.7875,8.0,10.0,0.0,,
2012-12-07,5,1212075,,4.0,-1.7875,8.0,10.0,0.0,,
2012-12-07,6,1212076,,4.0,-1.7875,8.0,10.0,0.0,,
2012-12-08,1,1212081,,5.0,-1.1291666666666669,11.333333333333332,10.0,0.0,,
2012-12-08,2,1212082,,5.0,-1.1291666666666669,11.333333333333332,10.0,0.0,,
2012-12-08,3,1212083,,5.0,-1.1291666666666669,11.333333333333332,10.0,0.0,,
2012-12-08,4,1212084,,5.0,-1.1291666666666669,11.333333333333332,10.0,0.0,,
2012-12-08,5,1212085,,5.0,-1.1291666666666669,11.333333333333332,10.0,0.0,,
2012-12-08,6,1212086,,5.0,-1.1291666666666669,11.333333333333332,10.0,0.0,,
2012-12-09,1,1212091,,7.0,-0.47083333333333344,14.666666666666666,10.0,0.0,,
2012-12-09,2,1212092,,7.0,-0.47083333333333344,14.666666666666666,10.0,0.0,,
2012-12-09,3,1212093,,7.0,-0.47083333333333344,14.666666666666666,10.0,0.0,,
2012-12-09,4,1212094,,7.0,-0.47083333333333344,14.666666666666666,10.0,0.0,,
2012-12-09,5,1212095,,7.0,-0.47083333333333344,14.666666666666666,10.0,0.0,,
2012-12-09,6,1212096,,7.0,-0.47083333333333344,14.666666666666666,10.0,0.0,,
2012-12-10,1,1212101,,8.0,0.1875,18.0,71.0,0.0,,
2012-12-10,2,1212102,,8.0,0.1875,18.0,71.0,0.0,,
2012-12-10,3,1212103,,8.0,0.1875,18.0,71.0,0.0,,
2012-12-10,4,1212104,,8.0,0.1875,18.0,71.0,0.0,,
2012-12-10,5,1212105,,8.0,0.1875,18.0,71.0,0.0,,
2012-12-10,6,1212106,,8.0,0.1875,18.0,71.0,0.0,,
2012-12-11,1,1212111,,6.0,-1.8625,14.0,71.0,0.0,,
2012-12-11,2,1212112,,6.0,-1.8625,14.0,71.0,0.0,,
2012-12-11,3,1212113,,6.0,-1.8625,14.0,71.0,0.0,,
2012-12-11,4,1212114,,6.0,-1.8625,14.0,71.0,0.0,,
2012-12-11,5,1212115,,6.0,-1.8625,14.0,71.0,0.0,,
2012-12-11,6,1212116,,6.0,-1.8625,14.0,71.0,0.0,,
2012-12-12,1,1212121,,3.0,-5.7375,4.0,10.0,0.0,,
2012-12-12,2,1212122,,3.0,-5.7375,4.0,10.0,0.0,,
2012-12-12,3,1212123,,3.0,-5.7375,4.0,10.0,0.0,,
2012-12-12,4,1212124,,3.0,-5.7375,4.0,10.0,0.0,,
2012-12-12,5,1212125,,3.0,-5.7375,4.0,10.0,0.0,,
2012-12-12,6,1212126,,3.0,-5.7375,4.0,10.0,0.0,,
2012-12-13,1,1212131,,7.0,-2.0625,4.0,78.0,0.0,,
2012-12-13,2,1212132,,7.0,-2.0625,4.0,78.0,0.0,,
2012-12-13,3,1212133,,7.0,-2.0625,4.0,78.0,0.0,,
2012-12-13,4,1212134,,7.0,-2.0625,4.0,78.0,0.0,,
2012-12-13,5,1212135,,7.0,-2.0625,4.0,78.0,0.0,,
2012-12-13,6,1212136,,7.0,-2.0625,4.0,78.0,0.0,,
2012-12-14,1,1212141,,7.0,-2.6875,10.0,10.0,0.0,,
2012-12-14,2,1212142,,7.0,-2.6875,10.0,10.0,0.0,,
2012-12-14,3,1212143,,7.0,-2.6875,10.0,10.0,0.0,,
2012-12-14,4,1212144,,7.0,-2.6875,10.0,10.0,0.0,,
2012-12-14,5,1212145,,7.0,-2.6875,10.0,10.0,0.0,,
2012-12-14,6,1212146,,7.0,-2.6875,10.0,10.0,0.0,,
2012-12-15,1,1212151,,7.0,-0.3958333333333335,8.0,10.0,0.0,,
2012-12-15,2,1212152,,7.0,-0.3958333333333335,8.0,10.0,0.0,,
2012-12-15,3,1212153,,7.0,-0.3958333333333335,8.0,10.0,0.0,,
2012-12-15,4,1212154,,7.0,-0.3958333333333335,8.0,10.0,0.0,,
2012-12-15,5,1212155,,7.0,-0.3958333333333335,8.0,10.0,0.0,,
2012-12-15,6,1212156,,7.0,-0.3958333333333335,8.0,10.0,0.0,,
2012-12-16,1,1212161,,8.0,1.895833333333333,6.0,10.0,0.0,,
2012-12-16,2,1212162,,8.0,1.895833333333333,6.0,10.0,0.0,,
2012-12-16,3,1212163,,8.0,1.895833333333333,6.0,10.0,0.0,,
2012-12-16,4,1212164,,8.0,1.895833333333333,6.0,10.0,0.0,,
2012-12-16,5,1212165,,8.0,1.895833333333333,6.0,10.0,0.0,,
2012-12-16,6,1212166,,8.0,1.895833333333333,6.0,10.0,0.0,,
2012-12-17,1,1212171,,8.0,4.1875,4.0,47.0,0.0,,
2012-12-17,2,1212172,,8.0,4.1875,4.0,47.0,0.0,,
2012-12-17,3,1212173,,8.0,4.1875,4.0,47.0,0.0,,
2012-12-17,4,1212174,,8.0,4.1875,4.0,47.0,0.0,,
2012-12-17,5,1212175,,8.0,4.1875,4.0,47.0,0.0,,
2012-12-17,6,1212176,,8.0,4.1875,4.0,47.0,0.0,,
2012-12-18,1,1212181,,8.0,3.6375,10.0,61.0,0.0,,
2012-12-18,2,1212182,,8.0,3.6375,10.0,61.0,0.0,,
2012-12-18,3,1212183,,8.0,3.6375,10.0,61.0,0.0,,
2012-12-18,4,1212184,,8.0,3.6375,10.0,61.0,0.0,,
2012-12-18,5,1212185,,8.0,3.6375,10.0,61.0,0.0,,
2012-12-18,6,1212186,,8.0,3.6375,10.0,61.0,0.0,,
2012-12-19,1,1212191,,7.0,2.8625,6.0,20.0,0.0,,
2012-12-19,2,1212192,,7.0,2.8625,6.0,20.0,0.0,,
2012-12-19,3,1212193,,7.0,2.8625,6.0,20.0,0.0,,
2012-12-19,4,1212194,,7.0,2.8625,6.0,20.0,0.0,,
2012-12-19,5,1212195,,7.0,2.8625,6.0,20.0,0.0,,
2012-12-19,6,1212196,,7.0,2.8625,6.0,20.0,0.0,,
2012-12-20,1,1212201,,7.0,2.0875,12.0,5.0,0.0,,
2012-12-20,2,1212202,,7.0,2.0875,12.0,5.0,0.0,,
2012-12-20,3,1212203,,7.0,2.0875,12.0,5.0,0.0,,
2012-12-20,4,1212204,,7.0,2.0875,12.0,5.0,0.0,,
2012-12-20,5,1212205,,7.0,2.0875,12.0,5.0,0.0,,
2012-12-20,6,1212206,,7.0,2.0875,12.0,5.0,0.0,,
2012-12-21,1,1212211,,7.0,-0.2125,10.0,13.0,0.0,,
2012-12-21,2,1212212,,7.0,-0.2125,10.0,13.0,0.0,,
2012-12-21,3,1212213,,7.0,-0.2125,10.0,13.0,0.0,,
2012-12-21,4,1212214,,7.0,-0.2125,10.0,13.0,0.0,,
2012-12-21,5,1212215,,7.0,-0.2125,10.0,13.0,0.0,,
2012-12-21,6,1212216,,7.0,-0.2125,10.0,13.0,0.0,,
2012-12-22,1,1212221,,7.0,-0.1253525692307692,10.038461538461538,13.0,0.0,,
2012-12-22,2,1212222,,7.0,-0.1253525692307692,10.038461538461538,13.0,0.0,,
2012-12-22,3,1212223,,7.0,-0.1253525692307692,10.038461538461538,13.0,0.0,,
2012-12-22,4,1212224,,7.0,-0.1253525692307692,10.038461538461538,13.0,0.0,,
2012-12-22,5,1212225,,7.0,-0.1253525692307692,10.038461538461538,13.0,0.0,,
2012-12-22,6,1212226,,7.0,-0.1253525692307692,10.038461538461538,13.0,0.0,,
2012-12-23,1,1212231,,7.0,-0.038205138461538446,10.076923076923077,13.0,0.0,,
2012-12-23,2,1212232,,7.0,-0.038205138461538446,10.076923076923077,13.0,0.0,,
2012-12-23,3,1212233,,7.0,-0.038205138461538446,10.076923076923077,13.0,0.0,,
2012-12-23,4,1212234,,7.0,-0.038205138461538446,10.076923076923077,13.0,0.0,,
2012-12-23,5,1212235,,7.0,-0.038205138461538446,10.076923076923077,13.0,0.0,,
2012-12-23,6,1212236,,7.0,-0.038205138461538446,10.076923076923077,13.0,0.0,,
2012-12-24,1,1212241,,7.0,0.04894229230769234,10.115384615384615,13.0,0.0,,
2012-12-24,2,1212242,,7.0,0.04894229230769234,10.115384615384615,13.0,0.0,,
2012-12-24,3,1212243,,7.0,0.04894229230769234,10.115384615384615,13.0,0.0,,
2012-12-24,4,1212244,,7.0,0.04894229230769234,10.115384615384615,13.0,0.0,,
2012-12-24,5,1212245,,7.0,0.04894229230769234,10.115384615384615,13.0,0.0,,
2012-12-24,6,1212246,,7.0,0.04894229230769234,10.115384615384615,13.0,0.0,,
2012-12-25,1,1212251,,7.0,0.1360897230769231,10.153846153846153,13.0,0.0,,
2012-12-25,2,1212252,,7.0,0.1360897230769231,10.153846153846153,13.0,0.0,,
2012-12-25,3,1212253,,7.0,0.1360897230769231,10.153846153846153,13.0,0.0,,
2012-12-25,4,1212254,,7.0,0.1360897230769231,10.153846153846153,13.0,0.0,,
2012-12-25,5,1212255,,7.0,0.1360897230769231,10.153846153846153,13.0,0.0,,
2012-12-25,6,1212256,,7.0,0.1360897230769231,10.153846153846153,13.0,0.0,,
2012-12-26,1,1212261,,7.0,0.22323715384615386,10.192307692307692,13.0,0.0,,
2012-12-26,2,1212262,,7.0,0.22323715384615386,10.192307692307692,13.0,0.0,,
2012-12-26,3,1212263,,7.0,0.22323715384615386,10.192307692307692,13.0,0.0,,
2012-12-26,4,1212264,,7.0,0.22323715384615386,10.192307692307692,13.0,0.0,,
2012-12-26,5,1212265,,7.0,0.22323715384615386,10.192307692307692,13.0,0.0,,
2012-12-26,6,1212266,,7.0,0.22323715384615386,10.192307692307692,13.0,0.0,,
2012-12-27,1,1212271,,7.0,0.31038458461538465,10.23076923076923,13.0,0.0,,
2012-12-27,2,1212272,,7.0,0.31038458461538465,10.23076923076923,13.0,0.0,,
2012-12-27,3,1212273,,7.0,0.31038458461538465,10.23076923076923,13.0,0.0,,
2012-12-27,4,1212274,,7.0,0.31038458461538465,10.23076923076923,13.0,0.0,,
2012-12-27,5,1212275,,7.0,0.31038458461538465,10.23076923076923,13.0,0.0,,
2012-12-27,6,1212276,,7.0,0.31038458461538465,10.23076923076923,13.0,0.0,,
2012-12-28,1,1212281,,7.0,0.39753201538461536,10.26923076923077,13.0,0.0,,
2012-12-28,2,1212282,,7.0,0.39753201538461536,10.26923076923077,13.0,0.0,,
2012-12-28,3,1212283,,7.0,0.39753201538461536,10.26923076923077,13.0,0.0,,
2012-12-28,4,1212284,,7.0,0.39753201538461536,10.26923076923077,13.0,0.0,,
2012-12-28,5,1212285,,7.0,0.39753201538461536,10.26923076923077,13.0,0.0,,
2012-12-28,6,1212286,,7.0,0.39753201538461536,10.26923076923077,13.0,0.0,,
2012-12-29,1,1212291,,7.0,0.48467944615384617,10.307692307692308,13.0,0.0,,
2012-12-29,2,1212292,,7.0,0.48467944615384617,10.307692307692308,13.0,0.0,,
2012-12-29,3,1212293,,7.0,0.48467944615384617,10.307692307692308,13.0,0.0,,
2012-12-29,4,1212294,,7.0,0.48467944615384617,10.307692307692308,13.0,0.0,,
2012-12-29,5,1212295,,7.0,0.48467944615384617,10.307692307692308,13.0,0.0,,
2012-12-29,6,1212296,,7.0,0.48467944615384617,10.307692307692308,13.0,0.0,,
2012-12-30,1,1212301,,7.0,0.5718268769230769,10.346153846153847,13.0,0.0,,
2012-12-30,2,1212302,,7.0,0.5718268769230769,10.346153846153847,13.0,0.0,,
2012-12-30,3,1212303,,7.0,0.5718268769230769,10.346153846153847,13.0,0.0,,
2012-12-30,4,1212304,,7.0,0.5718268769230769,10.346153846153847,13.0,0.0,,
2012-12-30,5,1212305,,7.0,0.5718268769230769,10.346153846153847,13.0,0.0,,
2012-12-30,6,1212306,,7.0,0.5718268769230769,10.346153846153847,13.0,0.0,,
2012-12-31,1,1212311,,7.0,0.6589743076923077,10.384615384615385,13.0,0.0,,
2012-12-31,2,1212312,,7.0,0.6589743076923077,10.384615384615385,13.0,0.0,,
2012-12-31,3,1212313,,7.0,0.6589743076923077,10.384615384615385,13.0,0.0,,
2012-12-31,4,1212314,,7.0,0.6589743076923077,10.384615384615385,13.0,0.0,,
2012-12-31,5,1212315,,7.0,0.6589743076923077,10.384615384615385,13.0,0.0,,
2012-12-31,6,1212316,,7.0,0.6589743076923077,10.384615384615385,13.0,0.0,,
2013-01-01,1,1301011,,7.0,0.7461217384615385,10.423076923076923,13.0,0.0,,1.0
2013-01-01,2,1301012,,7.0,0.7461217384615385,10.423076923076923,13.0,0.0,,1.0
2013-01-01,3,1301013,,7.0,0.7461217384615385,10.423076923076923,13.0,0.0,,1.0
2013-01-01,4,1301014,,7.0,0.7461217384615385,10.423076923076923,13.0,0.0,,1.0
2013-01-01,5,1301015,,7.0,0.7461217384615385,10.423076923076923,13.0,0.0,,1.0
2013-01-02,1,1301021,,7.0,0.8332691692307693,10.461538461538462,13.0,0.0,,1.0
2013-01-02,2,1301022,,7.0,0.8332691692307693,10.461538461538462,13.0,0.0,,1.0
2013-01-02,3,1301023,,7.0,0.8332691692307693,10.461538461538462,13.0,0.0,,1.0
2013-01-02,4,1301024,,7.0,0.8332691692307693,10.461538461538462,13.0,0.0,,1.0
2013-01-02,5,1301025,,7.0,0.8332691692307693,10.461538461538462,13.0,0.0,,1.0
2013-01-03,1,1301031,,7.0,0.9204165999999999,10.5,13.0,0.0,,1.0
2013-01-03,2,1301032,,7.0,0.9204165999999999,10.5,13.0,0.0,,1.0
2013-01-03,3,1301033,,7.0,0.9204165999999999,10.5,13.0,0.0,,1.0
2013-01-03,4,1301034,,7.0,0.9204165999999999,10.5,13.0,0.0,,1.0
2013-01-03,5,1301035,,7.0,0.9204165999999999,10.5,13.0,0.0,,1.0
2013-01-04,1,1301041,,7.0,1.0075640307692308,10.538461538461538,13.0,0.0,,1.0
2013-01-04,2,1301042,,7.0,1.0075640307692308,10.538461538461538,13.0,0.0,,1.0
2013-01-04,3,1301043,,7.0,1.0075640307692308,10.538461538461538,13.0,0.0,,1.0
2013-01-04,4,1301044,,7.0,1.0075640307692308,10.538461538461538,13.0,0.0,,1.0
2013-01-04,5,1301045,,7.0,1.0075640307692308,10.538461538461538,13.0,0.0,,1.0
2013-01-05,1,1301051,,7.0,1.0947114615384617,10.576923076923077,13.0,0.0,,1.0
2013-01-05,2,1301052,,7.0,1.0947114615384617,10.576923076923077,13.0,0.0,,1.0
2013-01-05,3,1301053,,7.0,1.0947114615384617,10.576923076923077,13.0,0.0,,1.0
2013-01-05,4,1301054,,7.0,1.0947114615384617,10.576923076923077,13.0,0.0,,1.0
2013-01-05,5,1301055,,7.0,1.0947114615384617,10.576923076923077,13.0,0.0,,1.0
2013-01-06,1,1301061,,7.0,1.1818588923076925,10.615384615384615,13.0,0.0,,1.0
2013-01-06,2,1301062,,7.0,1.1818588923076925,10.615384615384615,13.0,0.0,,1.0
2013-01-06,3,1301063,,7.0,1.1818588923076925,10.615384615384615,13.0,0.0,,1.0
2013-01-06,4,1301064,,7.0,1.1818588923076925,10.615384615384615,13.0,0.0,,1.0
2013-01-06,5,1301065,,7.0,1.1818588923076925,10.615384615384615,13.0,0.0,,1.0
2013-01-07,1,1301071,,6.0,1.2690063230769233,10.653846153846153,13.0,0.0,,1.0
2013-01-07,2,1301072,,6.0,1.2690063230769233,10.653846153846153,13.0,0.0,,1.0
2013-01-07,3,1301073,,6.0,1.2690063230769233,10.653846153846153,13.0,0.0,,1.0
2013-01-07,4,1301074,,6.0,1.2690063230769233,10.653846153846153,13.0,0.0,,1.0
2013-01-07,5,1301075,,6.0,1.2690063230769233,10.653846153846153,13.0,0.0,,1.0
2013-01-08,1,1301081,,6.0,1.3561537538461539,10.692307692307692,13.0,0.0,,1.0
2013-01-08,2,1301082,,6.0,1.3561537538461539,10.692307692307692,13.0,0.0,,1.0
2013-01-08,3,1301083,,6.0,1.3561537538461539,10.692307692307692,13.0,0.0,,1.0
2013-01-08,4,1301084,,6.0,1.3561537538461539,10.692307692307692,13.0,0.0,,1.0
2013-01-08,5,1301085,,6.0,1.3561537538461539,10.692307692307692,13.0,0.0,,1.0
2013-01-09,1,1301091,,6.0,1.4433011846153847,10.73076923076923,13.0,0.0,,1.0
2013-01-09,2,1301092,,6.0,1.4433011846153847,10.73076923076923,13.0,0.0,,1.0
2013-01-09,3,1301093,,6.0,1.4433011846153847,10.73076923076923,13.0,0.0,,1.0
2013-01-09,4,1301094,,6.0,1.4433011846153847,10.73076923076923,13.0,0.0,,1.0
2013-01-09,5,1301095,,6.0,1.4433011846153847,10.73076923076923,13.0,0.0,,1.0
2013-01-10,1,1301101,,6.0,1.5304486153846155,10.76923076923077,13.0,0.0,,1.0
2013-01-10,2,1301102,,6.0,1.5304486153846155,10.76923076923077,13.0,0.0,,1.0
2013-01-10,3,1301103,,6.0,1.5304486153846155,10.76923076923077,13.0,0.0,,1.0
2013-01-10,4,1301104,,6.0,1.5304486153846155,10.76923076923077,13.0,0.0,,1.0
2013-01-10,5,1301105,,6.0,1.5304486153846155,10.76923076923077,13.0,0.0,,1.0
2013-01-11,1,1301111,,6.0,1.6175960461538463,10.807692307692308,13.0,0.0,,1.0
2013-01-11,2,1301112,,6.0,1.6175960461538463,10.807692307692308,13.0,0.0,,1.0
2013-01-11,3,1301113,,6.0,1.6175960461538463,10.807692307692308,13.0,0.0,,1.0
2013-01-11,4,1301114,,6.0,1.6175960461538463,10.807692307692308,13.0,0.0,,1.0
2013-01-11,5,1301115,,6.0,1.6175960461538463,10.807692307692308,13.0,0.0,,1.0
2013-01-12,1,1301121,,6.0,1.7047434769230772,10.846153846153847,13.0,0.0,,1.0
2013-01-12,2,1301122,,6.0,1.7047434769230772,10.846153846153847,13.0,0.0,,1.0
2013-01-12,3,1301123,,6.0,1.7047434769230772,10.846153846153847,13.0,0.0,,1.0
2013-01-12,4,1301124,,6.0,1.7047434769230772,10.846153846153847,13.0,0.0,,1.0
2013-01-12,5,1301125,,6.0,1.7047434769230772,10.846153846153847,13.0,0.0,,1.0
2013-01-13,1,1301131,,6.0,1.791890907692308,10.884615384615385,13.0,0.0,,1.0
2013-01-13,2,1301132,,6.0,1.791890907692308,10.884615384615385,13.0,0.0,,1.0
2013-01-13,3,1301133,,6.0,1.791890907692308,10.884615384615385,13.0,0.0,,1.0
2013-01-13,4,1301134,,6.0,1.791890907692308,10.884615384615385,13.0,0.0,,1.0
2013-01-13,5,1301135,,6.0,1.791890907692308,10.884615384615385,13.0,0.0,,1.0
2013-01-14,1,1301141,,6.0,1.8790383384615388,10.923076923076923,13.0,0.0,,1.0
2013-01-14,2,1301142,,6.0,1.8790383384615388,10.923076923076923,13.0,0.0,,1.0
2013-01-14,3,1301143,,6.0,1.8790383384615388,10.923076923076923,13.0,0.0,,1.0
2013-01-14,4,1301144,,6.0,1.8790383384615388,10.923076923076923,13.0,0.0,,1.0
2013-01-14,5,1301145,,6.0,1.8790383384615388,10.923076923076923,13.0,0.0,,1.0
2013-01-15,1,1301151,,6.0,1.9661857692307692,10.961538461538462,13.0,0.0,,1.0
2013-01-15,2,1301152,,6.0,1.9661857692307692,10.961538461538462,13.0,0.0,,1.0
2013-01-15,3,1301153,,6.0,1.9661857692307692,10.961538461538462,13.0,0.0,,1.0
2013-01-15,4,1301154,,6.0,1.9661857692307692,10.961538461538462,13.0,0.0,,1.0
2013-01-15,5,1301155,,6.0,1.9661857692307692,10.961538461538462,13.0,0.0,,1.0
2013-01-16,1,1301161,,6.0,2.0533332,11.0,13.0,0.0,,1.0
2013-01-16,2,1301162,,6.0,2.0533332,11.0,13.0,0.0,,1.0
2013-01-16,3,1301163,,6.0,2.0533332,11.0,13.0,0.0,,1.0
2013-01-16,4,1301164,,6.0,2.0533332,11.0,13.0,0.0,,1.0
2013-01-16,5,1301165,,6.0,2.0533332,11.0,13.0,0.0,,1.0
2013-01-17,1,1301171,,6.0,2.140480630769231,11.038461538461538,13.0,0.0,,1.0
2013-01-17,2,1301172,,6.0,2.140480630769231,11.038461538461538,13.0,0.0,,1.0
2013-01-17,3,1301173,,6.0,2.140480630769231,11.038461538461538,13.0,0.0,,1.0
2013-01-17,4,1301174,,6.0,2.140480630769231,11.038461538461538,13.0,0.0,,1.0
2013-01-17,5,1301175,,6.0,2.140480630769231,11.038461538461538,13.0,0.0,,1.0
2013-01-18,1,1301181,,6.0,2.2276280615384616,11.076923076923077,13.0,0.0,,1.0
2013-01-18,2,1301182,,6.0,2.2276280615384616,11.076923076923077,13.0,0.0,,1.0
2013-01-18,3,1301183,,6.0,2.2276280615384616,11.076923076923077,13.0,0.0,,1.0
2013-01-18,4,1301184,,6.0,2.2276280615384616,11.076923076923077,13.0,0.0,,1.0
2013-01-18,5,1301185,,6.0,2.2276280615384616,11.076923076923077,13.0,0.0,,1.0
2013-01-19,1,1301191,,6.0,2.3147754923076924,11.115384615384615,13.0,0.0,,1.0
2013-01-19,2,1301192,,6.0,2.3147754923076924,11.115384615384615,13.0,0.0,,1.0
2013-01-19,3,1301193,,6.0,2.3147754923076924,11.115384615384615,13.0,0.0,,1.0
2013-01-19,4,1301194,,6.0,2.3147754923076924,11.115384615384615,13.0,0.0,,1.0
2013-01-19,5,1301195,,6.0,2.3147754923076924,11.115384615384615,13.0,0.0,,1.0
2013-01-20,1,1301201,,6.0,2.4019229230769232,11.153846153846153,13.0,0.0,,1.0
2013-01-20,2,1301202,,6.0,2.4019229230769232,11.153846153846153,13.0,0.0,,1.0
2013-01-20,3,1301203,,6.0,2.4019229230769232,11.153846153846153,13.0,0.0,,1.0
2013-01-20,4,1301204,,6.0,2.4019229230769232,11.153846153846153,13.0,0.0,,1.0
2013-01-20,5,1301205,,6.0,2.4019229230769232,11.153846153846153,13.0,0.0,,1.0
2013-01-21,1,1301211,,6.0,2.489070353846154,11.192307692307692,13.0,0.0,,1.0
2013-01-21,2,1301212,,6.0,2.489070353846154,11.192307692307692,13.0,0.0,,1.0
2013-01-21,3,1301213,,6.0,2.489070353846154,11.192307692307692,13.0,0.0,,1.0
2013-01-21,4,1301214,,6.0,2.489070353846154,11.192307692307692,13.0,0.0,,1.0
2013-01-21,5,1301215,,6.0,2.489070353846154,11.192307692307692,13.0,0.0,,1.0
2013-01-22,1,1301221,,6.0,2.576217784615385,11.23076923076923,13.0,0.0,,1.0
2013-01-22,2,1301222,,6.0,2.576217784615385,11.23076923076923,13.0,0.0,,1.0
2013-01-22,3,1301223,,6.0,2.576217784615385,11.23076923076923,13.0,0.0,,1.0
2013-01-22,4,1301224,,6.0,2.576217784615385,11.23076923076923,13.0,0.0,,1.0
2013-01-22,5,1301225,,6.0,2.576217784615385,11.23076923076923,13.0,0.0,,1.0
2013-01-23,1,1301231,,6.0,2.6633652153846157,11.26923076923077,13.0,0.0,,1.0
2013-01-23,2,1301232,,6.0,2.6633652153846157,11.26923076923077,13.0,0.0,,1.0
2013-01-23,3,1301233,,6.0,2.6633652153846157,11.26923076923077,13.0,0.0,,1.0
2013-01-23,4,1301234,,6.0,2.6633652153846157,11.26923076923077,13.0,0.0,,1.0
2013-01-23,5,1301235,,6.0,2.6633652153846157,11.26923076923077,13.0,0.0,,1.0
2013-01-24,1,1301241,,6.0,2.7505126461538465,11.307692307692308,13.0,0.0,,1.0
2013-01-24,2,1301242,,6.0,2.7505126461538465,11.307692307692308,13.0,0.0,,1.0
2013-01-24,3,1301243,,6.0,2.7505126461538465,11.307692307692308,13.0,0.0,,1.0
2013-01-24,4,1301244,,6.0,2.7505126461538465,11.307692307692308,13.0,0.0,,1.0
2013-01-24,5,1301245,,6.0,2.7505126461538465,11.307692307692308,13.0,0.0,,1.0
2013-01-25,1,1301251,,6.0,2.837660076923077,11.346153846153847,13.0,0.0,,1.0
2013-01-25,2,1301252,,6.0,2.837660076923077,11.346153846153847,13.0,0.0,,1.0
2013-01-25,3,1301253,,6.0,2.837660076923077,11.346153846153847,13.0,0.0,,1.0
2013-01-25,4,1301254,,6.0,2.837660076923077,11.346153846153847,13.0,0.0,,1.0
2013-01-25,5,1301255,,6.0,2.837660076923077,11.346153846153847,13.0,0.0,,1.0
2013-01-26,1,1301261,,6.0,2.9248075076923077,11.384615384615385,13.0,0.0,,1.0
2013-01-26,2,1301262,,6.0,2.9248075076923077,11.384615384615385,13.0,0.0,,1.0
2013-01-26,3,1301263,,6.0,2.9248075076923077,11.384615384615385,13.0,0.0,,1.0
2013-01-26,4,1301264,,6.0,2.9248075076923077,11.384615384615385,13.0,0.0,,1.0
2013-01-26,5,1301265,,6.0,2.9248075076923077,11.384615384615385,13.0,0.0,,1.0
2013-01-27,1,1301271,,6.0,3.0119549384615385,11.423076923076923,13.0,0.0,,1.0
2013-01-27,2,1301272,,6.0,3.0119549384615385,11.423076923076923,13.0,0.0,,1.0
2013-01-27,3,1301273,,6.0,3.0119549384615385,11.423076923076923,13.0,0.0,,1.0
2013-01-27,4,1301274,,6.0,3.0119549384615385,11.423076923076923,13.0,0.0,,1.0
2013-01-27,5,1301275,,6.0,3.0119549384615385,11.423076923076923,13.0,0.0,,1.0
2013-01-28,1,1301281,,6.0,3.0991023692307693,11.461538461538462,13.0,0.0,,1.0
2013-01-28,2,1301282,,6.0,3.0991023692307693,11.461538461538462,13.0,0.0,,1.0
2013-01-28,3,1301283,,6.0,3.0991023692307693,11.461538461538462,13.0,0.0,,1.0
2013-01-28,4,1301284,,6.0,3.0991023692307693,11.461538461538462,13.0,0.0,,1.0
2013-01-28,5,1301285,,6.0,3.0991023692307693,11.461538461538462,13.0,0.0,,1.0
2013-01-29,1,1301291,,6.0,3.1862498,11.5,13.0,0.0,,1.0
2013-01-29,2,1301292,,6.0,3.1862498,11.5,13.0,0.0,,1.0
2013-01-29,3,1301293,,6.0,3.1862498,11.5,13.0,0.0,,1.0
2013-01-29,4,1301294,,6.0,3.1862498,11.5,13.0,0.0,,1.0
2013-01-29,5,1301295,,6.0,3.1862498,11.5,13.0,0.0,,1.0
2013-01-30,1,1301301,,6.0,3.273397230769231,11.538461538461538,13.0,0.0,,1.0
2013-01-30,2,1301302,,6.0,3.273397230769231,11.538461538461538,13.0,0.0,,1.0
2013-01-30,3,1301303,,6.0,3.273397230769231,11.538461538461538,13.0,0.0,,1.0
2013-01-30,4,1301304,,6.0,3.273397230769231,11.538461538461538,13.0,0.0,,1.0
2013-01-30,5,1301305,,6.0,3.273397230769231,11.538461538461538,13.0,0.0,,1.0
2013-01-31,1,1301311,,6.0,3.3605446615384618,11.576923076923077,13.0,0.0,1.0,1.0
2013-01-31,2,1301312,,6.0,3.3605446615384618,11.576923076923077,13.0,0.0,1.0,1.0
2013-01-31,3,1301313,,6.0,3.3605446615384618,11.576923076923077,13.0,0.0,1.0,1.0
2013-01-31,4,1301314,,6.0,3.3605446615384618,11.576923076923077,13.0,0.0,1.0,1.0
2013-01-31,5,1301315,,6.0,3.3605446615384618,11.576923076923077,13.0,0.0,1.0,1.0
2013-02-01,1,1302011,,6.0,3.4476920923076926,11.615384615384615,13.0,0.0,1.0,1.0
2013-02-01,2,1302012,,6.0,3.4476920923076926,11.615384615384615,13.0,0.0,1.0,1.0
2013-02-01,3,1302013,,6.0,3.4476920923076926,11.615384615384615,13.0,0.0,1.0,1.0
2013-02-01,4,1302014,,6.0,3.4476920923076926,11.615384615384615,13.0,0.0,1.0,1.0
2013-02-01,5,1302015,,6.0,3.4476920923076926,11.615384615384615,13.0,0.0,1.0,1.0
2013-02-02,1,1302021,,6.0,3.5348395230769234,11.653846153846153,13.0,0.0,0.0,1.0
2013-02-02,2,1302022,,6.0,3.5348395230769234,11.653846153846153,13.0,0.0,0.0,1.0
2013-02-02,3,1302023,,6.0,3.5348395230769234,11.653846153846153,13.0,0.0,0.0,1.0
2013-02-02,4,1302024,,6.0,3.5348395230769234,11.653846153846153,13.0,0.0,0.0,1.0
2013-02-02,5,1302025,,6.0,3.5348395230769234,11.653846153846153,13.0,0.0,0.0,1.0
2013-02-03,1,1302031,,6.0,3.621986953846154,11.692307692307692,13.0,0.0,0.0,1.0
2013-02-03,2,1302032,,6.0,3.621986953846154,11.692307692307692,13.0,0.0,0.0,1.0
2013-02-03,3,1302033,,6.0,3.621986953846154,11.692307692307692,13.0,0.0,0.0,1.0
2013-02-03,4,1302034,,6.0,3.621986953846154,11.692307692307692,13.0,0.0,0.0,1.0
2013-02-03,5,1302035,,6.0,3.621986953846154,11.692307692307692,13.0,0.0,0.0,1.0
2013-02-04,1,1302041,,6.0,3.7091343846153846,11.73076923076923,13.0,0.0,0.0,1.0
2013-02-04,2,1302042,,6.0,3.7091343846153846,11.73076923076923,13.0,0.0,0.0,1.0
2013-02-04,3,1302043,,6.0,3.7091343846153846,11.73076923076923,13.0,0.0,0.0,1.0
2013-02-04,4,1302044,,6.0,3.7091343846153846,11.73076923076923,13.0,0.0,0.0,1.0
2013-02-04,5,1302045,,6.0,3.7091343846153846,11.73076923076923,13.0,0.0,0.0,1.0
2013-02-05,1,1302051,,6.0,3.796281815384616,11.76923076923077,13.0,0.0,0.0,1.0
2013-02-05,2,1302052,,6.0,3.796281815384616,11.76923076923077,13.0,0.0,0.0,1.0
2013-02-05,3,1302053,,6.0,3.796281815384616,11.76923076923077,13.0,0.0,0.0,1.0
2013-02-05,4,1302054,,6.0,3.796281815384616,11.76923076923077,13.0,0.0,0.0,1.0
2013-02-05,5,1302055,,6.0,3.796281815384616,11.76923076923077,13.0,0.0,0.0,1.0
2013-02-06,1,1302061,,6.0,3.8834292461538467,11.807692307692308,13.0,0.0,0.0,1.0
2013-02-06,2,1302062,,6.0,3.8834292461538467,11.807692307692308,13.0,0.0,0.0,1.0
2013-02-06,3,1302063,,6.0,3.8834292461538467,11.807692307692308,13.0,0.0,0.0,1.0
2013-02-06,4,1302064,,6.0,3.8834292461538467,11.807692307692308,13.0,0.0,0.0,1.0
2013-02-06,5,1302065,,6.0,3.8834292461538467,11.807692307692308,13.0,0.0,0.0,1.0
2013-02-07,1,1302071,,6.0,3.9705766769230775,11.846153846153847,13.0,0.0,0.0,1.0
2013-02-07,2,1302072,,6.0,3.9705766769230775,11.846153846153847,13.0,0.0,0.0,1.0
2013-02-07,3,1302073,,6.0,3.9705766769230775,11.846153846153847,13.0,0.0,0.0,1.0
2013-02-07,4,1302074,,6.0,3.9705766769230775,11.846153846153847,13.0,0.0,0.0,1.0
2013-02-07,5,1302075,,6.0,3.9705766769230775,11.846153846153847,13.0,0.0,0.0,1.0
2013-02-08,1,1302081,,5.0,4.057724107692308,11.884615384615385,13.0,0.0,0.0,1.0
2013-02-08,2,1302082,,5.0,4.057724107692308,11.884615384615385,13.0,0.0,0.0,1.0
2013-02-08,3,1302083,,5.0,4.057724107692308,11.884615384615385,13.0,0.0,0.0,1.0
2013-02-08,4,1302084,,5.0,4.057724107692308,11.884615384615385,13.0,0.0,0.0,1.0
2013-02-08,5,1302085,,5.0,4.057724107692308,11.884615384615385,13.0,0.0,0.0,1.0
2013-02-09,1,1302091,,5.0,4.144871538461538,11.923076923076923,13.0,0.0,0.0,1.0
2013-02-09,2,1302092,,5.0,4.144871538461538,11.923076923076923,13.0,0.0,0.0,1.0
2013-02-09,3,1302093,,5.0,4.144871538461538,11.923076923076923,13.0,0.0,0.0,1.0
2013-02-09,4,1302094,,5.0,4.144871538461538,11.923076923076923,13.0,0.0,0.0,1.0
2013-02-09,5,1302095,,5.0,4.144871538461538,11.923076923076923,13.0,0.0,0.0,1.0
2013-02-10,1,1302101,,5.0,4.232018969230769,11.961538461538462,13.0,0.0,0.0,1.0
2013-02-10,2,1302102,,5.0,4.232018969230769,11.961538461538462,13.0,0.0,0.0,1.0
2013-02-10,3,1302103,,5.0,4.232018969230769,11.961538461538462,13.0,0.0,0.0,1.0
2013-02-10,4,1302104,,5.0,4.232018969230769,11.961538461538462,13.0,0.0,0.0,1.0
2013-02-10,5,1302105,,5.0,4.232018969230769,11.961538461538462,13.0,0.0,0.0,1.0
2013-02-11,1,1302111,,5.0,4.319166399999999,12.0,13.0,0.0,0.0,1.0
2013-02-11,2,1302112,,5.0,4.319166399999999,12.0,13.0,0.0,0.0,1.0
2013-02-11,3,1302113,,5.0,4.319166399999999,12.0,13.0,0.0,0.0,1.0
2013-02-11,4,1302114,,5.0,4.319166399999999,12.0,13.0,0.0,0.0,1.0
2013-02-11,5,1302115,,5.0,4.319166399999999,12.0,13.0,0.0,0.0,1.0
2013-02-12,1,1302121,,5.0,4.40631383076923,12.038461538461538,13.0,0.0,0.0,1.0
2013-02-12,2,1302122,,5.0,4.40631383076923,12.038461538461538,13.0,0.0,0.0,1.0
2013-02-12,3,1302123,,5.0,4.40631383076923,12.038461538461538,13.0,0.0,0.0,1.0
2013-02-12,4,1302124,,5.0,4.40631383076923,12.038461538461538,13.0,0.0,0.0,1.0
2013-02-12,5,1302125,,5.0,4.40631383076923,12.038461538461538,13.0,0.0,0.0,1.0
2013-02-13,1,1302131,,5.0,4.493461261538461,12.076923076923077,13.0,0.0,0.0,1.0
2013-02-13,2,1302132,,5.0,4.493461261538461,12.076923076923077,13.0,0.0,0.0,1.0
2013-02-13,3,1302133,,5.0,4.493461261538461,12.076923076923077,13.0,0.0,0.0,1.0
2013-02-13,4,1302134,,5.0,4.493461261538461,12.076923076923077,13.0,0.0,0.0,1.0
2013-02-13,5,1302135,,5.0,4.493461261538461,12.076923076923077,13.0,0.0,0.0,1.0
2013-02-14,1,1302141,,5.0,4.580608692307692,12.115384615384615,13.0,0.0,0.0,1.0
2013-02-14,2,1302142,,5.0,4.580608692307692,12.115384615384615,13.0,0.0,0.0,1.0
2013-02-14,3,1302143,,5.0,4.580608692307692,12.115384615384615,13.0,0.0,0.0,1.0
2013-02-14,4,1302144,,5.0,4.580608692307692,12.115384615384615,13.0,0.0,0.0,1.0
2013-02-14,5,1302145,,5.0,4.580608692307692,12.115384615384615,13.0,0.0,0.0,1.0
2013-02-15,1,1302151,,5.0,4.667756123076923,12.153846153846153,13.0,0.0,0.0,1.0
2013-02-15,2,1302152,,5.0,4.667756123076923,12.153846153846153,13.0,0.0,0.0,1.0
2013-02-15,3,1302153,,5.0,4.667756123076923,12.153846153846153,13.0,0.0,0.0,1.0
2013-02-15,4,1302154,,5.0,4.667756123076923,12.153846153846153,13.0,0.0,0.0,1.0
2013-02-15,5,1302155,,5.0,4.667756123076923,12.153846153846153,13.0,0.0,0.0,1.0
2013-02-16,1,1302161,,5.0,4.7549035538461535,12.192307692307693,13.0,0.0,0.0,1.0
2013-02-16,2,1302162,,5.0,4.7549035538461535,12.192307692307693,13.0,0.0,0.0,1.0
2013-02-16,3,1302163,,5.0,4.7549035538461535,12.192307692307693,13.0,0.0,0.0,1.0
2013-02-16,4,1302164,,5.0,4.7549035538461535,12.192307692307693,13.0,0.0,0.0,1.0
2013-02-16,5,1302165,,5.0,4.7549035538461535,12.192307692307693,13.0,0.0,0.0,1.0
2013-02-17,1,1302171,,5.0,4.842050984615384,12.23076923076923,13.0,0.0,0.0,1.0
2013-02-17,2,1302172,,5.0,4.842050984615384,12.23076923076923,13.0,0.0,0.0,1.0
2013-02-17,3,1302173,,5.0,4.842050984615384,12.23076923076923,13.0,0.0,0.0,1.0
2013-02-17,4,1302174,,5.0,4.842050984615384,12.23076923076923,13.0,0.0,0.0,1.0
2013-02-17,5,1302175,,5.0,4.842050984615384,12.23076923076923,13.0,0.0,0.0,1.0
2013-02-18,1,1302181,,5.0,4.929198415384615,12.26923076923077,13.0,0.0,0.0,1.0
2013-02-18,2,1302182,,5.0,4.929198415384615,12.26923076923077,13.0,0.0,0.0,1.0
2013-02-18,3,1302183,,5.0,4.929198415384615,12.26923076923077,13.0,0.0,0.0,1.0
2013-02-18,4,1302184,,5.0,4.929198415384615,12.26923076923077,13.0,0.0,0.0,1.0
2013-02-18,5,1302185,,5.0,4.929198415384615,12.26923076923077,13.0,0.0,0.0,1.0
2013-02-19,1,1302191,,5.0,5.016345846153846,12.307692307692307,13.0,0.0,0.0,1.0
2013-02-19,2,1302192,,5.0,5.016345846153846,12.307692307692307,13.0,0.0,0.0,1.0
2013-02-19,3,1302193,,5.0,5.016345846153846,12.307692307692307,13.0,0.0,0.0,1.0
2013-02-19,4,1302194,,5.0,5.016345846153846,12.307692307692307,13.0,0.0,0.0,1.0
2013-02-19,5,1302195,,5.0,5.016345846153846,12.307692307692307,13.0,0.0,0.0,1.0
2013-02-20,1,1302201,,5.0,5.103493276923077,12.346153846153847,13.0,0.0,0.0,1.0
2013-02-20,2,1302202,,5.0,5.103493276923077,12.346153846153847,13.0,0.0,0.0,1.0
2013-02-20,3,1302203,,5.0,5.103493276923077,12.346153846153847,13.0,0.0,0.0,1.0
2013-02-20,4,1302204,,5.0,5.103493276923077,12.346153846153847,13.0,0.0,0.0,1.0
2013-02-20,5,1302205,,5.0,5.103493276923077,12.346153846153847,13.0,0.0,0.0,1.0
2013-02-21,1,1302211,,5.0,5.190640707692308,12.384615384615385,13.0,0.0,0.0,1.0
2013-02-21,2,1302212,,5.0,5.190640707692308,12.384615384615385,13.0,0.0,0.0,1.0
2013-02-21,3,1302213,,5.0,5.190640707692308,12.384615384615385,13.0,0.0,0.0,1.0
2013-02-21,4,1302214,,5.0,5.190640707692308,12.384615384615385,13.0,0.0,0.0,1.0
2013-02-21,5,1302215,,5.0,5.190640707692308,12.384615384615385,13.0,0.0,0.0,1.0
2013-02-22,1,1302221,,5.0,5.277788138461538,12.423076923076923,13.0,0.0,0.0,1.0
2013-02-22,2,1302222,,5.0,5.277788138461538,12.423076923076923,13.0,0.0,0.0,1.0
2013-02-22,3,1302223,,5.0,5.277788138461538,12.423076923076923,13.0,0.0,0.0,1.0
2013-02-22,4,1302224,,5.0,5.277788138461538,12.423076923076923,13.0,0.0,0.0,1.0
2013-02-22,5,1302225,,5.0,5.277788138461538,12.423076923076923,13.0,0.0,0.0,1.0
2013-02-23,1,1302231,,5.0,5.364935569230769,12.461538461538462,13.0,0.0,0.0,1.0
2013-02-23,2,1302232,,5.0,5.364935569230769,12.461538461538462,13.0,0.0,0.0,1.0
2013-02-23,3,1302233,,5.0,5.364935569230769,12.461538461538462,13.0,0.0,0.0,1.0
2013-02-23,4,1302234,,5.0,5.364935569230769,12.461538461538462,13.0,0.0,0.0,1.0
2013-02-23,5,1302235,,5.0,5.364935569230769,12.461538461538462,13.0,0.0,0.0,1.0
2013-02-24,1,1302241,,5.0,5.452083,12.5,13.0,0.0,0.0,1.0
2013-02-24,2,1302242,,5.0,5.452083,12.5,13.0,0.0,0.0,1.0
2013-02-24,3,1302243,,5.0,5.452083,12.5,13.0,0.0,0.0,1.0
2013-02-24,4,1302244,,5.0,5.452083,12.5,13.0,0.0,0.0,1.0
2013-02-24,5,1302245,,5.0,5.452083,12.5,13.0,0.0,0.0,1.0
2013-02-25,1,1302251,,5.0,5.539230430769231,12.538461538461538,13.0,0.0,0.0,1.0
2013-02-25,2,1302252,,5.0,5.539230430769231,12.538461538461538,13.0,0.0,0.0,1.0
2013-02-25,3,1302253,,5.0,5.539230430769231,12.538461538461538,13.0,0.0,0.0,1.0
2013-02-25,4,1302254,,5.0,5.539230430769231,12.538461538461538,13.0,0.0,0.0,1.0
2013-02-25,5,1302255,,5.0,5.539230430769231,12.538461538461538,13.0,0.0,0.0,1.0
2013-02-26,1,1302261,,5.0,5.626377861538462,12.576923076923077,13.0,0.0,0.0,1.0
2013-02-26,2,1302262,,5.0,5.626377861538462,12.576923076923077,13.0,0.0,0.0,1.0
2013-02-26,3,1302263,,5.0,5.626377861538462,12.576923076923077,13.0,0.0,0.0,1.0
2013-02-26,4,1302264,,5.0,5.626377861538462,12.576923076923077,13.0,0.0,0.0,1.0
2013-02-26,5,1302265,,5.0,5.626377861538462,12.576923076923077,13.0,0.0,0.0,1.0
2013-02-27,1,1302271,,5.0,5.7135252923076925,12.615384615384615,13.0,0.0,0.0,1.0
2013-02-27,2,1302272,,5.0,5.7135252923076925,12.615384615384615,13.0,0.0,0.0,1.0
2013-02-27,3,1302273,,5.0,5.7135252923076925,12.615384615384615,13.0,0.0,0.0,1.0
2013-02-27,4,1302274,,5.0,5.7135252923076925,12.615384615384615,13.0,0.0,0.0,1.0
2013-02-27,5,1302275,,5.0,5.7135252923076925,12.615384615384615,13.0,0.0,0.0,1.0
2013-02-28,1,1302281,,5.0,5.800672723076923,12.653846153846153,13.0,0.0,0.0,1.0
2013-02-28,2,1302282,,5.0,5.800672723076923,12.653846153846153,13.0,0.0,0.0,1.0
2013-02-28,3,1302283,,5.0,5.800672723076923,12.653846153846153,13.0,0.0,0.0,1.0
2013-02-28,4,1302284,,5.0,5.800672723076923,12.653846153846153,13.0,0.0,0.0,1.0
2013-02-28,5,1302285,,5.0,5.800672723076923,12.653846153846153,13.0,0.0,0.0,1.0
2013-03-01,1,1303011,,5.0,5.887820153846153,12.692307692307693,13.0,0.0,0.0,1.0
2013-03-01,2,1303012,,5.0,5.887820153846153,12.692307692307693,13.0,0.0,0.0,1.0
2013-03-01,3,1303013,,5.0,5.887820153846153,12.692307692307693,13.0,0.0,0.0,1.0
2013-03-01,4,1303014,,5.0,5.887820153846153,12.692307692307693,13.0,0.0,0.0,1.0
2013-03-01,5,1303015,,5.0,5.887820153846153,12.692307692307693,13.0,0.0,0.0,1.0
2013-03-02,1,1303021,,5.0,5.974967584615384,12.73076923076923,13.0,0.0,0.0,1.0
2013-03-02,2,1303022,,5.0,5.974967584615384,12.73076923076923,13.0,0.0,0.0,1.0
2013-03-02,3,1303023,,5.0,5.974967584615384,12.73076923076923,13.0,0.0,0.0,1.0
2013-03-02,4,1303024,,5.0,5.974967584615384,12.73076923076923,13.0,0.0,0.0,1.0
2013-03-02,5,1303025,,5.0,5.974967584615384,12.73076923076923,13.0,0.0,0.0,1.0
2013-03-03,1,1303031,,5.0,6.062115015384615,12.76923076923077,13.0,0.0,0.0,1.0
2013-03-03,2,1303032,,5.0,6.062115015384615,12.76923076923077,13.0,0.0,0.0,1.0
2013-03-03,3,1303033,,5.0,6.062115015384615,12.76923076923077,13.0,0.0,0.0,1.0
2013-03-03,4,1303034,,5.0,6.062115015384615,12.76923076923077,13.0,0.0,0.0,1.0
2013-03-03,5,1303035,,5.0,6.062115015384615,12.76923076923077,13.0,0.0,0.0,1.0
2013-03-04,1,1303041,,5.0,6.149262446153846,12.807692307692307,13.0,0.0,0.0,1.0
2013-03-04,2,1303042,,5.0,6.149262446153846,12.807692307692307,13.0,0.0,0.0,1.0
2013-03-04,3,1303043,,5.0,6.149262446153846,12.807692307692307,13.0,0.0,0.0,1.0
2013-03-04,4,1303044,,5.0,6.149262446153846,12.807692307692307,13.0,0.0,0.0,1.0
2013-03-04,5,1303045,,5.0,6.149262446153846,12.807692307692307,13.0,0.0,0.0,1.0
2013-03-05,1,1303051,,5.0,6.2364098769230765,12.846153846153847,13.0,0.0,0.0,1.0
2013-03-05,2,1303052,,5.0,6.2364098769230765,12.846153846153847,13.0,0.0,0.0,1.0
2013-03-05,3,1303053,,5.0,6.2364098769230765,12.846153846153847,13.0,0.0,0.0,1.0
2013-03-05,4,1303054,,5.0,6.2364098769230765,12.846153846153847,13.0,0.0,0.0,1.0
2013-03-05,5,1303055,,5.0,6.2364098769230765,12.846153846153847,13.0,0.0,0.0,1.0
2013-03-06,1,1303061,,5.0,6.323557307692307,12.884615384615385,13.0,0.0,0.0,1.0
2013-03-06,2,1303062,,5.0,6.323557307692307,12.884615384615385,13.0,0.0,0.0,1.0
2013-03-06,3,1303063,,5.0,6.323557307692307,12.884615384615385,13.0,0.0,0.0,1.0
2013-03-06,4,1303064,,5.0,6.323557307692307,12.884615384615385,13.0,0.0,0.0,1.0
2013-03-06,5,1303065,,5.0,6.323557307692307,12.884615384615385,13.0,0.0,0.0,1.0
2013-03-07,1,1303071,,5.0,6.410704738461538,12.923076923076923,13.0,0.0,0.0,1.0
2013-03-07,2,1303072,,5.0,6.410704738461538,12.923076923076923,13.0,0.0,0.0,1.0
2013-03-07,3,1303073,,5.0,6.410704738461538,12.923076923076923,13.0,0.0,0.0,1.0
2013-03-07,4,1303074,,5.0,6.410704738461538,12.923076923076923,13.0,0.0,0.0,1.0
2013-03-07,5,1303075,,5.0,6.410704738461538,12.923076923076923,13.0,0.0,0.0,1.0
2013-03-08,1,1303081,,5.0,6.497852169230769,12.961538461538462,13.0,0.0,0.0,1.0
2013-03-08,2,1303082,,5.0,6.497852169230769,12.961538461538462,13.0,0.0,0.0,1.0
2013-03-08,3,1303083,,5.0,6.497852169230769,12.961538461538462,13.0,0.0,0.0,1.0
2013-03-08,4,1303084,,5.0,6.497852169230769,12.961538461538462,13.0,0.0,0.0,1.0
2013-03-08,5,1303085,,5.0,6.497852169230769,12.961538461538462,13.0,0.0,0.0,1.0
2013-03-09,1,1303091,,5.0,6.5849996,13.0,13.0,0.0,0.0,1.0
2013-03-09,2,1303092,,5.0,6.5849996,13.0,13.0,0.0,0.0,1.0
2013-03-09,3,1303093,,5.0,6.5849996,13.0,13.0,0.0,0.0,1.0
2013-03-09,4,1303094,,5.0,6.5849996,13.0,13.0,0.0,0.0,1.0
2013-03-09,5,1303095,,5.0,6.5849996,13.0,13.0,0.0,0.0,1.0
2013-03-10,1,1303101,,5.0,6.6721470307692305,13.038461538461538,13.0,0.0,0.0,1.0
2013-03-10,2,1303102,,5.0,6.6721470307692305,13.038461538461538,13.0,0.0,0.0,1.0
2013-03-10,3,1303103,,5.0,6.6721470307692305,13.038461538461538,13.0,0.0,0.0,1.0
2013-03-10,4,1303104,,5.0,6.6721470307692305,13.038461538461538,13.0,0.0,0.0,1.0
2013-03-10,5,1303105,,5.0,6.6721470307692305,13.038461538461538,13.0,0.0,0.0,1.0
2013-03-11,1,1303111,,5.0,6.759294461538461,13.076923076923077,13.0,0.0,0.0,1.0
2013-03-11,2,1303112,,5.0,6.759294461538461,13.076923076923077,13.0,0.0,0.0,1.0
2013-03-11,3,1303113,,5.0,6.759294461538461,13.076923076923077,13.0,0.0,0.0,1.0
2013-03-11,4,1303114,,5.0,6.759294461538461,13.076923076923077,13.0,0.0,0.0,1.0
2013-03-11,5,1303115,,5.0,6.759294461538461,13.076923076923077,13.0,0.0,0.0,1.0
2013-03-12,1,1303121,,5.0,6.846441892307692,13.115384615384615,13.0,0.0,0.0,1.0
2013-03-12,2,1303122,,5.0,6.846441892307692,13.115384615384615,13.0,0.0,0.0,1.0
2013-03-12,3,1303123,,5.0,6.846441892307692,13.115384615384615,13.0,0.0,0.0,1.0
2013-03-12,4,1303124,,5.0,6.846441892307692,13.115384615384615,13.0,0.0,0.0,1.0
2013-03-12,5,1303125,,5.0,6.846441892307692,13.115384615384615,13.0,0.0,0.0,1.0
2013-03-13,1,1303131,,4.0,6.933589323076923,13.153846153846153,13.0,0.0,0.0,1.0
2013-03-13,2,1303132,,4.0,6.933589323076923,13.153846153846153,13.0,0.0,0.0,1.0
2013-03-13,3,1303133,,4.0,6.933589323076923,13.153846153846153,13.0,0.0,0.0,1.0
2013-03-13,4,1303134,,4.0,6.933589323076923,13.153846153846153,13.0,0.0,0.0,1.0
2013-03-13,5,1303135,,4.0,6.933589323076923,13.153846153846153,13.0,0.0,0.0,1.0
2013-03-14,1,1303141,,4.0,7.020736753846154,13.192307692307692,13.0,0.0,0.0,1.0
2013-03-14,2,1303142,,4.0,7.020736753846154,13.192307692307692,13.0,0.0,0.0,1.0
2013-03-14,3,1303143,,4.0,7.020736753846154,13.192307692307692,13.0,0.0,0.0,1.0
2013-03-14,4,1303144,,4.0,7.020736753846154,13.192307692307692,13.0,0.0,0.0,1.0
2013-03-14,5,1303145,,4.0,7.020736753846154,13.192307692307692,13.0,0.0,0.0,1.0
2013-03-15,1,1303151,,4.0,7.107884184615385,13.23076923076923,13.0,0.0,0.0,1.0
2013-03-15,2,1303152,,4.0,7.107884184615385,13.23076923076923,13.0,0.0,0.0,1.0
2013-03-15,3,1303153,,4.0,7.107884184615385,13.23076923076923,13.0,0.0,0.0,1.0
2013-03-15,4,1303154,,4.0,7.107884184615385,13.23076923076923,13.0,0.0,0.0,1.0
2013-03-15,5,1303155,,4.0,7.107884184615385,13.23076923076923,13.0,0.0,0.0,1.0
2013-03-16,1,1303161,,4.0,7.195031615384615,13.26923076923077,13.0,0.0,0.0,1.0
2013-03-16,2,1303162,,4.0,7.195031615384615,13.26923076923077,13.0,0.0,0.0,1.0
2013-03-16,3,1303163,,4.0,7.195031615384615,13.26923076923077,13.0,0.0,0.0,1.0
2013-03-16,4,1303164,,4.0,7.195031615384615,13.26923076923077,13.0,0.0,0.0,1.0
2013-03-16,5,1303165,,4.0,7.195031615384615,13.26923076923077,13.0,0.0,0.0,1.0
2013-03-17,1,1303171,,4.0,7.282179046153846,13.307692307692307,13.0,0.0,0.0,1.0
2013-03-17,2,1303172,,4.0,7.282179046153846,13.307692307692307,13.0,0.0,0.0,1.0
2013-03-17,3,1303173,,4.0,7.282179046153846,13.307692307692307,13.0,0.0,0.0,1.0
2013-03-17,4,1303174,,4.0,7.282179046153846,13.307692307692307,13.0,0.0,0.0,1.0
2013-03-17,5,1303175,,4.0,7.282179046153846,13.307692307692307,13.0,0.0,0.0,1.0
2013-03-18,1,1303181,,4.0,7.369326476923077,13.346153846153847,13.0,0.0,0.0,1.0
2013-03-18,2,1303182,,4.0,7.369326476923077,13.346153846153847,13.0,0.0,0.0,1.0
2013-03-18,3,1303183,,4.0,7.369326476923077,13.346153846153847,13.0,0.0,0.0,1.0
2013-03-18,4,1303184,,4.0,7.369326476923077,13.346153846153847,13.0,0.0,0.0,1.0
2013-03-18,5,1303185,,4.0,7.369326476923077,13.346153846153847,13.0,0.0,0.0,1.0
2013-03-19,1,1303191,,4.0,7.456473907692308,13.384615384615385,13.0,0.0,0.0,1.0
2013-03-19,2,1303192,,4.0,7.456473907692308,13.384615384615385,13.0,0.0,0.0,1.0
2013-03-19,3,1303193,,4.0,7.456473907692308,13.384615384615385,13.0,0.0,0.0,1.0
2013-03-19,4,1303194,,4.0,7.456473907692308,13.384615384615385,13.0,0.0,0.0,1.0
2013-03-19,5,1303195,,4.0,7.456473907692308,13.384615384615385,13.0,0.0,0.0,1.0
2013-03-20,1,1303201,,4.0,7.543621338461539,13.423076923076923,13.0,0.0,0.0,1.0
2013-03-20,2,1303202,,4.0,7.543621338461539,13.423076923076923,13.0,0.0,0.0,1.0
2013-03-20,3,1303203,,4.0,7.543621338461539,13.423076923076923,13.0,0.0,0.0,1.0
2013-03-20,4,1303204,,4.0,7.543621338461539,13.423076923076923,13.0,0.0,0.0,1.0
2013-03-20,5,1303205,,4.0,7.543621338461539,13.423076923076923,13.0,0.0,0.0,1.0
2013-03-21,1,1303211,,4.0,7.630768769230769,13.461538461538462,13.0,0.0,0.0,1.0
2013-03-21,2,1303212,,4.0,7.630768769230769,13.461538461538462,13.0,0.0,0.0,1.0
2013-03-21,3,1303213,,4.0,7.630768769230769,13.461538461538462,13.0,0.0,0.0,1.0
2013-03-21,4,1303214,,4.0,7.630768769230769,13.461538461538462,13.0,0.0,0.0,1.0
2013-03-21,5,1303215,,4.0,7.630768769230769,13.461538461538462,13.0,0.0,0.0,1.0
2013-03-22,1,1303221,,4.0,7.7179161999999994,13.5,13.0,0.0,0.0,1.0
2013-03-22,2,1303222,,4.0,7.7179161999999994,13.5,13.0,0.0,0.0,1.0
2013-03-22,3,1303223,,4.0,7.7179161999999994,13.5,13.0,0.0,0.0,1.0
2013-03-22,4,1303224,,4.0,7.7179161999999994,13.5,13.0,0.0,0.0,1.0
2013-03-22,5,1303225,,4.0,7.7179161999999994,13.5,13.0,0.0,0.0,1.0
2013-03-23,1,1303231,,4.0,7.805063630769231,13.538461538461538,13.0,0.0,0.0,1.0
2013-03-23,2,1303232,,4.0,7.805063630769231,13.538461538461538,13.0,0.0,0.0,1.0
2013-03-23,3,1303233,,4.0,7.805063630769231,13.538461538461538,13.0,0.0,0.0,1.0
2013-03-23,4,1303234,,4.0,7.805063630769231,13.538461538461538,13.0,0.0,0.0,1.0
2013-03-23,5,1303235,,4.0,7.805063630769231,13.538461538461538,13.0,0.0,0.0,1.0
2013-03-24,1,1303241,,4.0,7.892211061538461,13.576923076923077,13.0,0.0,0.0,1.0
2013-03-24,2,1303242,,4.0,7.892211061538461,13.576923076923077,13.0,0.0,0.0,1.0
2013-03-24,3,1303243,,4.0,7.892211061538461,13.576923076923077,13.0,0.0,0.0,1.0
2013-03-24,4,1303244,,4.0,7.892211061538461,13.576923076923077,13.0,0.0,0.0,1.0
2013-03-24,5,1303245,,4.0,7.892211061538461,13.576923076923077,13.0,0.0,0.0,1.0
2013-03-25,1,1303251,,4.0,7.979358492307693,13.615384615384615,13.0,0.0,0.0,1.0
2013-03-25,2,1303252,,4.0,7.979358492307693,13.615384615384615,13.0,0.0,0.0,1.0
2013-03-25,3,1303253,,4.0,7.979358492307693,13.615384615384615,13.0,0.0,0.0,1.0
2013-03-25,4,1303254,,4.0,7.979358492307693,13.615384615384615,13.0,0.0,0.0,1.0
2013-03-25,5,1303255,,4.0,7.979358492307693,13.615384615384615,13.0,0.0,0.0,1.0
2013-03-26,1,1303261,,4.0,8.066505923076923,13.653846153846153,13.0,0.0,0.0,1.0
2013-03-26,2,1303262,,4.0,8.066505923076923,13.653846153846153,13.0,0.0,0.0,1.0
2013-03-26,3,1303263,,4.0,8.066505923076923,13.653846153846153,13.0,0.0,0.0,1.0
2013-03-26,4,1303264,,4.0,8.066505923076923,13.653846153846153,13.0,0.0,0.0,1.0
2013-03-26,5,1303265,,4.0,8.066505923076923,13.653846153846153,13.0,0.0,0.0,1.0
2013-03-27,1,1303271,,4.0,8.153653353846154,13.692307692307692,13.0,0.0,0.0,1.0
2013-03-27,2,1303272,,4.0,8.153653353846154,13.692307692307692,13.0,0.0,0.0,1.0
2013-03-27,3,1303273,,4.0,8.153653353846154,13.692307692307692,13.0,0.0,0.0,1.0
2013-03-27,4,1303274,,4.0,8.153653353846154,13.692307692307692,13.0,0.0,0.0,1.0
2013-03-27,5,1303275,,4.0,8.153653353846154,13.692307692307692,13.0,0.0,0.0,1.0
2013-03-28,1,1303281,,4.0,8.240800784615384,13.73076923076923,13.0,0.0,0.0,1.0
2013-03-28,2,1303282,,4.0,8.240800784615384,13.73076923076923,13.0,0.0,0.0,1.0
2013-03-28,3,1303283,,4.0,8.240800784615384,13.73076923076923,13.0,0.0,0.0,1.0
2013-03-28,4,1303284,,4.0,8.240800784615384,13.73076923076923,13.0,0.0,0.0,1.0
2013-03-28,5,1303285,,4.0,8.240800784615384,13.73076923076923,13.0,0.0,0.0,1.0
2013-03-29,1,1303291,,4.0,8.327948215384616,13.76923076923077,13.0,0.0,1.0,1.0
2013-03-29,2,1303292,,4.0,8.327948215384616,13.76923076923077,13.0,0.0,1.0,1.0
2013-03-29,3,1303293,,4.0,8.327948215384616,13.76923076923077,13.0,0.0,1.0,1.0
2013-03-29,4,1303294,,4.0,8.327948215384616,13.76923076923077,13.0,0.0,1.0,1.0
2013-03-29,5,1303295,,4.0,8.327948215384616,13.76923076923077,13.0,0.0,1.0,1.0
2013-03-30,1,1303301,,4.0,8.415095646153846,13.807692307692307,13.0,0.0,1.0,1.0
2013-03-30,2,1303302,,4.0,8.415095646153846,13.807692307692307,13.0,0.0,1.0,1.0
2013-03-30,3,1303303,,4.0,8.415095646153846,13.807692307692307,13.0,0.0,1.0,1.0
2013-03-30,4,1303304,,4.0,8.415095646153846,13.807692307692307,13.0,0.0,1.0,1.0
2013-03-30,5,1303305,,4.0,8.415095646153846,13.807692307692307,13.0,0.0,1.0,1.0
2013-03-31,1,1303311,,4.0,8.502243076923076,13.846153846153847,13.0,0.0,1.0,1.0
2013-03-31,2,1303312,,4.0,8.502243076923076,13.846153846153847,13.0,0.0,1.0,1.0
2013-03-31,3,1303313,,4.0,8.502243076923076,13.846153846153847,13.0,0.0,1.0,1.0
2013-03-31,4,1303314,,4.0,8.502243076923076,13.846153846153847,13.0,0.0,1.0,1.0
2013-03-31,5,1303315,,4.0,8.502243076923076,13.846153846153847,13.0,0.0,1.0,1.0
2013-04-01,1,1304011,,4.0,8.589390507692308,13.884615384615385,13.0,0.0,1.0,1.0
2013-04-01,2,1304012,,4.0,8.589390507692308,13.884615384615385,13.0,0.0,1.0,1.0
2013-04-01,3,1304013,,4.0,8.589390507692308,13.884615384615385,13.0,0.0,1.0,1.0
2013-04-01,4,1304014,,4.0,8.589390507692308,13.884615384615385,13.0,0.0,1.0,1.0
2013-04-01,5,1304015,,4.0,8.589390507692308,13.884615384615385,13.0,0.0,1.0,1.0
2013-04-02,1,1304021,,4.0,8.676537938461538,13.923076923076923,13.0,0.0,1.0,1.0
2013-04-02,2,1304022,,4.0,8.676537938461538,13.923076923076923,13.0,0.0,1.0,1.0
2013-04-02,3,1304023,,4.0,8.676537938461538,13.923076923076923,13.0,0.0,1.0,1.0
2013-04-02,4,1304024,,4.0,8.676537938461538,13.923076923076923,13.0,0.0,1.0,1.0
2013-04-02,5,1304025,,4.0,8.676537938461538,13.923076923076923,13.0,0.0,1.0,1.0
2013-04-03,1,1304031,,4.0,8.76368536923077,13.961538461538462,13.0,0.0,1.0,1.0
2013-04-03,2,1304032,,4.0,8.76368536923077,13.961538461538462,13.0,0.0,1.0,1.0
2013-04-03,3,1304033,,4.0,8.76368536923077,13.961538461538462,13.0,0.0,1.0,1.0
2013-04-03,4,1304034,,4.0,8.76368536923077,13.961538461538462,13.0,0.0,1.0,1.0
2013-04-03,5,1304035,,4.0,8.76368536923077,13.961538461538462,13.0,0.0,1.0,1.0
2013-04-04,1,1304041,,4.0,8.8508328,14.0,13.0,0.0,1.0,1.0
2013-04-04,2,1304042,,4.0,8.8508328,14.0,13.0,0.0,1.0,1.0
2013-04-04,3,1304043,,4.0,8.8508328,14.0,13.0,0.0,1.0,1.0
2013-04-04,4,1304044,,4.0,8.8508328,14.0,13.0,0.0,1.0,1.0
2013-04-04,5,1304045,,4.0,8.8508328,14.0,13.0,0.0,1.0,1.0
2013-04-05,1,1304051,,4.0,8.93798023076923,14.038461538461538,13.0,0.0,1.0,1.0
2013-04-05,2,1304052,,4.0,8.93798023076923,14.038461538461538,13.0,0.0,1.0,1.0
2013-04-05,3,1304053,,4.0,8.93798023076923,14.038461538461538,13.0,0.0,1.0,1.0
2013-04-05,4,1304054,,4.0,8.93798023076923,14.038461538461538,13.0,0.0,1.0,1.0
2013-04-05,5,1304055,,4.0,8.93798023076923,14.038461538461538,13.0,0.0,1.0,1.0
2013-04-06,1,1304061,,4.0,9.02512766153846,14.076923076923077,13.0,0.0,1.0,1.0
2013-04-06,2,1304062,,4.0,9.02512766153846,14.076923076923077,13.0,0.0,1.0,1.0
2013-04-06,3,1304063,,4.0,9.02512766153846,14.076923076923077,13.0,0.0,1.0,1.0
2013-04-06,4,1304064,,4.0,9.02512766153846,14.076923076923077,13.0,0.0,1.0,1.0
2013-04-06,5,1304065,,4.0,9.02512766153846,14.076923076923077,13.0,0.0,1.0,1.0
2013-04-07,1,1304071,,4.0,9.112275092307693,14.115384615384615,13.0,0.0,1.0,1.0
2013-04-07,2,1304072,,4.0,9.112275092307693,14.115384615384615,13.0,0.0,1.0,1.0
2013-04-07,3,1304073,,4.0,9.112275092307693,14.115384615384615,13.0,0.0,1.0,1.0
2013-04-07,4,1304074,,4.0,9.112275092307693,14.115384615384615,13.0,0.0,1.0,1.0
2013-04-07,5,1304075,,4.0,9.112275092307693,14.115384615384615,13.0,0.0,1.0,1.0
2013-04-08,1,1304081,,4.0,9.199422523076922,14.153846153846153,13.0,0.0,1.0,1.0
2013-04-08,2,1304082,,4.0,9.199422523076922,14.153846153846153,13.0,0.0,1.0,1.0
2013-04-08,3,1304083,,4.0,9.199422523076922,14.153846153846153,13.0,0.0,1.0,1.0
2013-04-08,4,1304084,,4.0,9.199422523076922,14.153846153846153,13.0,0.0,1.0,1.0
2013-04-08,5,1304085,,4.0,9.199422523076922,14.153846153846153,13.0,0.0,1.0,1.0
2013-04-09,1,1304091,,4.0,9.286569953846154,14.192307692307693,13.0,0.0,1.0,1.0
2013-04-09,2,1304092,,4.0,9.286569953846154,14.192307692307693,13.0,0.0,1.0,1.0
2013-04-09,3,1304093,,4.0,9.286569953846154,14.192307692307693,13.0,0.0,1.0,1.0
2013-04-09,4,1304094,,4.0,9.286569953846154,14.192307692307693,13.0,0.0,1.0,1.0
2013-04-09,5,1304095,,4.0,9.286569953846154,14.192307692307693,13.0,0.0,1.0,1.0
2013-04-10,1,1304101,,4.0,9.373717384615384,14.23076923076923,13.0,0.0,1.0,1.0
2013-04-10,2,1304102,,4.0,9.373717384615384,14.23076923076923,13.0,0.0,1.0,1.0
2013-04-10,3,1304103,,4.0,9.373717384615384,14.23076923076923,13.0,0.0,1.0,1.0
2013-04-10,4,1304104,,4.0,9.373717384615384,14.23076923076923,13.0,0.0,1.0,1.0
2013-04-10,5,1304105,,4.0,9.373717384615384,14.23076923076923,13.0,0.0,1.0,1.0
2013-04-11,1,1304111,,4.0,9.460864815384616,14.26923076923077,13.0,0.0,1.0,1.0
2013-04-11,2,1304112,,4.0,9.460864815384616,14.26923076923077,13.0,0.0,1.0,1.0
2013-04-11,3,1304113,,4.0,9.460864815384616,14.26923076923077,13.0,0.0,1.0,1.0
2013-04-11,4,1304114,,4.0,9.460864815384616,14.26923076923077,13.0,0.0,1.0,1.0
2013-04-11,5,1304115,,4.0,9.460864815384616,14.26923076923077,13.0,0.0,1.0,1.0
2013-04-12,1,1304121,,4.0,9.548012246153846,14.307692307692307,13.0,0.0,1.0,1.0
2013-04-12,2,1304122,,4.0,9.548012246153846,14.307692307692307,13.0,0.0,1.0,1.0
2013-04-12,3,1304123,,4.0,9.548012246153846,14.307692307692307,13.0,0.0,1.0,1.0
2013-04-12,4,1304124,,4.0,9.548012246153846,14.307692307692307,13.0,0.0,1.0,1.0
2013-04-12,5,1304125,,4.0,9.548012246153846,14.307692307692307,13.0,0.0,1.0,1.0
2013-04-13,1,1304131,,4.0,9.635159676923077,14.346153846153847,13.0,0.0,1.0,1.0
2013-04-13,2,1304132,,4.0,9.635159676923077,14.346153846153847,13.0,0.0,1.0,1.0
2013-04-13,3,1304133,,4.0,9.635159676923077,14.346153846153847,13.0,0.0,1.0,1.0
2013-04-13,4,1304134,,4.0,9.635159676923077,14.346153846153847,13.0,0.0,1.0,1.0
2013-04-13,5,1304135,,4.0,9.635159676923077,14.346153846153847,13.0,0.0,1.0,1.0
2013-04-14,1,1304141,,3.0,9.722307107692307,14.384615384615385,13.0,0.0,0.0,1.0
2013-04-14,2,1304142,,3.0,9.722307107692307,14.384615384615385,13.0,0.0,0.0,1.0
2013-04-14,3,1304143,,3.0,9.722307107692307,14.384615384615385,13.0,0.0,0.0,1.0
2013-04-14,4,1304144,,3.0,9.722307107692307,14.384615384615385,13.0,0.0,0.0,1.0
2013-04-14,5,1304145,,3.0,9.722307107692307,14.384615384615385,13.0,0.0,0.0,1.0
2013-04-15,1,1304151,,3.0,9.809454538461539,14.423076923076923,13.0,0.0,0.0,1.0
2013-04-15,2,1304152,,3.0,9.809454538461539,14.423076923076923,13.0,0.0,0.0,1.0
2013-04-15,3,1304153,,3.0,9.809454538461539,14.423076923076923,13.0,0.0,0.0,1.0
2013-04-15,4,1304154,,3.0,9.809454538461539,14.423076923076923,13.0,0.0,0.0,1.0
2013-04-15,5,1304155,,3.0,9.809454538461539,14.423076923076923,13.0,0.0,0.0,1.0
2013-04-16,1,1304161,,3.0,9.896601969230769,14.461538461538462,13.0,0.0,0.0,1.0
2013-04-16,2,1304162,,3.0,9.896601969230769,14.461538461538462,13.0,0.0,0.0,1.0
2013-04-16,3,1304163,,3.0,9.896601969230769,14.461538461538462,13.0,0.0,0.0,1.0
2013-04-16,4,1304164,,3.0,9.896601969230769,14.461538461538462,13.0,0.0,0.0,1.0
2013-04-16,5,1304165,,3.0,9.896601969230769,14.461538461538462,13.0,0.0,0.0,1.0
2013-04-17,1,1304171,,3.0,9.9837494,14.5,13.0,0.0,0.0,1.0
2013-04-17,2,1304172,,3.0,9.9837494,14.5,13.0,0.0,0.0,1.0
2013-04-17,3,1304173,,3.0,9.9837494,14.5,13.0,0.0,0.0,1.0
2013-04-17,4,1304174,,3.0,9.9837494,14.5,13.0,0.0,0.0,1.0
2013-04-17,5,1304175,,3.0,9.9837494,14.5,13.0,0.0,0.0,1.0
2013-04-18,1,1304181,,3.0,10.07089683076923,14.538461538461538,13.0,0.0,0.0,1.0
2013-04-18,2,1304182,,3.0,10.07089683076923,14.538461538461538,13.0,0.0,0.0,1.0
2013-04-18,3,1304183,,3.0,10.07089683076923,14.538461538461538,13.0,0.0,0.0,1.0
2013-04-18,4,1304184,,3.0,10.07089683076923,14.538461538461538,13.0,0.0,0.0,1.0
2013-04-18,5,1304185,,3.0,10.07089683076923,14.538461538461538,13.0,0.0,0.0,1.0
2013-04-19,1,1304191,,3.0,10.15804426153846,14.576923076923077,13.0,0.0,0.0,1.0
2013-04-19,2,1304192,,3.0,10.15804426153846,14.576923076923077,13.0,0.0,0.0,1.0
2013-04-19,3,1304193,,3.0,10.15804426153846,14.576923076923077,13.0,0.0,0.0,1.0
2013-04-19,4,1304194,,3.0,10.15804426153846,14.576923076923077,13.0,0.0,0.0,1.0
2013-04-19,5,1304195,,3.0,10.15804426153846,14.576923076923077,13.0,0.0,0.0,1.0
2013-04-20,1,1304201,,3.0,10.245191692307692,14.615384615384615,13.0,0.0,0.0,1.0
2013-04-20,2,1304202,,3.0,10.245191692307692,14.615384615384615,13.0,0.0,0.0,1.0
2013-04-20,3,1304203,,3.0,10.245191692307692,14.615384615384615,13.0,0.0,0.0,1.0
2013-04-20,4,1304204,,3.0,10.245191692307692,14.615384615384615,13.0,0.0,0.0,1.0
2013-04-20,5,1304205,,3.0,10.245191692307692,14.615384615384615,13.0,0.0,0.0,1.0
2013-04-21,1,1304211,,3.0,10.332339123076922,14.653846153846153,13.0,0.0,0.0,1.0
2013-04-21,2,1304212,,3.0,10.332339123076922,14.653846153846153,13.0,0.0,0.0,1.0
2013-04-21,3,1304213,,3.0,10.332339123076922,14.653846153846153,13.0,0.0,0.0,1.0
2013-04-21,4,1304214,,3.0,10.332339123076922,14.653846153846153,13.0,0.0,0.0,1.0
2013-04-21,5,1304215,,3.0,10.332339123076922,14.653846153846153,13.0,0.0,0.0,1.0
2013-04-22,1,1304221,,3.0,10.419486553846154,14.692307692307693,13.0,0.0,0.0,1.0
2013-04-22,2,1304222,,3.0,10.419486553846154,14.692307692307693,13.0,0.0,0.0,1.0
2013-04-22,3,1304223,,3.0,10.419486553846154,14.692307692307693,13.0,0.0,0.0,1.0
2013-04-22,4,1304224,,3.0,10.419486553846154,14.692307692307693,13.0,0.0,0.0,1.0
2013-04-22,5,1304225,,3.0,10.419486553846154,14.692307692307693,13.0,0.0,0.0,1.0
2013-04-23,1,1304231,,3.0,10.506633984615384,14.73076923076923,13.0,0.0,0.0,1.0
2013-04-23,2,1304232,,3.0,10.506633984615384,14.73076923076923,13.0,0.0,0.0,1.0
2013-04-23,3,1304233,,3.0,10.506633984615384,14.73076923076923,13.0,0.0,0.0,1.0
2013-04-23,4,1304234,,3.0,10.506633984615384,14.73076923076923,13.0,0.0,0.0,1.0
2013-04-23,5,1304235,,3.0,10.506633984615384,14.73076923076923,13.0,0.0,0.0,1.0
2013-04-24,1,1304241,,3.0,10.593781415384615,14.76923076923077,13.0,0.0,0.0,1.0
2013-04-24,2,1304242,,3.0,10.593781415384615,14.76923076923077,13.0,0.0,0.0,1.0
2013-04-24,3,1304243,,3.0,10.593781415384615,14.76923076923077,13.0,0.0,0.0,1.0
2013-04-24,4,1304244,,3.0,10.593781415384615,14.76923076923077,13.0,0.0,0.0,1.0
2013-04-24,5,1304245,,3.0,10.593781415384615,14.76923076923077,13.0,0.0,0.0,1.0
2013-04-25,1,1304251,,3.0,10.680928846153845,14.807692307692307,13.0,0.0,0.0,1.0
2013-04-25,2,1304252,,3.0,10.680928846153845,14.807692307692307,13.0,0.0,0.0,1.0
2013-04-25,3,1304253,,3.0,10.680928846153845,14.807692307692307,13.0,0.0,0.0,1.0
2013-04-25,4,1304254,,3.0,10.680928846153845,14.807692307692307,13.0,0.0,0.0,1.0
2013-04-25,5,1304255,,3.0,10.680928846153845,14.807692307692307,13.0,0.0,0.0,1.0
2013-04-26,1,1304261,,3.0,10.768076276923077,14.846153846153847,13.0,0.0,0.0,1.0
2013-04-26,2,1304262,,3.0,10.768076276923077,14.846153846153847,13.0,0.0,0.0,1.0
2013-04-26,3,1304263,,3.0,10.768076276923077,14.846153846153847,13.0,0.0,0.0,1.0
2013-04-26,4,1304264,,3.0,10.768076276923077,14.846153846153847,13.0,0.0,0.0,1.0
2013-04-26,5,1304265,,3.0,10.768076276923077,14.846153846153847,13.0,0.0,0.0,1.0
2013-04-27,1,1304271,,3.0,10.855223707692307,14.884615384615385,13.0,0.0,0.0,1.0
2013-04-27,2,1304272,,3.0,10.855223707692307,14.884615384615385,13.0,0.0,0.0,1.0
2013-04-27,3,1304273,,3.0,10.855223707692307,14.884615384615385,13.0,0.0,0.0,1.0
2013-04-27,4,1304274,,3.0,10.855223707692307,14.884615384615385,13.0,0.0,0.0,1.0
2013-04-27,5,1304275,,3.0,10.855223707692307,14.884615384615385,13.0,0.0,0.0,1.0
2013-04-28,1,1304281,,3.0,10.942371138461539,14.923076923076923,13.0,0.0,0.0,1.0
2013-04-28,2,1304282,,3.0,10.942371138461539,14.923076923076923,13.0,0.0,0.0,1.0
2013-04-28,3,1304283,,3.0,10.942371138461539,14.923076923076923,13.0,0.0,0.0,1.0
2013-04-28,4,1304284,,3.0,10.942371138461539,14.923076923076923,13.0,0.0,0.0,1.0
2013-04-28,5,1304285,,3.0,10.942371138461539,14.923076923076923,13.0,0.0,0.0,1.0
2013-04-29,1,1304291,,3.0,11.029518569230769,14.961538461538462,13.0,0.0,0.0,1.0
2013-04-29,2,1304292,,3.0,11.029518569230769,14.961538461538462,13.0,0.0,0.0,1.0
2013-04-29,3,1304293,,3.0,11.029518569230769,14.961538461538462,13.0,0.0,0.0,1.0
2013-04-29,4,1304294,,3.0,11.029518569230769,14.961538461538462,13.0,0.0,0.0,1.0
2013-04-29,5,1304295,,3.0,11.029518569230769,14.961538461538462,13.0,0.0,0.0,1.0
2013-04-30,1,1304301,,3.0,11.116666,15.0,0.0,0.0,0.0,1.0
2013-04-30,2,1304302,,3.0,11.116666,15.0,0.0,0.0,0.0,1.0
2013-04-30,3,1304303,,3.0,11.116666,15.0,0.0,0.0,0.0,1.0
2013-04-30,4,1304304,,3.0,11.116666,15.0,0.0,0.0,0.0,1.0
2013-04-30,5,1304305,,3.0,11.116666,15.0,0.0,0.0,0.0,1.0
2013-05-01,1,1305011,,0.0,9.9,11.0,0.0,0.0,0.0,1.0
2013-05-01,2,1305012,,0.0,9.9,11.0,0.0,0.0,0.0,1.0
2013-05-01,3,1305013,,0.0,9.9,11.0,0.0,0.0,0.0,1.0
2013-05-01,4,1305014,,0.0,9.9,11.0,0.0,0.0,0.0,1.0
2013-05-01,5,1305015,,0.0,9.9,11.0,0.0,0.0,0.0,1.0
2013-05-02,1,1305021,,1.0,11.0375,12.0,0.0,0.0,0.0,1.0
2013-05-02,2,1305022,,1.0,11.0375,12.0,0.0,0.0,0.0,1.0
2013-05-02,3,1305023,,1.0,11.0375,12.0,0.0,0.0,0.0,1.0
2013-05-02,4,1305024,,1.0,11.0375,12.0,0.0,0.0,0.0,1.0
2013-05-02,5,1305025,,1.0,11.0375,12.0,0.0,0.0,0.0,1.0
2013-05-03,1,1305031,,0.0,12.9125,9.0,0.0,0.0,0.0,1.0
2013-05-03,2,1305032,,0.0,12.9125,9.0,0.0,0.0,0.0,1.0
2013-05-03,3,1305033,,0.0,12.9125,9.0,0.0,0.0,0.0,1.0
2013-05-03,4,1305034,,0.0,12.9125,9.0,0.0,0.0,0.0,1.0
2013-05-03,5,1305035,,0.0,12.9125,9.0,0.0,0.0,0.0,1.0
2013-05-04,1,1305041,,0.0,17.95,18.0,0.0,0.0,0.0,1.0
2013-05-04,2,1305042,,0.0,17.95,18.0,0.0,0.0,0.0,1.0
2013-05-04,3,1305043,,0.0,17.95,18.0,0.0,0.0,0.0,1.0
2013-05-04,4,1305044,,0.0,17.95,18.0,0.0,0.0,0.0,1.0
2013-05-04,5,1305045,,0.0,17.95,18.0,0.0,0.0,0.0,1.0
2013-05-05,1,1305051,,3.0,16.2125,10.0,0.0,0.0,0.0,1.0
2013-05-05,2,1305052,,3.0,16.2125,10.0,0.0,0.0,0.0,1.0
2013-05-05,3,1305053,,3.0,16.2125,10.0,0.0,0.0,0.0,1.0
2013-05-05,4,1305054,,3.0,16.2125,10.0,0.0,0.0,0.0,1.0
2013-05-05,5,1305055,,3.0,16.2125,10.0,0.0,0.0,0.0,1.0
2013-05-06,1,1305061,,0.0,15.675,8.0,0.0,0.0,0.0,1.0
2013-05-06,2,1305062,,0.0,15.675,8.0,0.0,0.0,0.0,1.0
2013-05-06,3,1305063,,0.0,15.675,8.0,0.0,0.0,0.0,1.0
2013-05-06,4,1305064,,0.0,15.675,8.0,0.0,0.0,0.0,1.0
2013-05-06,5,1305065,,0.0,15.675,8.0,0.0,0.0,0.0,1.0
2013-05-07,1,1305071,,1.0,17.4125,10.0,21.0,0.0,0.0,1.0
2013-05-07,2,1305072,,1.0,17.4125,10.0,21.0,0.0,0.0,1.0
2013-05-07,3,1305073,,1.0,17.4125,10.0,21.0,0.0,0.0,1.0
2013-05-07,4,1305074,,1.0,17.4125,10.0,21.0,0.0,0.0,1.0
2013-05-07,5,1305075,,1.0,17.4125,10.0,21.0,0.0,0.0,1.0
2013-05-08,1,1305081,,4.0,18.8125,9.0,21.0,0.0,0.0,1.0
2013-05-08,2,1305082,,4.0,18.8125,9.0,21.0,0.0,0.0,1.0
2013-05-08,3,1305083,,4.0,18.8125,9.0,21.0,0.0,0.0,1.0
2013-05-08,4,1305084,,4.0,18.8125,9.0,21.0,0.0,0.0,1.0
2013-05-08,5,1305085,,4.0,18.8125,9.0,21.0,0.0,0.0,1.0
2013-05-09,1,1305091,,7.0,16.125,11.0,21.0,0.0,0.0,1.0
2013-05-09,2,1305092,,7.0,16.125,11.0,21.0,0.0,0.0,1.0
2013-05-09,3,1305093,,7.0,16.125,11.0,21.0,0.0,0.0,1.0
2013-05-09,4,1305094,,7.0,16.125,11.0,21.0,0.0,0.0,1.0
2013-05-09,5,1305095,,7.0,16.125,11.0,21.0,0.0,0.0,1.0
2013-05-10,1,1305101,,5.0,15.5,12.0,21.0,0.0,1.0,1.0
2013-05-10,2,1305102,,5.0,15.5,12.0,21.0,0.0,1.0,1.0
2013-05-10,3,1305103,,5.0,15.5,12.0,21.0,0.0,1.0,1.0
2013-05-10,4,1305104,,5.0,15.5,12.0,21.0,0.0,1.0,1.0
2013-05-10,5,1305105,,5.0,15.5,12.0,21.0,0.0,1.0,1.0
2013-05-11,1,1305111,,7.0,15.4125,11.0,21.0,0.0,0.0,1.0
2013-05-11,2,1305112,,7.0,15.4125,11.0,21.0,0.0,0.0,1.0
2013-05-11,3,1305113,,7.0,15.4125,11.0,21.0,0.0,0.0,1.0
2013-05-11,4,1305114,,7.0,15.4125,11.0,21.0,0.0,0.0,1.0
2013-05-11,5,1305115,,7.0,15.4125,11.0,21.0,0.0,0.0,1.0
2013-05-12,1,1305121,,7.0,11.7125,12.0,61.0,0.0,0.0,1.0
2013-05-12,2,1305122,,7.0,11.7125,12.0,61.0,0.0,0.0,1.0
2013-05-12,3,1305123,,7.0,11.7125,12.0,61.0,0.0,0.0,1.0
2013-05-12,4,1305124,,7.0,11.7125,12.0,61.0,0.0,0.0,1.0
2013-05-12,5,1305125,,7.0,11.7125,12.0,61.0,0.0,0.0,1.0
2013-05-13,1,1305131,,7.0,11.4375,10.0,65.0,0.0,0.0,1.0
2013-05-13,2,1305132,,7.0,11.4375,10.0,65.0,0.0,0.0,1.0
2013-05-13,3,1305133,,7.0,11.4375,10.0,65.0,0.0,0.0,1.0
2013-05-13,4,1305134,,7.0,11.4375,10.0,65.0,0.0,0.0,1.0
2013-05-13,5,1305135,,7.0,11.4375,10.0,65.0,0.0,0.0,1.0
2013-05-14,1,1305141,,5.0,12.6,10.0,21.0,0.0,0.0,1.0
2013-05-14,2,1305142,,5.0,12.6,10.0,21.0,0.0,0.0,1.0
2013-05-14,3,1305143,,5.0,12.6,10.0,21.0,0.0,0.0,1.0
2013-05-14,4,1305144,,5.0,12.6,10.0,21.0,0.0,0.0,1.0
2013-05-14,5,1305145,,5.0,12.6,10.0,21.0,0.0,0.0,1.0
2013-05-15,1,1305151,,4.0,20.5375,10.0,61.0,0.0,0.0,1.0
2013-05-15,2,1305152,,4.0,20.5375,10.0,61.0,0.0,0.0,1.0
2013-05-15,3,1305153,,4.0,20.5375,10.0,61.0,0.0,0.0,1.0
2013-05-15,4,1305154,,4.0,20.5375,10.0,61.0,0.0,0.0,1.0
2013-05-15,5,1305155,,4.0,20.5375,10.0,61.0,0.0,0.0,1.0
2013-05-16,1,1305161,,0.0,16.1625,13.0,5.0,0.0,0.0,1.0
2013-05-16,2,1305162,,0.0,16.1625,13.0,5.0,0.0,0.0,1.0
2013-05-16,3,1305163,,0.0,16.1625,13.0,5.0,0.0,0.0,1.0
2013-05-16,4,1305164,,0.0,16.1625,13.0,5.0,0.0,0.0,1.0
2013-05-16,5,1305165,,0.0,16.1625,13.0,5.0,0.0,0.0,1.0
2013-05-17,1,1305171,,0.0,21.3125,11.0,5.0,0.0,0.0,1.0
2013-05-17,2,1305172,,0.0,21.3125,11.0,5.0,0.0,0.0,1.0
2013-05-17,3,1305173,,0.0,21.3125,11.0,5.0,0.0,0.0,1.0
2013-05-17,4,1305174,,0.0,21.3125,11.0,5.0,0.0,0.0,1.0
2013-05-17,5,1305175,,0.0,21.3125,11.0,5.0,0.0,0.0,1.0
2013-05-18,1,1305181,,7.0,13.85,12.0,10.0,0.0,0.0,1.0
2013-05-18,2,1305182,,7.0,13.85,12.0,10.0,0.0,0.0,1.0
2013-05-18,3,1305183,,7.0,13.85,12.0,10.0,0.0,0.0,1.0
2013-05-18,4,1305184,,7.0,13.85,12.0,10.0,0.0,0.0,1.0
2013-05-18,5,1305185,,7.0,13.85,12.0,10.0,0.0,0.0,1.0
2013-05-19,1,1305191,,8.0,13.05,5.0,20.0,0.0,0.0,1.0
2013-05-19,2,1305192,,8.0,13.05,5.0,20.0,0.0,0.0,1.0
2013-05-19,3,1305193,,8.0,13.05,5.0,20.0,0.0,0.0,1.0
2013-05-19,4,1305194,,8.0,13.05,5.0,20.0,0.0,0.0,1.0
2013-05-19,5,1305195,,8.0,13.05,5.0,20.0,0.0,0.0,1.0
2013-05-20,1,1305201,,7.0,15.775,8.0,21.0,0.0,0.0,1.0
2013-05-20,2,1305202,,7.0,15.775,8.0,21.0,0.0,0.0,1.0
2013-05-20,3,1305203,,7.0,15.775,8.0,21.0,0.0,0.0,1.0
2013-05-20,4,1305204,,7.0,15.775,8.0,21.0,0.0,0.0,1.0
2013-05-20,5,1305205,,7.0,15.775,8.0,21.0,0.0,0.0,1.0
2013-05-21,1,1305211,,7.0,12.525,9.0,65.0,0.0,0.0,1.0
2013-05-21,2,1305212,,7.0,12.525,9.0,65.0,0.0,0.0,1.0
2013-05-21,3,1305213,,7.0,12.525,9.0,65.0,0.0,0.0,1.0
2013-05-21,4,1305214,,7.0,12.525,9.0,65.0,0.0,0.0,1.0
2013-05-21,5,1305215,,7.0,12.525,9.0,65.0,0.0,0.0,1.0
2013-05-22,1,1305221,,7.0,9.0625,23.0,63.0,0.0,0.0,1.0
2013-05-22,2,1305222,,7.0,9.0625,23.0,63.0,0.0,0.0,1.0
2013-05-22,3,1305223,,7.0,9.0625,23.0,63.0,0.0,0.0,1.0
2013-05-22,4,1305224,,7.0,9.0625,23.0,63.0,0.0,0.0,1.0
2013-05-22,5,1305225,,7.0,9.0625,23.0,63.0,0.0,0.0,1.0
2013-05-23,1,1305231,,5.0,10.525,8.0,61.0,0.0,0.0,1.0
2013-05-23,2,1305232,,5.0,10.525,8.0,61.0,0.0,0.0,1.0
2013-05-23,3,1305233,,5.0,10.525,8.0,61.0,0.0,0.0,1.0
2013-05-23,4,1305234,,5.0,10.525,8.0,61.0,0.0,0.0,1.0
2013-05-23,5,1305235,,5.0,10.525,8.0,61.0,0.0,0.0,1.0
2013-05-24,1,1305241,,5.0,12.5,8.0,61.0,0.0,0.0,1.0
2013-05-24,2,1305242,,5.0,12.5,8.0,61.0,0.0,0.0,1.0
2013-05-24,3,1305243,,5.0,12.5,8.0,61.0,0.0,0.0,1.0
2013-05-24,4,1305244,,5.0,12.5,8.0,61.0,0.0,0.0,1.0
2013-05-24,5,1305245,,5.0,12.5,8.0,61.0,0.0,0.0,1.0
2013-05-25,1,1305251,,7.0,11.3375,11.0,63.0,0.0,0.0,1.0
2013-05-25,2,1305252,,7.0,11.3375,11.0,63.0,0.0,0.0,1.0
2013-05-25,3,1305253,,7.0,11.3375,11.0,63.0,0.0,0.0,1.0
2013-05-25,4,1305254,,7.0,11.3375,11.0,63.0,0.0,0.0,1.0
2013-05-25,5,1305255,,7.0,11.3375,11.0,63.0,0.0,0.0,1.0
2013-05-26,1,1305261,,7.0,14.1625,15.0,63.0,0.0,0.0,1.0
2013-05-26,2,1305262,,7.0,14.1625,15.0,63.0,0.0,0.0,1.0
2013-05-26,3,1305263,,7.0,14.1625,15.0,63.0,0.0,0.0,1.0
2013-05-26,4,1305264,,7.0,14.1625,15.0,63.0,0.0,0.0,1.0
2013-05-26,5,1305265,,7.0,14.1625,15.0,63.0,0.0,0.0,1.0
2013-05-27,1,1305271,,6.0,14.7875,10.0,63.0,0.0,0.0,1.0
2013-05-27,2,1305272,,6.0,14.7875,10.0,63.0,0.0,0.0,1.0
2013-05-27,3,1305273,,6.0,14.7875,10.0,63.0,0.0,0.0,1.0
2013-05-27,4,1305274,,6.0,14.7875,10.0,63.0,0.0,0.0,1.0
2013-05-27,5,1305275,,6.0,14.7875,10.0,63.0,0.0,0.0,1.0
2013-05-28,1,1305281,,6.0,15.4,10.0,20.0,0.0,0.0,1.0
2013-05-28,2,1305282,,6.0,15.4,10.0,20.0,0.0,0.0,1.0
2013-05-28,3,1305283,,6.0,15.4,10.0,20.0,0.0,0.0,1.0
2013-05-28,4,1305284,,6.0,15.4,10.0,20.0,0.0,0.0,1.0
2013-05-28,5,1305285,,6.0,15.4,10.0,20.0,0.0,0.0,1.0
2013-05-29,1,1305291,,7.0,13.6625,14.0,61.0,0.0,0.0,1.0
2013-05-29,2,1305292,,7.0,13.6625,14.0,61.0,0.0,0.0,1.0
2013-05-29,3,1305293,,7.0,13.6625,14.0,61.0,0.0,0.0,1.0
2013-05-29,4,1305294,,7.0,13.6625,14.0,61.0,0.0,0.0,1.0
2013-05-29,5,1305295,,7.0,13.6625,14.0,61.0,0.0,0.0,1.0
2013-05-30,1,1305301,,4.0,16.125,11.0,21.0,0.0,0.0,1.0
2013-05-30,2,1305302,,4.0,16.125,11.0,21.0,0.0,0.0,1.0
2013-05-30,3,1305303,,4.0,16.125,11.0,21.0,0.0,0.0,1.0
2013-05-30,4,1305304,,4.0,16.125,11.0,21.0,0.0,0.0,1.0
2013-05-30,5,1305305,,4.0,16.125,11.0,21.0,0.0,0.0,1.0
2013-05-31,1,1305311,,3.0,17.65,12.0,21.0,0.0,0.0,1.0
2013-05-31,2,1305312,,3.0,17.65,12.0,21.0,0.0,0.0,1.0
2013-05-31,3,1305313,,3.0,17.65,12.0,21.0,0.0,0.0,1.0
2013-05-31,4,1305314,,3.0,17.65,12.0,21.0,0.0,0.0,1.0
2013-05-31,5,1305315,,3.0,17.65,12.0,21.0,0.0,0.0,1.0
2013-06-01,1,1306011,,3.0,20.3875,10.0,21.0,0.0,0.0,1.0
2013-06-01,2,1306012,,3.0,20.3875,10.0,21.0,0.0,0.0,1.0
2013-06-01,3,1306013,,3.0,20.3875,10.0,21.0,0.0,0.0,1.0
2013-06-01,4,1306014,,3.0,20.3875,10.0,21.0,0.0,0.0,1.0
2013-06-01,5,1306015,,3.0,20.3875,10.0,21.0,0.0,0.0,1.0
2013-06-02,1,1306021,,2.0,14.975,18.0,21.0,0.0,0.0,1.0
2013-06-02,2,1306022,,2.0,14.975,18.0,21.0,0.0,0.0,1.0
2013-06-02,3,1306023,,2.0,14.975,18.0,21.0,0.0,0.0,1.0
2013-06-02,4,1306024,,2.0,14.975,18.0,21.0,0.0,0.0,1.0
2013-06-02,5,1306025,,2.0,14.975,18.0,21.0,0.0,0.0,1.0
2013-06-03,1,1306031,,0.0,17.35,13.0,21.0,0.0,0.0,1.0
2013-06-03,2,1306032,,0.0,17.35,13.0,21.0,0.0,0.0,1.0
2013-06-03,3,1306033,,0.0,17.35,13.0,21.0,0.0,0.0,1.0
2013-06-03,4,1306034,,0.0,17.35,13.0,21.0,0.0,0.0,1.0
2013-06-03,5,1306035,,0.0,17.35,13.0,21.0,0.0,0.0,1.0
2013-06-04,1,1306041,,3.0,17.1625,15.0,21.0,0.0,0.0,1.0
2013-06-04,2,1306042,,3.0,17.1625,15.0,21.0,0.0,0.0,1.0
2013-06-04,3,1306043,,3.0,17.1625,15.0,21.0,0.0,0.0,1.0
2013-06-04,4,1306044,,3.0,17.1625,15.0,21.0,0.0,0.0,1.0
2013-06-04,5,1306045,,3.0,17.1625,15.0,21.0,0.0,0.0,1.0
2013-06-05,1,1306051,,4.0,19.0875,9.0,21.0,0.0,0.0,1.0
2013-06-05,2,1306052,,4.0,19.0875,9.0,21.0,0.0,0.0,1.0
2013-06-05,3,1306053,,4.0,19.0875,9.0,21.0,0.0,0.0,1.0
2013-06-05,4,1306054,,4.0,19.0875,9.0,21.0,0.0,0.0,1.0
2013-06-05,5,1306055,,4.0,19.0875,9.0,21.0,0.0,0.0,1.0
2013-06-06,1,1306061,,0.0,20.85,12.0,21.0,0.0,0.0,1.0
2013-06-06,2,1306062,,0.0,20.85,12.0,21.0,0.0,0.0,1.0
2013-06-06,3,1306063,,0.0,20.85,12.0,21.0,0.0,0.0,1.0
2013-06-06,4,1306064,,0.0,20.85,12.0,21.0,0.0,0.0,1.0
2013-06-06,5,1306065,,0.0,20.85,12.0,21.0,0.0,0.0,1.0
2013-06-07,1,1306071,,0.0,19.7,8.0,21.0,0.0,0.0,1.0
2013-06-07,2,1306072,,0.0,19.7,8.0,21.0,0.0,0.0,1.0
2013-06-07,3,1306073,,0.0,19.7,8.0,21.0,0.0,0.0,1.0
2013-06-07,4,1306074,,0.0,19.7,8.0,21.0,0.0,0.0,1.0
2013-06-07,5,1306075,,0.0,19.7,8.0,21.0,0.0,0.0,1.0
2013-06-08,1,1306081,,1.0,16.9625,9.0,21.0,0.0,0.0,1.0
2013-06-08,2,1306082,,1.0,16.9625,9.0,21.0,0.0,0.0,1.0
2013-06-08,3,1306083,,1.0,16.9625,9.0,21.0,0.0,0.0,1.0
2013-06-08,4,1306084,,1.0,16.9625,9.0,21.0,0.0,0.0,1.0
2013-06-08,5,1306085,,1.0,16.9625,9.0,21.0,0.0,0.0,1.0
2013-06-09,1,1306091,,4.0,15.8875,7.0,21.0,0.0,0.0,1.0
2013-06-09,2,1306092,,4.0,15.8875,7.0,21.0,0.0,0.0,1.0
2013-06-09,3,1306093,,4.0,15.8875,7.0,21.0,0.0,0.0,1.0
2013-06-09,4,1306094,,4.0,15.8875,7.0,21.0,0.0,0.0,1.0
2013-06-09,5,1306095,,4.0,15.8875,7.0,21.0,0.0,0.0,1.0
2013-06-10,1,1306101,,2.0,17.725,8.0,0.0,0.0,0.0,1.0
2013-06-10,2,1306102,,2.0,17.725,8.0,0.0,0.0,0.0,1.0
2013-06-10,3,1306103,,2.0,17.725,8.0,0.0,0.0,0.0,1.0
2013-06-10,4,1306104,,2.0,17.725,8.0,0.0,0.0,0.0,1.0
2013-06-10,5,1306105,,2.0,17.725,8.0,0.0,0.0,0.0,1.0
2013-06-11,1,1306111,,2.0,16.6625,9.0,0.0,0.0,0.0,1.0
2013-06-11,2,1306112,,2.0,16.6625,9.0,0.0,0.0,0.0,1.0
2013-06-11,3,1306113,,2.0,16.6625,9.0,0.0,0.0,0.0,1.0
2013-06-11,4,1306114,,2.0,16.6625,9.0,0.0,0.0,0.0,1.0
2013-06-11,5,1306115,,2.0,16.6625,9.0,0.0,0.0,0.0,1.0
2013-06-12,1,1306121,,5.0,22.35,7.0,0.0,0.0,0.0,1.0
2013-06-12,2,1306122,,5.0,22.35,7.0,0.0,0.0,0.0,1.0
2013-06-12,3,1306123,,5.0,22.35,7.0,0.0,0.0,0.0,1.0
2013-06-12,4,1306124,,5.0,22.35,7.0,0.0,0.0,0.0,1.0
2013-06-12,5,1306125,,5.0,22.35,7.0,0.0,0.0,0.0,1.0
2013-06-13,1,1306131,,4.0,19.53125,11.5,0.0,0.0,0.0,1.0
2013-06-13,2,1306132,,4.0,19.53125,11.5,0.0,0.0,0.0,1.0
2013-06-13,3,1306133,,4.0,19.53125,11.5,0.0,0.0,0.0,1.0
2013-06-13,4,1306134,,4.0,19.53125,11.5,0.0,0.0,0.0,1.0
2013-06-13,5,1306135,,4.0,19.53125,11.5,0.0,0.0,0.0,1.0
2013-06-14,1,1306141,,2.0,16.7125,16.0,0.0,0.0,0.0,1.0
2013-06-14,2,1306142,,2.0,16.7125,16.0,0.0,0.0,0.0,1.0
2013-06-14,3,1306143,,2.0,16.7125,16.0,0.0,0.0,0.0,1.0
2013-06-14,4,1306144,,2.0,16.7125,16.0,0.0,0.0,0.0,1.0
2013-06-14,5,1306145,,2.0,16.7125,16.0,0.0,0.0,0.0,1.0
2013-06-15,1,1306151,,6.0,17.0875,27.0,61.0,0.0,0.0,1.0
2013-06-15,2,1306152,,6.0,17.0875,27.0,61.0,0.0,0.0,1.0
2013-06-15,3,1306153,,6.0,17.0875,27.0,61.0,0.0,0.0,1.0
2013-06-15,4,1306154,,6.0,17.0875,27.0,61.0,0.0,0.0,1.0
2013-06-15,5,1306155,,6.0,17.0875,27.0,61.0,0.0,0.0,1.0
2013-06-16,1,1306161,,7.0,15.5875,16.0,21.0,0.0,0.0,1.0
2013-06-16,2,1306162,,7.0,15.5875,16.0,21.0,0.0,0.0,1.0
2013-06-16,3,1306163,,7.0,15.5875,16.0,21.0,0.0,0.0,1.0
2013-06-16,4,1306164,,7.0,15.5875,16.0,21.0,0.0,0.0,1.0
2013-06-16,5,1306165,,7.0,15.5875,16.0,21.0,0.0,0.0,1.0
2013-06-17,1,1306171,,0.0,17.9,8.0,21.0,0.0,0.0,1.0
2013-06-17,2,1306172,,0.0,17.9,8.0,21.0,0.0,0.0,1.0
2013-06-17,3,1306173,,0.0,17.9,8.0,21.0,0.0,0.0,1.0
2013-06-17,4,1306174,,0.0,17.9,8.0,21.0,0.0,0.0,1.0
2013-06-17,5,1306175,,0.0,17.9,8.0,21.0,0.0,0.0,1.0
2013-06-18,1,1306181,,1.0,20.05,10.0,0.0,0.0,0.0,1.0
2013-06-18,2,1306182,,1.0,20.05,10.0,0.0,0.0,0.0,1.0
2013-06-18,3,1306183,,1.0,20.05,10.0,0.0,0.0,0.0,1.0
2013-06-18,4,1306184,,1.0,20.05,10.0,0.0,0.0,0.0,1.0
2013-06-18,5,1306185,,1.0,20.05,10.0,0.0,0.0,0.0,1.0
2013-06-19,1,1306191,,6.0,23.5375,10.0,63.0,0.0,0.0,1.0
2013-06-19,2,1306192,,6.0,23.5375,10.0,63.0,0.0,0.0,1.0
2013-06-19,3,1306193,,6.0,23.5375,10.0,63.0,0.0,0.0,1.0
2013-06-19,4,1306194,,6.0,23.5375,10.0,63.0,0.0,0.0,1.0
2013-06-19,5,1306195,,6.0,23.5375,10.0,63.0,0.0,0.0,1.0
2013-06-20,1,1306201,,2.0,21.8375,10.0,63.0,0.0,0.0,1.0
2013-06-20,2,1306202,,2.0,21.8375,10.0,63.0,0.0,0.0,1.0
2013-06-20,3,1306203,,2.0,21.8375,10.0,63.0,0.0,0.0,1.0
2013-06-20,4,1306204,,2.0,21.8375,10.0,63.0,0.0,0.0,1.0
2013-06-20,5,1306205,,2.0,21.8375,10.0,63.0,0.0,0.0,1.0
2013-06-21,1,1306211,,7.0,19.575,14.0,63.0,0.0,0.0,1.0
2013-06-21,2,1306212,,7.0,19.575,14.0,63.0,0.0,0.0,1.0
2013-06-21,3,1306213,,7.0,19.575,14.0,63.0,0.0,0.0,1.0
2013-06-21,4,1306214,,7.0,19.575,14.0,63.0,0.0,0.0,1.0
2013-06-21,5,1306215,,7.0,19.575,14.0,63.0,0.0,0.0,1.0
2013-06-22,1,1306221,,6.0,19.7375,10.0,63.0,1.0,0.0,1.0
2013-06-22,2,1306222,,6.0,19.7375,10.0,63.0,1.0,0.0,1.0
2013-06-22,3,1306223,,6.0,19.7375,10.0,63.0,1.0,0.0,1.0
2013-06-22,4,1306224,,6.0,19.7375,10.0,63.0,1.0,0.0,1.0
2013-06-22,5,1306225,,6.0,19.7375,10.0,63.0,1.0,0.0,1.0
2013-06-23,1,1306231,,6.0,17.5375,10.0,21.0,1.0,0.0,1.0
2013-06-23,2,1306232,,6.0,17.5375,10.0,21.0,1.0,0.0,1.0
2013-06-23,3,1306233,,6.0,17.5375,10.0,21.0,1.0,0.0,1.0
2013-06-23,4,1306234,,6.0,17.5375,10.0,21.0,1.0,0.0,1.0
2013-06-23,5,1306235,,6.0,17.5375,10.0,21.0,1.0,0.0,1.0
2013-06-24,1,1306241,,7.0,15.95,12.0,63.0,1.0,1.0,1.0
2013-06-24,2,1306242,,7.0,15.95,12.0,63.0,1.0,1.0,1.0
2013-06-24,3,1306243,,7.0,15.95,12.0,63.0,1.0,1.0,1.0
2013-06-24,4,1306244,,7.0,15.95,12.0,63.0,1.0,1.0,1.0
2013-06-24,5,1306245,,7.0,15.95,12.0,63.0,1.0,1.0,1.0
2013-06-25,1,1306251,,7.0,15.175,10.0,21.0,1.0,1.0,1.0
2013-06-25,2,1306252,,7.0,15.175,10.0,21.0,1.0,1.0,1.0
2013-06-25,3,1306253,,7.0,15.175,10.0,21.0,1.0,1.0,1.0
2013-06-25,4,1306254,,7.0,15.175,10.0,21.0,1.0,1.0,1.0
2013-06-25,5,1306255,,7.0,15.175,10.0,21.0,1.0,1.0,1.0
2013-06-26,1,1306261,,7.0,13.825,18.0,61.0,1.0,1.0,1.0
2013-06-26,2,1306262,,7.0,13.825,18.0,61.0,1.0,1.0,1.0
2013-06-26,3,1306263,,7.0,13.825,18.0,61.0,1.0,1.0,1.0
2013-06-26,4,1306264,,7.0,13.825,18.0,61.0,1.0,1.0,1.0
2013-06-26,5,1306265,,7.0,13.825,18.0,61.0,1.0,1.0,1.0
2013-06-27,1,1306271,,7.0,12.55,10.0,61.0,1.0,1.0,1.0
2013-06-27,2,1306272,,7.0,12.55,10.0,61.0,1.0,1.0,1.0
2013-06-27,3,1306273,,7.0,12.55,10.0,61.0,1.0,1.0,1.0
2013-06-27,4,1306274,,7.0,12.55,10.0,61.0,1.0,1.0,1.0
2013-06-27,5,1306275,,7.0,12.55,10.0,61.0,1.0,1.0,1.0
2013-06-28,1,1306281,,7.0,13.05,10.0,61.0,1.0,1.0,1.0
2013-06-28,2,1306282,,7.0,13.05,10.0,61.0,1.0,1.0,1.0
2013-06-28,3,1306283,,7.0,13.05,10.0,61.0,1.0,1.0,1.0
2013-06-28,4,1306284,,7.0,13.05,10.0,61.0,1.0,1.0,1.0
2013-06-28,5,1306285,,7.0,13.05,10.0,61.0,1.0,1.0,1.0
2013-06-29,1,1306291,,6.0,14.8375,16.0,61.0,1.0,1.0,1.0
2013-06-29,2,1306292,,6.0,14.8375,16.0,61.0,1.0,1.0,1.0
2013-06-29,3,1306293,,6.0,14.8375,16.0,61.0,1.0,1.0,1.0
2013-06-29,4,1306294,,6.0,14.8375,16.0,61.0,1.0,1.0,1.0
2013-06-29,5,1306295,,6.0,14.8375,16.0,61.0,1.0,1.0,1.0
2013-06-30,1,1306301,,7.0,14.0125,15.0,63.0,1.0,1.0,1.0
2013-06-30,2,1306302,,7.0,14.0125,15.0,63.0,1.0,1.0,1.0
2013-06-30,3,1306303,,7.0,14.0125,15.0,63.0,1.0,1.0,1.0
2013-06-30,4,1306304,,7.0,14.0125,15.0,63.0,1.0,1.0,1.0
2013-06-30,5,1306305,,7.0,14.0125,15.0,63.0,1.0,1.0,1.0
2013-07-01,1,1307011,148.828353112183,6.0,17.8375,15.0,20.0,0.0,1.0,1.0
2013-07-01,2,1307012,535.856284785361,6.0,17.8375,15.0,20.0,0.0,1.0,1.0
2013-07-01,3,1307013,201.198425690037,6.0,17.8375,15.0,20.0,0.0,1.0,1.0
2013-07-01,4,1307014,65.890168799361,6.0,17.8375,15.0,20.0,0.0,1.0,1.0
2013-07-01,5,1307015,317.475874933038,6.0,17.8375,15.0,20.0,0.0,1.0,1.0
2013-07-02,1,1307021,159.79375714468,3.0,17.3125,10.0,20.0,0.0,1.0,1.0
2013-07-02,2,1307022,546.780787392297,3.0,17.3125,10.0,20.0,0.0,1.0,1.0
2013-07-02,3,1307023,265.261253994438,3.0,17.3125,10.0,20.0,0.0,1.0,1.0
2013-07-02,4,1307024,74.5439171827412,3.0,17.3125,10.0,20.0,0.0,1.0,1.0
2013-07-02,5,1307025,383.628681612577,3.0,17.3125,10.0,20.0,0.0,1.0,1.0
2013-07-03,1,1307031,111.885593514353,7.0,21.075,6.0,61.0,0.0,1.0,1.0
2013-07-03,2,1307032,427.343258749983,7.0,21.075,6.0,61.0,0.0,1.0,1.0
2013-07-03,3,1307033,210.260241465493,7.0,21.075,6.0,61.0,0.0,1.0,1.0
2013-07-03,4,1307034,69.2627280649987,7.0,21.075,6.0,61.0,0.0,1.0,1.0
2013-07-03,5,1307035,305.523072325318,7.0,21.075,6.0,61.0,0.0,1.0,1.0
2013-07-04,1,1307041,168.864940979931,7.0,18.85,7.0,20.0,0.0,1.0,1.0
2013-07-04,2,1307042,454.859641347987,7.0,18.85,7.0,20.0,0.0,1.0,1.0
2013-07-04,3,1307043,190.686641378586,7.0,18.85,7.0,20.0,0.0,1.0,1.0
2013-07-04,4,1307044,61.490175369225,7.0,18.85,7.0,20.0,0.0,1.0,1.0
2013-07-04,5,1307045,308.408167942149,7.0,18.85,7.0,20.0,0.0,1.0,1.0
2013-07-05,1,1307051,171.280754117955,5.0,19.975,12.0,20.0,0.0,1.0,1.0
2013-07-05,2,1307052,492.818804066088,5.0,19.975,12.0,20.0,0.0,1.0,1.0
2013-07-05,3,1307053,181.644870215041,5.0,19.975,12.0,20.0,0.0,1.0,1.0
2013-07-05,4,1307054,86.7598614451924,5.0,19.975,12.0,20.0,0.0,1.0,1.0
2013-07-05,5,1307055,355.518770367742,5.0,19.975,12.0,20.0,0.0,1.0,1.0
2013-07-06,1,1307061,174.552359998476,0.0,18.9625,8.0,20.0,0.0,1.0,1.0
2013-07-06,2,1307062,631.906068038484,0.0,18.9625,8.0,20.0,0.0,1.0,1.0
2013-07-06,3,1307063,291.557959835153,0.0,18.9625,8.0,20.0,0.0,1.0,1.0
2013-07-06,4,1307064,80.6465768881107,0.0,18.9625,8.0,20.0,0.0,1.0,1.0
2013-07-06,5,1307065,361.866932797941,0.0,18.9625,8.0,20.0,0.0,1.0,1.0
2013-07-07,1,1307071,92.6377553788373,0.0,21.375,9.0,20.0,0.0,1.0,1.0
2013-07-07,2,1307072,695.25572963054,0.0,21.375,9.0,20.0,0.0,1.0,1.0
2013-07-07,3,1307073,279.665938833443,0.0,21.375,9.0,20.0,0.0,1.0,1.0
2013-07-07,4,1307074,94.6039024817053,0.0,21.375,9.0,20.0,0.0,1.0,1.0
2013-07-07,5,1307075,370.20960108863,0.0,21.375,9.0,20.0,0.0,1.0,1.0
2013-07-08,1,1307081,135.500244042392,0.0,22.725,10.0,5.0,0.0,1.0,1.0
2013-07-08,2,1307082,538.529249911711,0.0,22.725,10.0,5.0,0.0,1.0,1.0
2013-07-08,3,1307083,195.158794309303,0.0,22.725,10.0,5.0,0.0,1.0,1.0
2013-07-08,4,1307084,49.5000238633042,0.0,22.725,10.0,5.0,0.0,1.0,1.0
2013-07-08,5,1307085,285.233382496522,0.0,22.725,10.0,5.0,0.0,1.0,1.0
2013-07-09,1,1307091,136.048382778344,0.0,23.275,8.0,5.0,0.0,1.0,1.0
2013-07-09,2,1307092,585.957264698849,0.0,23.275,8.0,5.0,0.0,1.0,1.0
2013-07-09,3,1307093,245.808338509722,0.0,23.275,8.0,5.0,0.0,1.0,1.0
2013-07-09,4,1307094,75.2089975834558,0.0,23.275,8.0,5.0,0.0,1.0,1.0
2013-07-09,5,1307095,342.089345776475,0.0,23.275,8.0,5.0,0.0,1.0,1.0
2013-07-10,1,1307101,135.132314289581,2.0,19.6875,13.0,5.0,0.0,1.0,1.0
2013-07-10,2,1307102,567.365764527953,2.0,19.6875,13.0,5.0,0.0,1.0,1.0
2013-07-10,3,1307103,265.109142544045,2.0,19.6875,13.0,5.0,0.0,1.0,1.0
2013-07-10,4,1307104,73.8056511129258,2.0,19.6875,13.0,5.0,0.0,1.0,1.0
2013-07-10,5,1307105,343.353066508123,2.0,19.6875,13.0,5.0,0.0,1.0,1.0
2013-07-11,1,1307111,138.549392636714,0.0,21.375,12.0,5.0,0.0,1.0,1.0
2013-07-11,2,1307112,569.109374584873,0.0,21.375,12.0,5.0,0.0,1.0,1.0
2013-07-11,3,1307113,234.65807920749,0.0,21.375,12.0,5.0,0.0,1.0,1.0
2013-07-11,4,1307114,68.6330279122302,0.0,21.375,12.0,5.0,0.0,1.0,1.0
2013-07-11,5,1307115,315.911756962233,0.0,21.375,12.0,5.0,0.0,1.0,1.0
2013-07-12,1,1307121,101.447511461298,0.0,20.2875,7.0,5.0,0.0,1.0,1.0
2013-07-12,2,1307122,600.267914678783,0.0,20.2875,7.0,5.0,0.0,1.0,1.0
2013-07-12,3,1307123,290.199097765019,0.0,20.2875,7.0,5.0,0.0,1.0,1.0
2013-07-12,4,1307124,,0.0,20.2875,7.0,5.0,0.0,1.0,1.0
2013-07-12,5,1307125,362.802489634211,0.0,20.2875,7.0,5.0,0.0,1.0,1.0
2013-07-13,1,1307131,141.233309883732,1.0,20.125,12.0,5.0,0.0,1.0,1.0
2013-07-13,2,1307132,747.140776382576,1.0,20.125,12.0,5.0,0.0,1.0,1.0
2013-07-13,3,1307133,340.046632736531,1.0,20.125,12.0,5.0,0.0,1.0,1.0
2013-07-13,4,1307134,74.2744737887665,1.0,20.125,12.0,5.0,0.0,1.0,1.0
2013-07-13,5,1307135,359.166188843392,1.0,20.125,12.0,5.0,0.0,1.0,1.0
2013-07-14,1,1307141,112.524365708762,5.0,17.6875,15.0,5.0,0.0,1.0,1.0
2013-07-14,2,1307142,777.048841669282,5.0,17.6875,15.0,5.0,0.0,1.0,1.0
2013-07-14,3,1307143,320.626816189556,5.0,17.6875,15.0,5.0,0.0,1.0,1.0
2013-07-14,4,1307144,115.271617188867,5.0,17.6875,15.0,5.0,0.0,1.0,1.0
2013-07-14,5,1307145,461.082124524619,5.0,17.6875,15.0,5.0,0.0,1.0,1.0
2013-07-15,1,1307151,161.264677322182,6.0,18.7375,12.0,5.0,0.0,1.0,1.0
2013-07-15,2,1307152,596.995099998235,6.0,18.7375,12.0,5.0,0.0,1.0,1.0
2013-07-15,3,1307153,243.526401440661,6.0,18.7375,12.0,5.0,0.0,1.0,1.0
2013-07-15,4,1307154,99.4935305857439,6.0,18.7375,12.0,5.0,0.0,1.0,1.0
2013-07-15,5,1307155,380.68369651152,6.0,18.7375,12.0,5.0,0.0,1.0,1.0
2013-07-16,1,1307161,116.821358174215,1.0,21.1875,10.0,5.0,0.0,1.0,1.0
2013-07-16,2,1307162,558.797138274201,1.0,21.1875,10.0,5.0,0.0,1.0,1.0
2013-07-16,3,1307163,287.415464972525,1.0,21.1875,10.0,5.0,0.0,1.0,1.0
2013-07-16,4,1307164,91.7796976081033,1.0,21.1875,10.0,5.0,0.0,1.0,1.0
2013-07-16,5,1307165,320.43533597922,1.0,21.1875,10.0,5.0,0.0,1.0,1.0
2013-07-17,1,1307171,150.572919592838,5.0,22.5125,8.0,5.0,0.0,1.0,1.0
2013-07-17,2,1307172,628.325718978073,5.0,22.5125,8.0,5.0,0.0,1.0,1.0
2013-07-17,3,1307173,301.777437970497,5.0,22.5125,8.0,5.0,0.0,1.0,1.0
2013-07-17,4,1307174,,5.0,22.5125,8.0,5.0,0.0,1.0,1.0
2013-07-17,5,1307175,396.99424714406,5.0,22.5125,8.0,5.0,0.0,1.0,1.0
2013-07-18,1,1307181,101.90072129658,1.0,23.25,11.0,5.0,0.0,1.0,1.0
2013-07-18,2,1307182,647.822253705942,1.0,23.25,11.0,5.0,0.0,1.0,1.0
2013-07-18,3,1307183,250.426586853024,1.0,23.25,11.0,5.0,0.0,1.0,1.0
2013-07-18,4,1307184,89.2058404577425,1.0,23.25,11.0,5.0,0.0,1.0,1.0
2013-07-18,5,1307185,300.398790118057,1.0,23.25,11.0,5.0,0.0,1.0,1.0
2013-07-19,1,1307191,161.63511518654,3.0,22.475,16.0,5.0,0.0,1.0,1.0
2013-07-19,2,1307192,646.788959790823,3.0,22.475,16.0,5.0,0.0,1.0,1.0
2013-07-19,3,1307193,287.18828629416,3.0,22.475,16.0,5.0,0.0,1.0,1.0
2013-07-19,4,1307194,62.0636098816993,3.0,22.475,16.0,5.0,0.0,1.0,1.0
2013-07-19,5,1307195,369.400389277533,3.0,22.475,16.0,5.0,0.0,1.0,1.0
2013-07-20,1,1307201,134.328076682024,0.0,23.1875,8.0,5.0,0.0,1.0,1.0
2013-07-20,2,1307202,843.051280035386,0.0,23.1875,8.0,5.0,0.0,1.0,1.0
2013-07-20,3,1307203,394.765674710477,0.0,23.1875,8.0,5.0,0.0,1.0,1.0
2013-07-20,4,1307204,69.9369965472912,0.0,23.1875,8.0,5.0,0.0,1.0,1.0
2013-07-20,5,1307205,346.154004294146,0.0,23.1875,8.0,5.0,0.0,1.0,1.0
2013-07-21,1,1307211,66.2887578161955,0.0,26.375,8.0,5.0,0.0,1.0,1.0
2013-07-21,2,1307212,815.942264195776,0.0,26.375,8.0,5.0,0.0,1.0,1.0
2013-07-21,3,1307213,346.658236387984,0.0,26.375,8.0,5.0,0.0,1.0,1.0
2013-07-21,4,1307214,82.6826868784511,0.0,26.375,8.0,5.0,0.0,1.0,1.0
2013-07-21,5,1307215,287.443788531561,0.0,26.375,8.0,5.0,0.0,1.0,1.0
2013-07-22,1,1307221,131.223948997842,0.0,26.1,9.0,5.0,0.0,1.0,1.0
2013-07-22,2,1307222,647.682748973215,0.0,26.1,9.0,5.0,0.0,1.0,1.0
2013-07-22,3,1307223,297.712614415266,0.0,26.1,9.0,5.0,0.0,1.0,1.0
2013-07-22,4,1307224,99.3353908053911,0.0,26.1,9.0,5.0,0.0,1.0,1.0
2013-07-22,5,1307225,356.484067206325,0.0,26.1,9.0,5.0,0.0,1.0,1.0
2013-07-23,1,1307231,110.315246796665,0.0,24.95,12.0,5.0,0.0,1.0,1.0
2013-07-23,2,1307232,691.043662205889,0.0,24.95,12.0,5.0,0.0,1.0,1.0
2013-07-23,3,1307233,323.301431663341,0.0,24.95,12.0,5.0,0.0,1.0,1.0
2013-07-23,4,1307234,70.5290024618065,0.0,24.95,12.0,5.0,0.0,1.0,1.0
2013-07-23,5,1307235,316.29681714496,0.0,24.95,12.0,5.0,0.0,1.0,1.0
2013-07-24,1,1307241,141.891908195545,3.0,24.075,11.0,5.0,0.0,1.0,1.0
2013-07-24,2,1307242,698.340862077002,3.0,24.075,11.0,5.0,0.0,1.0,1.0
2013-07-24,3,1307243,328.023102507764,3.0,24.075,11.0,5.0,0.0,1.0,1.0
2013-07-24,4,1307244,83.5816326885927,3.0,24.075,11.0,5.0,0.0,1.0,1.0
2013-07-24,5,1307245,327.339400651794,3.0,24.075,11.0,5.0,0.0,1.0,1.0
2013-07-25,1,1307251,167.701216640907,2.0,23.0875,9.0,5.0,0.0,1.0,1.0
2013-07-25,2,1307252,681.250768331783,2.0,23.0875,9.0,5.0,0.0,1.0,1.0
2013-07-25,3,1307253,280.809721012322,2.0,23.0875,9.0,5.0,0.0,1.0,1.0
2013-07-25,4,1307254,65.8902979709521,2.0,23.0875,9.0,5.0,0.0,1.0,1.0
2013-07-25,5,1307255,303.192537586556,2.0,23.0875,9.0,5.0,0.0,1.0,1.0
2013-07-26,1,1307261,147.272084366206,3.0,27.2625,6.0,5.0,0.0,1.0,1.0
2013-07-26,2,1307262,718.016648132155,3.0,27.2625,6.0,5.0,0.0,1.0,1.0
2013-07-26,3,1307263,352.293883343641,3.0,27.2625,6.0,5.0,0.0,1.0,1.0
2013-07-26,4,1307264,53.1984562311259,3.0,27.2625,6.0,5.0,0.0,1.0,1.0
2013-07-26,5,1307265,331.522091778847,3.0,27.2625,6.0,5.0,0.0,1.0,1.0
2013-07-27,1,1307271,161.403357795112,1.0,26.1625,10.0,5.0,0.0,1.0,1.0
2013-07-27,2,1307272,855.619095347599,1.0,26.1625,10.0,5.0,0.0,1.0,1.0
2013-07-27,3,1307273,382.965879977945,1.0,26.1625,10.0,5.0,0.0,1.0,1.0
2013-07-27,4,1307274,,1.0,26.1625,10.0,5.0,0.0,1.0,1.0
2013-07-27,5,1307275,358.892714466409,1.0,26.1625,10.0,5.0,0.0,1.0,1.0
2013-07-28,1,1307281,86.0791432446654,4.0,24.8875,13.0,61.0,0.0,1.0,1.0
2013-07-28,2,1307282,871.802546455837,4.0,24.8875,13.0,61.0,0.0,1.0,1.0
2013-07-28,3,1307283,360.096105223697,4.0,24.8875,13.0,61.0,0.0,1.0,1.0
2013-07-28,4,1307284,,4.0,24.8875,13.0,61.0,0.0,1.0,1.0
2013-07-28,5,1307285,437.824795495097,4.0,24.8875,13.0,61.0,0.0,1.0,1.0
2013-07-29,1,1307291,183.564164400591,1.0,22.7875,10.0,61.0,0.0,1.0,1.0
2013-07-29,2,1307292,672.50214523923,1.0,22.7875,10.0,61.0,0.0,1.0,1.0
2013-07-29,3,1307293,356.033434735079,1.0,22.7875,10.0,61.0,0.0,1.0,1.0
2013-07-29,4,1307294,,1.0,22.7875,10.0,61.0,0.0,1.0,1.0
2013-07-29,5,1307295,368.951029057165,1.0,22.7875,10.0,61.0,0.0,1.0,1.0
2013-07-30,1,1307301,132.111640117897,5.0,21.075,13.0,21.0,0.0,1.0,1.0
2013-07-30,2,1307302,690.117757120039,5.0,21.075,13.0,21.0,0.0,1.0,1.0
2013-07-30,3,1307303,354.531775116541,5.0,21.075,13.0,21.0,0.0,1.0,1.0
2013-07-30,4,1307304,,5.0,21.075,13.0,21.0,0.0,1.0,1.0
2013-07-30,5,1307305,424.086156965952,5.0,21.075,13.0,21.0,0.0,1.0,1.0
2013-07-31,1,1307311,144.745431773143,5.0,20.275,16.0,65.0,0.0,1.0,1.0
2013-07-31,2,1307312,667.842224335937,5.0,20.275,16.0,65.0,0.0,1.0,1.0
2013-07-31,3,1307313,321.075920611583,5.0,20.275,16.0,65.0,0.0,1.0,1.0
2013-07-31,4,1307314,,5.0,20.275,16.0,65.0,0.0,1.0,1.0
2013-07-31,5,1307315,426.985804024935,5.0,20.275,16.0,65.0,0.0,1.0,1.0
2013-08-01,1,1308011,157.854023011106,6.0,23.4,7.0,21.0,0.0,1.0,1.0
2013-08-01,2,1308012,667.213719343287,6.0,23.4,7.0,21.0,0.0,1.0,1.0
2013-08-01,3,1308013,304.830310037868,6.0,23.4,7.0,21.0,0.0,1.0,1.0
2013-08-01,4,1308014,60.5614573229725,6.0,23.4,7.0,21.0,0.0,1.0,1.0
2013-08-01,5,1308015,322.294307178179,6.0,23.4,7.0,21.0,0.0,1.0,1.0
2013-08-02,1,1308021,117.359342094889,0.0,31.4375,7.0,21.0,0.0,1.0,1.0
2013-08-02,2,1308022,689.695100983376,0.0,31.4375,7.0,21.0,0.0,1.0,1.0
2013-08-02,3,1308023,379.526700654912,0.0,31.4375,7.0,21.0,0.0,1.0,1.0
2013-08-02,4,1308024,68.1222020855149,0.0,31.4375,7.0,21.0,0.0,1.0,1.0
2013-08-02,5,1308025,282.371517214865,0.0,31.4375,7.0,21.0,0.0,1.0,1.0
2013-08-03,1,1308031,186.027178770079,4.0,23.3625,11.0,63.0,0.0,1.0,1.0
2013-08-03,2,1308032,930.801703150498,4.0,23.3625,11.0,63.0,0.0,1.0,1.0
2013-08-03,3,1308033,454.705780795563,4.0,23.3625,11.0,63.0,0.0,1.0,1.0
2013-08-03,4,1308034,51.2749992906831,4.0,23.3625,11.0,63.0,0.0,1.0,1.0
2013-08-03,5,1308035,399.283316370115,4.0,23.3625,11.0,63.0,0.0,1.0,1.0
2013-08-04,1,1308041,104.708216687715,3.0,23.05,8.0,63.0,0.0,0.0,1.0
2013-08-04,2,1308042,862.752429028985,3.0,23.05,8.0,63.0,0.0,0.0,1.0
2013-08-04,3,1308043,382.85648750844,3.0,23.05,8.0,63.0,0.0,0.0,1.0
2013-08-04,4,1308044,67.1568816245378,3.0,23.05,8.0,63.0,0.0,0.0,1.0
2013-08-04,5,1308045,461.704848992483,3.0,23.05,8.0,63.0,0.0,0.0,1.0
2013-08-05,1,1308051,146.775309890073,0.0,25.8,10.0,63.0,0.0,0.0,1.0
2013-08-05,2,1308052,520.947179812455,0.0,25.8,10.0,63.0,0.0,0.0,1.0
2013-08-05,3,1308053,331.615355447409,0.0,25.8,10.0,63.0,0.0,0.0,1.0
2013-08-05,4,1308054,,0.0,25.8,10.0,63.0,0.0,0.0,1.0
2013-08-05,5,1308055,354.247243408463,0.0,25.8,10.0,63.0,0.0,0.0,1.0
2013-08-06,1,1308061,131.956277381283,5.0,22.225,13.0,63.0,0.0,0.0,1.0
2013-08-06,2,1308062,498.920948322354,5.0,22.225,13.0,63.0,0.0,0.0,1.0
2013-08-06,3,1308063,344.104806694018,5.0,22.225,13.0,63.0,0.0,0.0,1.0
2013-08-06,4,1308064,69.705360420462,5.0,22.225,13.0,63.0,0.0,0.0,1.0
2013-08-06,5,1308065,441.521507016938,5.0,22.225,13.0,63.0,0.0,0.0,1.0
2013-08-07,1,1308071,160.593417296116,4.0,19.2125,8.0,63.0,0.0,0.0,1.0
2013-08-07,2,1308072,519.197204695832,4.0,19.2125,8.0,63.0,0.0,0.0,1.0
2013-08-07,3,1308073,341.483544581514,4.0,19.2125,8.0,63.0,0.0,0.0,1.0
2013-08-07,4,1308074,83.1094116270633,4.0,19.2125,8.0,63.0,0.0,0.0,1.0
2013-08-07,5,1308075,423.850318191533,4.0,19.2125,8.0,63.0,0.0,0.0,1.0
2013-08-08,1,1308081,153.099424561652,7.0,16.975,12.0,20.0,0.0,0.0,1.0
2013-08-08,2,1308082,486.25509543792,7.0,16.975,12.0,20.0,0.0,0.0,1.0
2013-08-08,3,1308083,298.005519792868,7.0,16.975,12.0,20.0,0.0,0.0,1.0
2013-08-08,4,1308084,96.7720958104522,7.0,16.975,12.0,20.0,0.0,0.0,1.0
2013-08-08,5,1308085,464.87537153539,7.0,16.975,12.0,20.0,0.0,0.0,1.0
2013-08-09,1,1308091,125.620344387906,4.0,20.3375,10.0,21.0,0.0,0.0,1.0
2013-08-09,2,1308092,539.975155104136,4.0,20.3375,10.0,21.0,0.0,0.0,1.0
2013-08-09,3,1308093,328.22992428157,4.0,20.3375,10.0,21.0,0.0,0.0,1.0
2013-08-09,4,1308094,81.4817797241125,4.0,20.3375,10.0,21.0,0.0,0.0,1.0
2013-08-09,5,1308095,450.085987485785,4.0,20.3375,10.0,21.0,0.0,0.0,1.0
2013-08-10,1,1308101,185.177162656408,7.0,19.3625,12.0,61.0,0.0,0.0,1.0
2013-08-10,2,1308102,614.511830668785,7.0,19.3625,12.0,61.0,0.0,0.0,1.0
2013-08-10,3,1308103,351.617029216224,7.0,19.3625,12.0,61.0,0.0,0.0,1.0
2013-08-10,4,1308104,59.9811123644503,7.0,19.3625,12.0,61.0,0.0,0.0,1.0
2013-08-10,5,1308105,450.993337129113,7.0,19.3625,12.0,61.0,0.0,0.0,1.0
2013-08-11,1,1308111,73.2088330039992,7.0,16.3875,9.0,61.0,0.0,0.0,1.0
2013-08-11,2,1308112,666.9113081568,7.0,16.3875,9.0,61.0,0.0,0.0,1.0
2013-08-11,3,1308113,341.033029953849,7.0,16.3875,9.0,61.0,0.0,0.0,1.0
2013-08-11,4,1308114,60.7087857619079,7.0,16.3875,9.0,61.0,0.0,0.0,1.0
2013-08-11,5,1308115,583.491717818235,7.0,16.3875,9.0,61.0,0.0,0.0,1.0
2013-08-12,1,1308121,154.504729536697,7.0,16.45,11.0,63.0,0.0,0.0,1.0
2013-08-12,2,1308122,510.019126480035,7.0,16.45,11.0,63.0,0.0,0.0,1.0
2013-08-12,3,1308123,253.6233554703,7.0,16.45,11.0,63.0,0.0,0.0,1.0
2013-08-12,4,1308124,97.7406166426712,7.0,16.45,11.0,63.0,0.0,0.0,1.0
2013-08-12,5,1308125,356.026341718574,7.0,16.45,11.0,63.0,0.0,0.0,1.0
2013-08-13,1,1308131,134.064451548102,3.0,16.4,16.0,95.0,0.0,0.0,1.0
2013-08-13,2,1308132,535.403212817658,3.0,16.4,16.0,95.0,0.0,0.0,1.0
2013-08-13,3,1308133,271.591283834177,3.0,16.4,16.0,95.0,0.0,0.0,1.0
2013-08-13,4,1308134,113.863641914766,3.0,16.4,16.0,95.0,0.0,0.0,1.0
2013-08-13,5,1308135,344.643463915453,3.0,16.4,16.0,95.0,0.0,0.0,1.0
2013-08-14,1,1308141,156.972510536869,4.0,18.2625,18.0,61.0,0.0,0.0,1.0
2013-08-14,2,1308142,520.123590697437,4.0,18.2625,18.0,61.0,0.0,0.0,1.0
2013-08-14,3,1308143,309.116290264651,4.0,18.2625,18.0,61.0,0.0,0.0,1.0
2013-08-14,4,1308144,105.567865241887,4.0,18.2625,18.0,61.0,0.0,0.0,1.0
2013-08-14,5,1308145,441.253111778104,4.0,18.2625,18.0,61.0,0.0,0.0,1.0
2013-08-15,1,1308151,164.763795399756,3.0,19.8,8.0,61.0,0.0,0.0,1.0
2013-08-15,2,1308152,538.231262832354,3.0,19.8,8.0,61.0,0.0,0.0,1.0
2013-08-15,3,1308153,266.575408936199,3.0,19.8,8.0,61.0,0.0,0.0,1.0
2013-08-15,4,1308154,59.7561020638342,3.0,19.8,8.0,61.0,0.0,0.0,1.0
2013-08-15,5,1308155,416.610037755781,3.0,19.8,8.0,61.0,0.0,0.0,1.0
2013-08-16,1,1308161,147.79799759804,4.0,23.575,11.0,0.0,0.0,0.0,1.0
2013-08-16,2,1308162,552.153714601025,4.0,23.575,11.0,0.0,0.0,0.0,1.0
2013-08-16,3,1308163,241.76897512804,4.0,23.575,11.0,0.0,0.0,0.0,1.0
2013-08-16,4,1308164,75.2564619591539,4.0,23.575,11.0,0.0,0.0,0.0,1.0
2013-08-16,5,1308165,344.468629393561,4.0,23.575,11.0,0.0,0.0,0.0,1.0
2013-08-17,1,1308171,221.630418006017,6.0,20.55,7.0,0.0,0.0,0.0,1.0
2013-08-17,2,1308172,583.657434231324,6.0,20.55,7.0,0.0,0.0,0.0,1.0
2013-08-17,3,1308173,280.170045804428,6.0,20.55,7.0,0.0,0.0,0.0,1.0
2013-08-17,4,1308174,96.5293135082104,6.0,20.55,7.0,0.0,0.0,0.0,1.0
2013-08-17,5,1308175,519.834929394153,6.0,20.55,7.0,0.0,0.0,0.0,1.0
2013-08-18,1,1308181,92.489778506026,7.0,18.5875,10.0,63.0,0.0,0.0,1.0
2013-08-18,2,1308182,669.186211470815,7.0,18.5875,10.0,63.0,0.0,0.0,1.0
2013-08-18,3,1308183,282.599786111443,7.0,18.5875,10.0,63.0,0.0,0.0,1.0
2013-08-18,4,1308184,150.122396942697,7.0,18.5875,10.0,63.0,0.0,0.0,1.0
2013-08-18,5,1308185,479.499541699925,7.0,18.5875,10.0,63.0,0.0,0.0,1.0
2013-08-19,1,1308191,145.87913275728,5.0,18.4875,8.0,63.0,0.0,0.0,1.0
2013-08-19,2,1308192,499.912512856933,5.0,18.4875,8.0,63.0,0.0,0.0,1.0
2013-08-19,3,1308193,249.391160860983,5.0,18.4875,8.0,63.0,0.0,0.0,1.0
2013-08-19,4,1308194,107.407999333161,5.0,18.4875,8.0,63.0,0.0,0.0,1.0
2013-08-19,5,1308195,374.247117082749,5.0,18.4875,8.0,63.0,0.0,0.0,1.0
2013-08-20,1,1308201,111.842396126739,7.0,17.775,8.0,61.0,0.0,0.0,1.0
2013-08-20,2,1308202,478.730297151576,7.0,17.775,8.0,61.0,0.0,0.0,1.0
2013-08-20,3,1308203,257.620799680939,7.0,17.775,8.0,61.0,0.0,0.0,1.0
2013-08-20,4,1308204,64.5022565329893,7.0,17.775,8.0,61.0,0.0,0.0,1.0
2013-08-20,5,1308205,340.090359959321,7.0,17.775,8.0,61.0,0.0,0.0,1.0
2013-08-21,1,1308211,125.336522713024,5.0,20.125,8.0,61.0,0.0,0.0,1.0
2013-08-21,2,1308212,440.815636456397,5.0,20.125,8.0,61.0,0.0,0.0,1.0
2013-08-21,3,1308213,271.133442105753,5.0,20.125,8.0,61.0,0.0,0.0,1.0
2013-08-21,4,1308214,65.9210119267558,5.0,20.125,8.0,61.0,0.0,0.0,1.0
2013-08-21,5,1308215,352.695324198643,5.0,20.125,8.0,61.0,0.0,0.0,1.0
2013-08-22,1,1308221,132.916428220302,4.0,21.6625,8.0,61.0,0.0,0.0,1.0
2013-08-22,2,1308222,497.731338188322,4.0,21.6625,8.0,61.0,0.0,0.0,1.0
2013-08-22,3,1308223,229.323435589195,4.0,21.6625,8.0,61.0,0.0,0.0,1.0
2013-08-22,4,1308224,111.144301377526,4.0,21.6625,8.0,61.0,0.0,0.0,1.0
2013-08-22,5,1308225,343.348933556103,4.0,21.6625,8.0,61.0,0.0,0.0,1.0
2013-08-23,1,1308231,162.958958703106,1.0,22.0375,14.0,61.0,0.0,0.0,1.0
2013-08-23,2,1308232,503.672089526472,1.0,22.0375,14.0,61.0,0.0,0.0,1.0
2013-08-23,3,1308233,260.926195756112,1.0,22.0375,14.0,61.0,0.0,0.0,1.0
2013-08-23,4,1308234,94.2272902889274,1.0,22.0375,14.0,61.0,0.0,0.0,1.0
2013-08-23,5,1308235,375.317567662845,1.0,22.0375,14.0,61.0,0.0,0.0,1.0
2013-08-24,1,1308241,201.543109556297,0.0,20.85,16.0,5.0,0.0,0.0,1.0
2013-08-24,2,1308242,707.94429725517,0.0,20.85,16.0,5.0,0.0,0.0,1.0
2013-08-24,3,1308243,282.401869590288,0.0,20.85,16.0,5.0,0.0,0.0,1.0
2013-08-24,4,1308244,124.737464409769,0.0,20.85,16.0,5.0,0.0,0.0,1.0
2013-08-24,5,1308245,536.196771958902,0.0,20.85,16.0,5.0,0.0,0.0,1.0
2013-08-25,1,1308251,83.0226725739551,0.0,21.3875,16.0,5.0,0.0,0.0,1.0
2013-08-25,2,1308252,726.257649523775,0.0,21.3875,16.0,5.0,0.0,0.0,1.0
2013-08-25,3,1308253,360.817001197227,0.0,21.3875,16.0,5.0,0.0,0.0,1.0
2013-08-25,4,1308254,141.066888354584,0.0,21.3875,16.0,5.0,0.0,0.0,1.0
2013-08-25,5,1308255,495.194334936839,0.0,21.3875,16.0,5.0,0.0,0.0,1.0
2013-08-26,1,1308261,165.829031676714,0.0,20.125,15.0,5.0,0.0,0.0,1.0
2013-08-26,2,1308262,451.536740815421,0.0,20.125,15.0,5.0,0.0,0.0,1.0
2013-08-26,3,1308263,244.936370498996,0.0,20.125,15.0,5.0,0.0,0.0,1.0
2013-08-26,4,1308264,104.448858869003,0.0,20.125,15.0,5.0,0.0,0.0,1.0
2013-08-26,5,1308265,368.72576849632,0.0,20.125,15.0,5.0,0.0,0.0,1.0
2013-08-27,1,1308271,118.473650434102,1.0,21.0875,12.0,5.0,0.0,0.0,1.0
2013-08-27,2,1308272,442.318352086176,1.0,21.0875,12.0,5.0,0.0,0.0,1.0
2013-08-27,3,1308273,251.053043195831,1.0,21.0875,12.0,5.0,0.0,0.0,1.0
2013-08-27,4,1308274,89.3398068106772,1.0,21.0875,12.0,5.0,0.0,0.0,1.0
2013-08-27,5,1308275,305.77200439049,1.0,21.0875,12.0,5.0,0.0,0.0,1.0
2013-08-28,1,1308281,108.876991442649,0.0,21.3,7.0,5.0,0.0,0.0,1.0
2013-08-28,2,1308282,418.297941202801,0.0,21.3,7.0,5.0,0.0,0.0,1.0
2013-08-28,3,1308283,225.878194718714,0.0,21.3,7.0,5.0,0.0,0.0,1.0
2013-08-28,4,1308284,87.5160458910728,0.0,21.3,7.0,5.0,0.0,0.0,1.0
2013-08-28,5,1308285,349.390973099531,0.0,21.3,7.0,5.0,0.0,0.0,1.0
2013-08-29,1,1308291,178.178023803315,3.0,20.2125,11.0,5.0,0.0,0.0,1.0
2013-08-29,2,1308292,386.390267686346,3.0,20.2125,11.0,5.0,0.0,0.0,1.0
2013-08-29,3,1308293,198.776407298801,3.0,20.2125,11.0,5.0,0.0,0.0,1.0
2013-08-29,4,1308294,67.1751319746152,3.0,20.2125,11.0,5.0,0.0,0.0,1.0
2013-08-29,5,1308295,396.454612761332,3.0,20.2125,11.0,5.0,0.0,0.0,1.0
2013-08-30,1,1308301,133.150828452892,6.0,19.7875,8.0,5.0,0.0,0.0,1.0
2013-08-30,2,1308302,492.141265198519,6.0,19.7875,8.0,5.0,0.0,0.0,1.0
2013-08-30,3,1308303,184.252334847289,6.0,19.7875,8.0,5.0,0.0,0.0,1.0
2013-08-30,4,1308304,77.9353068130843,6.0,19.7875,8.0,5.0,0.0,0.0,1.0
2013-08-30,5,1308305,343.345686609289,6.0,19.7875,8.0,5.0,0.0,0.0,1.0
2013-08-31,1,1308311,130.821314898435,5.0,18.35,16.0,21.0,0.0,0.0,1.0
2013-08-31,2,1308312,581.490537751984,5.0,18.35,16.0,21.0,0.0,0.0,1.0
2013-08-31,3,1308313,265.410807550213,5.0,18.35,16.0,21.0,0.0,0.0,1.0
2013-08-31,4,1308314,86.0077280021026,5.0,18.35,16.0,21.0,0.0,0.0,1.0
2013-08-31,5,1308315,344.096618940689,5.0,18.35,16.0,21.0,0.0,0.0,1.0
2013-09-01,1,1309011,95.9704314892471,7.0,15.8625,16.0,61.0,0.0,0.0,1.0
2013-09-01,2,1309012,481.584829613001,7.0,15.8625,16.0,61.0,0.0,0.0,1.0
2013-09-01,3,1309013,239.545084070735,7.0,15.8625,16.0,61.0,0.0,0.0,1.0
2013-09-01,4,1309014,139.776992842103,7.0,15.8625,16.0,61.0,0.0,0.0,1.0
2013-09-01,5,1309015,400.375251601544,7.0,15.8625,16.0,61.0,0.0,0.0,1.0
2013-09-02,1,1309021,138.408723210465,7.0,16.575,17.0,63.0,0.0,0.0,1.0
2013-09-02,2,1309022,350.023432755307,7.0,16.575,17.0,63.0,0.0,0.0,1.0
2013-09-02,3,1309023,165.884794599896,7.0,16.575,17.0,63.0,0.0,0.0,1.0
2013-09-02,4,1309024,97.5577291094531,7.0,16.575,17.0,63.0,0.0,0.0,1.0
2013-09-02,5,1309025,236.082416986532,7.0,16.575,17.0,63.0,0.0,0.0,1.0
2013-09-03,1,1309031,138.825618927843,7.0,18.225,11.0,21.0,0.0,0.0,1.0
2013-09-03,2,1309032,357.401285676803,7.0,18.225,11.0,21.0,0.0,0.0,1.0
2013-09-03,3,1309033,174.655491296255,7.0,18.225,11.0,21.0,0.0,0.0,1.0
2013-09-03,4,1309034,66.7042185386037,7.0,18.225,11.0,21.0,0.0,0.0,1.0
2013-09-03,5,1309035,270.350123886175,7.0,18.225,11.0,21.0,0.0,0.0,1.0
2013-09-04,1,1309041,100.221969526295,7.0,18.125,5.0,21.0,0.0,0.0,1.0
2013-09-04,2,1309042,362.249371679536,7.0,18.125,5.0,21.0,0.0,0.0,1.0
2013-09-04,3,1309043,162.83743839423,7.0,18.125,5.0,21.0,0.0,0.0,1.0
2013-09-04,4,1309044,102.369988965095,7.0,18.125,5.0,21.0,0.0,0.0,1.0
2013-09-04,5,1309045,308.670506473354,7.0,18.125,5.0,21.0,0.0,0.0,1.0
2013-09-05,1,1309051,173.658100347255,0.0,21.7,8.0,21.0,0.0,0.0,1.0
2013-09-05,2,1309052,400.95010523182,0.0,21.7,8.0,21.0,0.0,0.0,1.0
2013-09-05,3,1309053,155.795527807677,0.0,21.7,8.0,21.0,0.0,0.0,1.0
2013-09-05,4,1309054,64.7180977987766,0.0,21.7,8.0,21.0,0.0,0.0,1.0
2013-09-05,5,1309055,309.022150561535,0.0,21.7,8.0,21.0,0.0,0.0,1.0
2013-09-06,1,1309061,171.415179710314,0.0,24.7,9.0,21.0,0.0,0.0,1.0
2013-09-06,2,1309062,395.673296994009,0.0,24.7,9.0,21.0,0.0,0.0,1.0
2013-09-06,3,1309063,183.372780096599,0.0,24.7,9.0,21.0,0.0,0.0,1.0
2013-09-06,4,1309064,79.6716952926438,0.0,24.7,9.0,21.0,0.0,0.0,1.0
2013-09-06,5,1309065,307.019415636833,0.0,24.7,9.0,21.0,0.0,0.0,1.0
2013-09-07,1,1309071,186.034060963767,6.0,22.7625,7.0,21.0,0.0,0.0,1.0
2013-09-07,2,1309072,591.523547732665,6.0,22.7625,7.0,21.0,0.0,0.0,1.0
2013-09-07,3,1309073,215.339022862711,6.0,22.7625,7.0,21.0,0.0,0.0,1.0
2013-09-07,4,1309074,65.0128197234662,6.0,22.7625,7.0,21.0,0.0,0.0,1.0
2013-09-07,5,1309075,447.991745678441,6.0,22.7625,7.0,21.0,0.0,0.0,1.0
2013-09-08,1,1309081,88.8925958109828,7.0,20.1625,8.0,61.0,0.0,0.0,1.0
2013-09-08,2,1309082,576.040699297842,7.0,20.1625,8.0,61.0,0.0,0.0,1.0
2013-09-08,3,1309083,261.723925353895,7.0,20.1625,8.0,61.0,0.0,0.0,1.0
2013-09-08,4,1309084,115.868951321453,7.0,20.1625,8.0,61.0,0.0,0.0,1.0
2013-09-08,5,1309085,453.792300083562,7.0,20.1625,8.0,61.0,0.0,0.0,1.0
2013-09-09,1,1309091,169.359968504942,8.0,11.575,11.0,63.0,0.0,0.0,1.0
2013-09-09,2,1309092,331.981293986457,8.0,11.575,11.0,63.0,0.0,0.0,1.0
2013-09-09,3,1309093,155.698998919682,8.0,11.575,11.0,63.0,0.0,0.0,1.0
2013-09-09,4,1309094,78.4321446410245,8.0,11.575,11.0,63.0,0.0,0.0,1.0
2013-09-09,5,1309095,266.740185481098,8.0,11.575,11.0,63.0,0.0,0.0,1.0
2013-09-10,1,1309101,89.6944536084346,6.0,13.5875,11.0,65.0,0.0,0.0,1.0
2013-09-10,2,1309102,363.667829135983,6.0,13.5875,11.0,65.0,0.0,0.0,1.0
2013-09-10,3,1309103,186.631885480156,6.0,13.5875,11.0,65.0,0.0,0.0,1.0
2013-09-10,4,1309104,75.320737395332,6.0,13.5875,11.0,65.0,0.0,0.0,1.0
2013-09-10,5,1309105,272.085784886284,6.0,13.5875,11.0,65.0,0.0,0.0,1.0
2013-09-11,1,1309111,103.363686559795,6.0,13.9,8.0,61.0,0.0,0.0,1.0
2013-09-11,2,1309112,350.81380789681,6.0,13.9,8.0,61.0,0.0,0.0,1.0
2013-09-11,3,1309113,156.993834222857,6.0,13.9,8.0,61.0,0.0,0.0,1.0
2013-09-11,4,1309114,84.1743682721035,6.0,13.9,8.0,61.0,0.0,0.0,1.0
2013-09-11,5,1309115,266.283742487977,6.0,13.9,8.0,61.0,0.0,0.0,1.0
2013-09-12,1,1309121,106.474399987548,6.0,16.1125,6.0,61.0,0.0,0.0,1.0
2013-09-12,2,1309122,354.282593212868,6.0,16.1125,6.0,61.0,0.0,0.0,1.0
2013-09-12,3,1309123,128.957531070768,6.0,16.1125,6.0,61.0,0.0,0.0,1.0
2013-09-12,4,1309124,79.9069125959926,6.0,16.1125,6.0,61.0,0.0,0.0,1.0
2013-09-12,5,1309125,291.297115676725,6.0,16.1125,6.0,61.0,0.0,0.0,1.0
2013-09-13,1,1309131,122.564626199915,6.0,17.4375,5.0,21.0,0.0,0.0,1.0
2013-09-13,2,1309132,413.041864366013,6.0,17.4375,5.0,21.0,0.0,0.0,1.0
2013-09-13,3,1309133,142.450922270702,6.0,17.4375,5.0,21.0,0.0,0.0,1.0
2013-09-13,4,1309134,60.0423801030524,6.0,17.4375,5.0,21.0,0.0,0.0,1.0
2013-09-13,5,1309135,306.313400312796,6.0,17.4375,5.0,21.0,0.0,0.0,1.0
2013-09-14,1,1309141,174.938807466572,5.0,17.625,10.0,63.0,0.0,0.0,1.0
2013-09-14,2,1309142,530.825102628704,5.0,17.625,10.0,63.0,0.0,0.0,1.0
2013-09-14,3,1309143,230.524249936583,5.0,17.625,10.0,63.0,0.0,0.0,1.0
2013-09-14,4,1309144,68.6316728927997,5.0,17.625,10.0,63.0,0.0,0.0,1.0
2013-09-14,5,1309145,383.083373412478,5.0,17.625,10.0,63.0,0.0,0.0,1.0
2013-09-15,1,1309151,55.1960062296304,7.0,14.8625,10.0,21.0,0.0,0.0,1.0
2013-09-15,2,1309152,494.908185078447,7.0,14.8625,10.0,21.0,0.0,0.0,1.0
2013-09-15,3,1309153,199.525819245624,7.0,14.8625,10.0,21.0,0.0,0.0,1.0
2013-09-15,4,1309154,150.947116904365,7.0,14.8625,10.0,21.0,0.0,0.0,1.0
2013-09-15,5,1309155,368.235519264474,7.0,14.8625,10.0,21.0,0.0,0.0,1.0
2013-09-16,1,1309161,146.760234890658,3.0,13.1375,13.0,21.0,0.0,0.0,1.0
2013-09-16,2,1309162,363.701917843028,3.0,13.1375,13.0,21.0,0.0,0.0,1.0
2013-09-16,3,1309163,150.458078596152,3.0,13.1375,13.0,21.0,0.0,0.0,1.0
2013-09-16,4,1309164,68.5094924358894,3.0,13.1375,13.0,21.0,0.0,0.0,1.0
2013-09-16,5,1309165,230.653426038182,3.0,13.1375,13.0,21.0,0.0,0.0,1.0
2013-09-17,1,1309171,136.118044538363,5.0,13.1375,10.0,63.0,0.0,0.0,1.0
2013-09-17,2,1309172,321.054881338889,5.0,13.1375,10.0,63.0,0.0,0.0,1.0
2013-09-17,3,1309173,121.601419092438,5.0,13.1375,10.0,63.0,0.0,0.0,1.0
2013-09-17,4,1309174,88.0432401860715,5.0,13.1375,10.0,63.0,0.0,0.0,1.0
2013-09-17,5,1309175,320.526447004404,5.0,13.1375,10.0,63.0,0.0,0.0,1.0
2013-09-18,1,1309181,152.255085210606,4.0,13.05,9.0,63.0,0.0,0.0,1.0
2013-09-18,2,1309182,327.413713418182,4.0,13.05,9.0,63.0,0.0,0.0,1.0
2013-09-18,3,1309183,123.430475306719,4.0,13.05,9.0,63.0,0.0,0.0,1.0
2013-09-18,4,1309184,81.9233275996418,4.0,13.05,9.0,63.0,0.0,0.0,1.0
2013-09-18,5,1309185,273.5407716877,4.0,13.05,9.0,63.0,0.0,0.0,1.0
2013-09-19,1,1309191,148.674992078993,5.0,14.8375,11.0,63.0,0.0,0.0,1.0
2013-09-19,2,1309192,362.273757016504,5.0,14.8375,11.0,63.0,0.0,0.0,1.0
2013-09-19,3,1309193,127.595436733938,5.0,14.8375,11.0,63.0,0.0,0.0,1.0
2013-09-19,4,1309194,56.2795004974713,5.0,14.8375,11.0,63.0,0.0,0.0,1.0
2013-09-19,5,1309195,300.262376130314,5.0,14.8375,11.0,63.0,0.0,0.0,1.0
2013-09-20,1,1309201,110.159250328825,7.0,13.525,6.0,63.0,0.0,0.0,1.0
2013-09-20,2,1309202,375.16829079452,7.0,13.525,6.0,63.0,0.0,0.0,1.0
2013-09-20,3,1309203,119.995567870545,7.0,13.525,6.0,63.0,0.0,0.0,1.0
2013-09-20,4,1309204,87.4952661591497,7.0,13.525,6.0,63.0,0.0,0.0,1.0
2013-09-20,5,1309205,377.403500794794,7.0,13.525,6.0,63.0,0.0,0.0,1.0
2013-09-21,1,1309211,178.263887943827,7.0,15.35,9.0,63.0,0.0,0.0,1.0
2013-09-21,2,1309212,525.014097788583,7.0,15.35,9.0,63.0,0.0,0.0,1.0
2013-09-21,3,1309213,227.17812505778,7.0,15.35,9.0,63.0,0.0,0.0,1.0
2013-09-21,4,1309214,48.2782247656494,7.0,15.35,9.0,63.0,0.0,0.0,1.0
2013-09-21,5,1309215,320.960054511642,7.0,15.35,9.0,63.0,0.0,0.0,1.0
2013-09-22,1,1309221,86.6668973821597,6.0,17.1375,14.0,21.0,0.0,0.0,1.0
2013-09-22,2,1309222,500.579617827733,6.0,17.1375,14.0,21.0,0.0,0.0,1.0
2013-09-22,3,1309223,216.025597526986,6.0,17.1375,14.0,21.0,0.0,0.0,1.0
2013-09-22,4,1309224,181.071825652617,6.0,17.1375,14.0,21.0,0.0,0.0,1.0
2013-09-22,5,1309225,359.99538027315,6.0,17.1375,14.0,21.0,0.0,0.0,1.0
2013-09-23,1,1309231,111.128410563554,7.0,17.3125,14.0,21.0,0.0,0.0,1.0
2013-09-23,2,1309232,339.417738661045,7.0,17.3125,14.0,21.0,0.0,0.0,1.0
2013-09-23,3,1309233,115.173949077037,7.0,17.3125,14.0,21.0,0.0,0.0,1.0
2013-09-23,4,1309234,72.8638989817766,7.0,17.3125,14.0,21.0,0.0,0.0,1.0
2013-09-23,5,1309235,293.881781699553,7.0,17.3125,14.0,21.0,0.0,0.0,1.0
2013-09-24,1,1309241,139.64144576808,8.0,15.7375,10.0,21.0,0.0,0.0,1.0
2013-09-24,2,1309242,314.00466178787,8.0,15.7375,10.0,21.0,0.0,0.0,1.0
2013-09-24,3,1309243,107.515311254663,8.0,15.7375,10.0,21.0,0.0,0.0,1.0
2013-09-24,4,1309244,91.9109696976559,8.0,15.7375,10.0,21.0,0.0,0.0,1.0
2013-09-24,5,1309245,261.601833826599,8.0,15.7375,10.0,21.0,0.0,0.0,1.0
2013-09-25,1,1309251,117.94119333604,6.0,13.5375,7.0,61.0,0.0,0.0,1.0
2013-09-25,2,1309252,333.964687913619,6.0,13.5375,7.0,61.0,0.0,0.0,1.0
2013-09-25,3,1309253,133.455357081465,6.0,13.5375,7.0,61.0,0.0,0.0,1.0
2013-09-25,4,1309254,83.2754466610357,6.0,13.5375,7.0,61.0,0.0,0.0,1.0
2013-09-25,5,1309255,298.284260355615,6.0,13.5375,7.0,61.0,0.0,0.0,1.0
2013-09-26,1,1309261,203.314345156607,1.0,12.9875,12.0,61.0,0.0,0.0,1.0
2013-09-26,2,1309262,348.862509645868,1.0,12.9875,12.0,61.0,0.0,0.0,1.0
2013-09-26,3,1309263,111.331440019646,1.0,12.9875,12.0,61.0,0.0,0.0,1.0
2013-09-26,4,1309264,52.9418817206733,1.0,12.9875,12.0,61.0,0.0,0.0,1.0
2013-09-26,5,1309265,287.793533580575,1.0,12.9875,12.0,61.0,0.0,0.0,1.0
2013-09-27,1,1309271,135.507291692088,5.0,13.0125,8.0,21.0,0.0,0.0,1.0
2013-09-27,2,1309272,337.894647078396,5.0,13.0125,8.0,21.0,0.0,0.0,1.0
2013-09-27,3,1309273,102.187864090432,5.0,13.0125,8.0,21.0,0.0,0.0,1.0
2013-09-27,4,1309274,93.9440670728549,5.0,13.0125,8.0,21.0,0.0,0.0,1.0
2013-09-27,5,1309275,283.206061885802,5.0,13.0125,8.0,21.0,0.0,0.0,1.0
2013-09-28,1,1309281,134.613756840197,0.0,13.1,8.0,21.0,0.0,0.0,1.0
2013-09-28,2,1309282,578.156874149585,0.0,13.1,8.0,21.0,0.0,0.0,1.0
2013-09-28,3,1309283,247.995826181906,0.0,13.1,8.0,21.0,0.0,0.0,1.0
2013-09-28,4,1309284,98.4375774152303,0.0,13.1,8.0,21.0,0.0,0.0,1.0
2013-09-28,5,1309285,290.84887886944,0.0,13.1,8.0,21.0,0.0,0.0,1.0
2013-09-29,1,1309291,68.6316896995448,3.0,14.175,12.0,21.0,0.0,0.0,1.0
2013-09-29,2,1309292,503.155199518292,3.0,14.175,12.0,21.0,0.0,0.0,1.0
2013-09-29,3,1309293,194.986111359586,3.0,14.175,12.0,21.0,0.0,0.0,1.0
2013-09-29,4,1309294,148.939102156167,3.0,14.175,12.0,21.0,0.0,0.0,1.0
2013-09-29,5,1309295,304.830463976939,3.0,14.175,12.0,21.0,0.0,0.0,1.0
2013-09-30,1,1309301,156.502435955326,1.0,12.825,14.0,21.0,0.0,0.0,1.0
2013-09-30,2,1309302,360.827106059368,1.0,12.825,14.0,21.0,0.0,0.0,1.0
2013-09-30,3,1309303,141.992865332313,1.0,12.825,14.0,21.0,0.0,0.0,1.0
2013-09-30,4,1309304,98.1860676233875,1.0,12.825,14.0,21.0,0.0,0.0,1.0
2013-09-30,5,1309305,331.154356903853,1.0,12.825,14.0,21.0,0.0,0.0,1.0
2013-10-01,1,1310011,123.397540137977,0.0,12.9125,13.0,5.0,0.0,0.0,1.0
2013-10-01,2,1310012,356.816079467772,0.0,12.9125,13.0,5.0,0.0,0.0,1.0
2013-10-01,3,1310013,135.614594111775,0.0,12.9125,13.0,5.0,0.0,0.0,1.0
2013-10-01,4,1310014,67.6549909234488,0.0,12.9125,13.0,5.0,0.0,0.0,1.0
2013-10-01,5,1310015,351.590991371398,0.0,12.9125,13.0,5.0,0.0,0.0,1.0
2013-10-02,1,1310021,196.720969158391,1.0,12.7,10.0,5.0,0.0,0.0,1.0
2013-10-02,2,1310022,423.688173539227,1.0,12.7,10.0,5.0,0.0,0.0,1.0
2013-10-02,3,1310023,156.465804020451,1.0,12.7,10.0,5.0,0.0,0.0,1.0
2013-10-02,4,1310024,119.813127526207,1.0,12.7,10.0,5.0,0.0,0.0,1.0
2013-10-02,5,1310025,322.880300414914,1.0,12.7,10.0,5.0,0.0,0.0,1.0
2013-10-03,1,1310031,75.2337302417469,0.0,11.7625,12.0,5.0,0.0,0.0,1.0
2013-10-03,2,1310032,592.567211256288,0.0,11.7625,12.0,5.0,0.0,0.0,1.0
2013-10-03,3,1310033,192.293311340733,0.0,11.7625,12.0,5.0,0.0,0.0,1.0
2013-10-03,4,1310034,148.994652688514,0.0,11.7625,12.0,5.0,0.0,0.0,1.0
2013-10-03,5,1310035,440.898116086485,0.0,11.7625,12.0,5.0,0.0,0.0,1.0
2013-10-04,1,1310041,156.066122625816,5.0,11.2,8.0,63.0,0.0,1.0,1.0
2013-10-04,2,1310042,501.347948785726,5.0,11.2,8.0,63.0,0.0,1.0,1.0
2013-10-04,3,1310043,179.301551909794,5.0,11.2,8.0,63.0,0.0,1.0,1.0
2013-10-04,4,1310044,74.562061444226,5.0,11.2,8.0,63.0,0.0,1.0,1.0
2013-10-04,5,1310045,280.756383513395,5.0,11.2,8.0,63.0,0.0,1.0,1.0
2013-10-05,1,1310051,152.280762053885,7.0,15.575,8.0,20.0,0.0,1.0,1.0
2013-10-05,2,1310052,532.496621420318,7.0,15.575,8.0,20.0,0.0,1.0,1.0
2013-10-05,3,1310053,225.910066727439,7.0,15.575,8.0,20.0,0.0,1.0,1.0
2013-10-05,4,1310054,66.2032518834826,7.0,15.575,8.0,20.0,0.0,1.0,1.0
2013-10-05,5,1310055,326.993164913838,7.0,15.575,8.0,20.0,0.0,1.0,1.0
2013-10-06,1,1310061,92.4805772695364,7.0,15.25,6.0,20.0,0.0,1.0,1.0
2013-10-06,2,1310062,534.597184990357,7.0,15.25,6.0,20.0,0.0,1.0,1.0
2013-10-06,3,1310063,225.346819831364,7.0,15.25,6.0,20.0,0.0,1.0,1.0
2013-10-06,4,1310064,129.952199872951,7.0,15.25,6.0,20.0,0.0,1.0,1.0
2013-10-06,5,1310065,340.701203063945,7.0,15.25,6.0,20.0,0.0,1.0,1.0
2013-10-07,1,1310071,124.841544023845,1.0,16.275,7.0,20.0,0.0,1.0,1.0
2013-10-07,2,1310072,372.452301813743,1.0,16.275,7.0,20.0,0.0,1.0,1.0
2013-10-07,3,1310073,146.80201055568,1.0,16.275,7.0,20.0,0.0,1.0,1.0
2013-10-07,4,1310074,70.2008226210611,1.0,16.275,7.0,20.0,0.0,1.0,1.0
2013-10-07,5,1310075,318.481660598268,1.0,16.275,7.0,20.0,0.0,1.0,1.0
2013-10-08,1,1310081,96.867100978839,6.0,15.1125,8.0,61.0,0.0,1.0,1.0
2013-10-08,2,1310082,324.616615610371,6.0,15.1125,8.0,61.0,0.0,1.0,1.0
2013-10-08,3,1310083,179.71807625926,6.0,15.1125,8.0,61.0,0.0,1.0,1.0
2013-10-08,4,1310084,73.2079831960351,6.0,15.1125,8.0,61.0,0.0,1.0,1.0
2013-10-08,5,1310085,245.656923063522,6.0,15.1125,8.0,61.0,0.0,1.0,1.0
2013-10-09,1,1310091,149.761758936995,7.0,14.3125,10.0,21.0,0.0,1.0,1.0
2013-10-09,2,1310092,369.540618454844,7.0,14.3125,10.0,21.0,0.0,1.0,1.0
2013-10-09,3,1310093,153.104643981133,7.0,14.3125,10.0,21.0,0.0,1.0,1.0
2013-10-09,4,1310094,101.892689553858,7.0,14.3125,10.0,21.0,0.0,1.0,1.0
2013-10-09,5,1310095,260.831242292014,7.0,14.3125,10.0,21.0,0.0,1.0,1.0
2013-10-10,1,1310101,119.300284972145,5.0,10.975,6.0,21.0,0.0,1.0,1.0
2013-10-10,2,1310102,349.149490881751,5.0,10.975,6.0,21.0,0.0,1.0,1.0
2013-10-10,3,1310103,157.491453078096,5.0,10.975,6.0,21.0,0.0,1.0,1.0
2013-10-10,4,1310104,70.9668372971161,5.0,10.975,6.0,21.0,0.0,1.0,1.0
2013-10-10,5,1310105,266.156733546376,5.0,10.975,6.0,21.0,0.0,1.0,1.0
2013-10-11,1,1310111,123.2348187168,7.0,13.8625,20.0,10.0,0.0,1.0,1.0
2013-10-11,2,1310112,349.112977802115,7.0,13.8625,20.0,10.0,0.0,1.0,1.0
2013-10-11,3,1310113,166.021960265633,7.0,13.8625,20.0,10.0,0.0,1.0,1.0
2013-10-11,4,1310114,75.3024074738754,7.0,13.8625,20.0,10.0,0.0,1.0,1.0
2013-10-11,5,1310115,229.072309397699,7.0,13.8625,20.0,10.0,0.0,1.0,1.0
2013-10-12,1,1310121,140.262421715801,8.0,13.025,21.0,63.0,0.0,1.0,1.0
2013-10-12,2,1310122,425.070804590291,8.0,13.025,21.0,63.0,0.0,1.0,1.0
2013-10-12,3,1310123,204.748697582742,8.0,13.025,21.0,63.0,0.0,1.0,1.0
2013-10-12,4,1310124,85.8339467852549,8.0,13.025,21.0,63.0,0.0,1.0,1.0
2013-10-12,5,1310125,273.221595297806,8.0,13.025,21.0,63.0,0.0,1.0,1.0
2013-10-13,1,1310131,42.9967926268111,5.0,10.8625,5.0,63.0,0.0,1.0,1.0
2013-10-13,2,1310132,452.275706400622,5.0,10.8625,5.0,63.0,0.0,1.0,1.0
2013-10-13,3,1310133,187.165299913108,5.0,10.8625,5.0,63.0,0.0,1.0,1.0
2013-10-13,4,1310134,149.25084502852,5.0,10.8625,5.0,63.0,0.0,1.0,1.0
2013-10-13,5,1310135,248.357762950889,5.0,10.8625,5.0,63.0,0.0,1.0,1.0
2013-10-14,1,1310141,109.863744271226,2.0,12.525,6.0,63.0,0.0,1.0,1.0
2013-10-14,2,1310142,328.255116835268,2.0,12.525,6.0,63.0,0.0,1.0,1.0
2013-10-14,3,1310143,155.668175429767,2.0,12.525,6.0,63.0,0.0,1.0,1.0
2013-10-14,4,1310144,52.4609987818665,2.0,12.525,6.0,63.0,0.0,1.0,1.0
2013-10-14,5,1310145,270.419718876308,2.0,12.525,6.0,63.0,0.0,1.0,1.0
2013-10-15,1,1310151,130.431802598324,7.0,10.6625,4.0,63.0,0.0,1.0,1.0
2013-10-15,2,1310152,354.885414944464,7.0,10.6625,4.0,63.0,0.0,1.0,1.0
2013-10-15,3,1310153,127.284237581592,7.0,10.6625,4.0,63.0,0.0,1.0,1.0
2013-10-15,4,1310154,93.0578771174161,7.0,10.6625,4.0,63.0,0.0,1.0,1.0
2013-10-15,5,1310155,219.941750803178,7.0,10.6625,4.0,63.0,0.0,1.0,1.0
2013-10-16,1,1310161,146.070583461057,8.0,12.275,7.0,63.0,0.0,1.0,1.0
2013-10-16,2,1310162,324.757529273156,8.0,12.275,7.0,63.0,0.0,1.0,1.0
2013-10-16,3,1310163,143.148086490441,8.0,12.275,7.0,63.0,0.0,1.0,1.0
2013-10-16,4,1310164,91.1515914626467,8.0,12.275,7.0,63.0,0.0,1.0,1.0
2013-10-16,5,1310165,288.91825808676,8.0,12.275,7.0,63.0,0.0,1.0,1.0
2013-10-17,1,1310171,89.9411837855476,7.0,12.0,15.0,65.0,0.0,1.0,1.0
2013-10-17,2,1310172,324.982641344802,7.0,12.0,15.0,65.0,0.0,1.0,1.0
2013-10-17,3,1310173,138.523531007126,7.0,12.0,15.0,65.0,0.0,1.0,1.0
2013-10-17,4,1310174,85.6188586141792,7.0,12.0,15.0,65.0,0.0,1.0,1.0
2013-10-17,5,1310175,244.428871611246,7.0,12.0,15.0,65.0,0.0,1.0,1.0
2013-10-18,1,1310181,111.233698203856,1.0,9.075,9.0,65.0,0.0,1.0,1.0
2013-10-18,2,1310182,321.70990029733,1.0,9.075,9.0,65.0,0.0,1.0,1.0
2013-10-18,3,1310183,154.060413787211,1.0,9.075,9.0,65.0,0.0,1.0,1.0
2013-10-18,4,1310184,65.0176982906717,1.0,9.075,9.0,65.0,0.0,1.0,1.0
2013-10-18,5,1310185,295.076856315502,1.0,9.075,9.0,65.0,0.0,1.0,1.0
2013-10-19,1,1310191,121.590860465012,7.0,9.45,9.0,65.0,0.0,0.0,1.0
2013-10-19,2,1310192,379.7774092487,7.0,9.45,9.0,65.0,0.0,0.0,1.0
2013-10-19,3,1310193,218.403804936665,7.0,9.45,9.0,65.0,0.0,0.0,1.0
2013-10-19,4,1310194,61.589080615236,7.0,9.45,9.0,65.0,0.0,0.0,1.0
2013-10-19,5,1310195,281.559213676245,7.0,9.45,9.0,65.0,0.0,0.0,1.0
2013-10-20,1,1310201,70.1419855298474,7.0,15.1875,8.0,21.0,0.0,0.0,1.0
2013-10-20,2,1310202,437.66111375148,7.0,15.1875,8.0,21.0,0.0,0.0,1.0
2013-10-20,3,1310203,184.738688804128,7.0,15.1875,8.0,21.0,0.0,0.0,1.0
2013-10-20,4,1310204,124.018841960182,7.0,15.1875,8.0,21.0,0.0,0.0,1.0
2013-10-20,5,1310205,229.516910132085,7.0,15.1875,8.0,21.0,0.0,0.0,1.0
2013-10-21,1,1310211,122.987868193302,7.0,14.2625,8.0,61.0,0.0,0.0,1.0
2013-10-21,2,1310212,312.390458346719,7.0,14.2625,8.0,61.0,0.0,0.0,1.0
2013-10-21,3,1310213,158.600060112572,7.0,14.2625,8.0,61.0,0.0,0.0,1.0
2013-10-21,4,1310214,71.2443638417337,7.0,14.2625,8.0,61.0,0.0,0.0,1.0
2013-10-21,5,1310215,187.562777604076,7.0,14.2625,8.0,61.0,0.0,0.0,1.0
2013-10-22,1,1310221,111.927088663048,2.0,17.6375,7.0,61.0,0.0,0.0,1.0
2013-10-22,2,1310222,367.731628638611,2.0,17.6375,7.0,61.0,0.0,0.0,1.0
2013-10-22,3,1310223,124.349835290535,2.0,17.6375,7.0,61.0,0.0,0.0,1.0
2013-10-22,4,1310224,96.9923094777322,2.0,17.6375,7.0,61.0,0.0,0.0,1.0
2013-10-22,5,1310225,255.793613767243,2.0,17.6375,7.0,61.0,0.0,0.0,1.0
2013-10-23,1,1310231,125.816016210178,6.0,17.675,9.0,61.0,0.0,0.0,1.0
2013-10-23,2,1310232,339.191026703081,6.0,17.675,9.0,61.0,0.0,0.0,1.0
2013-10-23,3,1310233,127.206231759846,6.0,17.675,9.0,61.0,0.0,0.0,1.0
2013-10-23,4,1310234,94.6638761998211,6.0,17.675,9.0,61.0,0.0,0.0,1.0
2013-10-23,5,1310235,271.192325022255,6.0,17.675,9.0,61.0,0.0,0.0,1.0
2013-10-24,1,1310241,123.163406361057,5.0,12.6875,12.0,61.0,0.0,0.0,1.0
2013-10-24,2,1310242,347.147339698928,5.0,12.6875,12.0,61.0,0.0,0.0,1.0
2013-10-24,3,1310243,156.231332746406,5.0,12.6875,12.0,61.0,0.0,0.0,1.0
2013-10-24,4,1310244,95.9995140166535,5.0,12.6875,12.0,61.0,0.0,0.0,1.0
2013-10-24,5,1310245,246.175469323983,5.0,12.6875,12.0,61.0,0.0,0.0,1.0
2013-10-25,1,1310251,113.661858634409,7.0,11.8875,7.0,61.0,0.0,0.0,1.0
2013-10-25,2,1310252,331.531922475238,7.0,11.8875,7.0,61.0,0.0,0.0,1.0
2013-10-25,3,1310253,160.591057645463,7.0,11.8875,7.0,61.0,0.0,0.0,1.0
2013-10-25,4,1310254,70.0532365692146,7.0,11.8875,7.0,61.0,0.0,0.0,1.0
2013-10-25,5,1310255,262.479741759397,7.0,11.8875,7.0,61.0,0.0,0.0,1.0
2013-10-26,1,1310261,161.678805315967,5.0,16.775,10.0,21.0,0.0,0.0,1.0
2013-10-26,2,1310262,403.176380323358,5.0,16.775,10.0,21.0,0.0,0.0,1.0
2013-10-26,3,1310263,189.242202262172,5.0,16.775,10.0,21.0,0.0,0.0,1.0
2013-10-26,4,1310264,63.040579010536,5.0,16.775,10.0,21.0,0.0,0.0,1.0
2013-10-26,5,1310265,260.812943526863,5.0,16.775,10.0,21.0,0.0,0.0,1.0
2013-10-27,1,1310271,102.355195816072,6.0,14.9875,16.0,65.0,0.0,0.0,1.0
2013-10-27,2,1310272,541.86792448218,6.0,14.9875,16.0,65.0,0.0,0.0,1.0
2013-10-27,3,1310273,190.712737133049,6.0,14.9875,16.0,65.0,0.0,0.0,1.0
2013-10-27,4,1310274,186.537638448479,6.0,14.9875,16.0,65.0,0.0,0.0,1.0
2013-10-27,5,1310275,292.452459619799,6.0,14.9875,16.0,65.0,0.0,0.0,1.0
2013-10-28,1,1310281,129.482192717092,7.0,14.3625,29.0,63.0,0.0,0.0,1.0
2013-10-28,2,1310282,358.47390890485,7.0,14.3625,29.0,63.0,0.0,0.0,1.0
2013-10-28,3,1310283,133.336139828081,7.0,14.3625,29.0,63.0,0.0,0.0,1.0
2013-10-28,4,1310284,74.3238360664755,7.0,14.3625,29.0,63.0,0.0,0.0,1.0
2013-10-28,5,1310285,196.841869220639,7.0,14.3625,29.0,63.0,0.0,0.0,1.0
2013-10-29,1,1310291,112.285893935052,7.0,10.775,17.0,63.0,0.0,0.0,1.0
2013-10-29,2,1310292,343.382554561478,7.0,10.775,17.0,63.0,0.0,0.0,1.0
2013-10-29,3,1310293,140.485738793355,7.0,10.775,17.0,63.0,0.0,0.0,1.0
2013-10-29,4,1310294,74.735898673334,7.0,10.775,17.0,63.0,0.0,0.0,1.0
2013-10-29,5,1310295,194.050358871373,7.0,10.775,17.0,63.0,0.0,0.0,1.0
2013-10-30,1,1310301,121.506077008915,6.0,10.4375,10.0,61.0,0.0,0.0,1.0
2013-10-30,2,1310302,315.521819776895,6.0,10.4375,10.0,61.0,0.0,0.0,1.0
2013-10-30,3,1310303,130.066409188398,6.0,10.4375,10.0,61.0,0.0,0.0,1.0
2013-10-30,4,1310304,48.1084083947754,6.0,10.4375,10.0,61.0,0.0,0.0,1.0
2013-10-30,5,1310305,295.266893345374,6.0,10.4375,10.0,61.0,0.0,0.0,1.0
2013-10-31,1,1310311,133.723541287582,5.0,11.1625,13.0,21.0,0.0,0.0,1.0
2013-10-31,2,1310312,297.251141804671,5.0,11.1625,13.0,21.0,0.0,0.0,1.0
2013-10-31,3,1310313,131.888004220895,5.0,11.1625,13.0,21.0,0.0,0.0,1.0
2013-10-31,4,1310314,85.5171451600742,5.0,11.1625,13.0,21.0,0.0,0.0,1.0
2013-10-31,5,1310315,242.152859667865,5.0,11.1625,13.0,21.0,0.0,0.0,1.0
2013-11-01,1,1311011,100.182160485504,8.0,10.625,9.0,63.0,0.0,0.0,1.0
2013-11-01,2,1311012,336.018177940212,8.0,10.625,9.0,63.0,0.0,0.0,1.0
2013-11-01,3,1311013,131.595462324601,8.0,10.625,9.0,63.0,0.0,0.0,1.0
2013-11-01,4,1311014,91.3424292969203,8.0,10.625,9.0,63.0,0.0,0.0,1.0
2013-11-01,5,1311015,273.370278323609,8.0,10.625,9.0,63.0,0.0,0.0,1.0
2013-11-01,6,1311016,48.6054000047875,8.0,10.625,9.0,63.0,0.0,0.0,1.0
2013-11-02,1,1311021,149.172348030766,8.0,8.8875,3.0,63.0,0.0,0.0,1.0
2013-11-02,2,1311022,433.411475491698,8.0,8.8875,3.0,63.0,0.0,0.0,1.0
2013-11-02,3,1311023,196.1559913362,8.0,8.8875,3.0,63.0,0.0,0.0,1.0
2013-11-02,4,1311024,60.8349248921595,8.0,8.8875,3.0,63.0,0.0,0.0,1.0
2013-11-02,5,1311025,225.660926756768,8.0,8.8875,3.0,63.0,0.0,0.0,1.0
2013-11-02,6,1311026,70.1309361215906,8.0,8.8875,3.0,63.0,0.0,0.0,1.0
2013-11-03,1,1311031,97.4532740046654,6.0,10.7,15.0,21.0,0.0,0.0,1.0
2013-11-03,2,1311032,549.620047848044,6.0,10.7,15.0,21.0,0.0,0.0,1.0
2013-11-03,3,1311033,170.032963538546,6.0,10.7,15.0,21.0,0.0,0.0,1.0
2013-11-03,4,1311034,128.473076323971,6.0,10.7,15.0,21.0,0.0,0.0,1.0
2013-11-03,5,1311035,250.834570281876,6.0,10.7,15.0,21.0,0.0,0.0,1.0
2013-11-03,6,1311036,34.2580409055977,6.0,10.7,15.0,21.0,0.0,0.0,1.0
2013-11-04,1,1311041,137.864260444157,7.0,6.8375,7.0,63.0,0.0,0.0,1.0
2013-11-04,2,1311042,269.386056106044,7.0,6.8375,7.0,63.0,0.0,0.0,1.0
2013-11-04,3,1311043,127.268329765293,7.0,6.8375,7.0,63.0,0.0,0.0,1.0
2013-11-04,4,1311044,,7.0,6.8375,7.0,63.0,0.0,0.0,1.0
2013-11-04,5,1311045,243.480688862574,7.0,6.8375,7.0,63.0,0.0,0.0,1.0
2013-11-04,6,1311046,17.8744198764574,7.0,6.8375,7.0,63.0,0.0,0.0,1.0
2013-11-05,1,1311051,103.700267261952,4.0,8.9,12.0,61.0,0.0,0.0,1.0
2013-11-05,2,1311052,247.501683917765,4.0,8.9,12.0,61.0,0.0,0.0,1.0
2013-11-05,3,1311053,103.887044199963,4.0,8.9,12.0,61.0,0.0,0.0,1.0
2013-11-05,4,1311054,74.2946461688414,4.0,8.9,12.0,61.0,0.0,0.0,1.0
2013-11-05,5,1311055,189.316339883043,4.0,8.9,12.0,61.0,0.0,0.0,1.0
2013-11-05,6,1311056,41.7139880995306,4.0,8.9,12.0,61.0,0.0,0.0,1.0
2013-11-06,1,1311061,109.097001107423,4.0,8.1375,12.0,63.0,0.0,0.0,1.0
2013-11-06,2,1311062,273.952220004938,4.0,8.1375,12.0,63.0,0.0,0.0,1.0
2013-11-06,3,1311063,79.0889861643745,4.0,8.1375,12.0,63.0,0.0,0.0,1.0
2013-11-06,4,1311064,64.0286940032467,4.0,8.1375,12.0,63.0,0.0,0.0,1.0
2013-11-06,5,1311065,193.037644420427,4.0,8.1375,12.0,63.0,0.0,0.0,1.0
2013-11-06,6,1311066,50.5185888728345,4.0,8.1375,12.0,63.0,0.0,0.0,1.0
2013-11-07,1,1311071,118.470603286455,6.0,9.5,10.0,61.0,0.0,0.0,1.0
2013-11-07,2,1311072,276.67098423661,6.0,9.5,10.0,61.0,0.0,0.0,1.0
2013-11-07,3,1311073,122.745430561521,6.0,9.5,10.0,61.0,0.0,0.0,1.0
2013-11-07,4,1311074,67.2858927962349,6.0,9.5,10.0,61.0,0.0,0.0,1.0
2013-11-07,5,1311075,225.684071441743,6.0,9.5,10.0,61.0,0.0,0.0,1.0
2013-11-07,6,1311076,50.2266196683466,6.0,9.5,10.0,61.0,0.0,0.0,1.0
2013-11-08,1,1311081,132.796244239256,3.0,9.325,9.0,61.0,0.0,0.0,1.0
2013-11-08,2,1311082,270.935184532938,3.0,9.325,9.0,61.0,0.0,0.0,1.0
2013-11-08,3,1311083,101.771889831401,3.0,9.325,9.0,61.0,0.0,0.0,1.0
2013-11-08,4,1311084,65.3154182108296,3.0,9.325,9.0,61.0,0.0,0.0,1.0
2013-11-08,5,1311085,208.931884105255,3.0,9.325,9.0,61.0,0.0,0.0,1.0
2013-11-08,6,1311086,53.5192500112591,3.0,9.325,9.0,61.0,0.0,0.0,1.0
2013-11-09,1,1311091,99.9317959514759,5.0,7.7,16.0,63.0,0.0,0.0,1.0
2013-11-09,2,1311092,391.257430539666,5.0,7.7,16.0,63.0,0.0,0.0,1.0
2013-11-09,3,1311093,136.287645125254,5.0,7.7,16.0,63.0,0.0,0.0,1.0
2013-11-09,4,1311094,63.0232472685735,5.0,7.7,16.0,63.0,0.0,0.0,1.0
2013-11-09,5,1311095,221.231762690697,5.0,7.7,16.0,63.0,0.0,0.0,1.0
2013-11-09,6,1311096,51.1297514715512,5.0,7.7,16.0,63.0,0.0,0.0,1.0
2013-11-10,1,1311101,108.561660295105,2.0,6.9875,12.0,63.0,0.0,0.0,1.0
2013-11-10,2,1311102,554.358848899602,2.0,6.9875,12.0,63.0,0.0,0.0,1.0
2013-11-10,3,1311103,190.963900511964,2.0,6.9875,12.0,63.0,0.0,0.0,1.0
2013-11-10,4,1311104,176.522124121548,2.0,6.9875,12.0,63.0,0.0,0.0,1.0
2013-11-10,5,1311105,338.893723228729,2.0,6.9875,12.0,63.0,0.0,0.0,1.0
2013-11-10,6,1311106,39.7377803974395,2.0,6.9875,12.0,63.0,0.0,0.0,1.0
2013-11-11,1,1311111,124.580485617569,2.0,8.3125,5.0,63.0,0.0,0.0,1.0
2013-11-11,2,1311112,277.910909861899,2.0,8.3125,5.0,63.0,0.0,0.0,1.0
2013-11-11,3,1311113,120.162641671644,2.0,8.3125,5.0,63.0,0.0,0.0,1.0
2013-11-11,4,1311114,76.1706634927456,2.0,8.3125,5.0,63.0,0.0,0.0,1.0
2013-11-11,5,1311115,242.681615020156,2.0,8.3125,5.0,63.0,0.0,0.0,1.0
2013-11-11,6,1311116,62.3605448128483,2.0,8.3125,5.0,63.0,0.0,0.0,1.0
2013-11-12,1,1311121,111.970870543294,7.0,5.9375,9.0,61.0,0.0,0.0,1.0
2013-11-12,2,1311122,257.306498146673,7.0,5.9375,9.0,61.0,0.0,0.0,1.0
2013-11-12,3,1311123,107.253206740507,7.0,5.9375,9.0,61.0,0.0,0.0,1.0
2013-11-12,4,1311124,49.0155893982333,7.0,5.9375,9.0,61.0,0.0,0.0,1.0
2013-11-12,5,1311125,196.457888917276,7.0,5.9375,9.0,61.0,0.0,0.0,1.0
2013-11-12,6,1311126,41.3570335382478,7.0,5.9375,9.0,61.0,0.0,0.0,1.0
2013-11-13,1,1311131,78.0382483442215,1.0,8.8,12.0,0.0,0.0,0.0,1.0
2013-11-13,2,1311132,253.679516784304,1.0,8.8,12.0,0.0,0.0,0.0,1.0
2013-11-13,3,1311133,119.867748504171,1.0,8.8,12.0,0.0,0.0,0.0,1.0
2013-11-13,4,1311134,65.8442679091616,1.0,8.8,12.0,0.0,0.0,0.0,1.0
2013-11-13,5,1311135,243.067077049956,1.0,8.8,12.0,0.0,0.0,0.0,1.0
2013-11-13,6,1311136,65.0616903306825,1.0,8.8,12.0,0.0,0.0,0.0,1.0
2013-11-14,1,1311141,121.180219705286,5.0,6.9375,9.0,21.0,0.0,0.0,1.0
2013-11-14,2,1311142,252.672301244525,5.0,6.9375,9.0,21.0,0.0,0.0,1.0
2013-11-14,3,1311143,69.8361305530764,5.0,6.9375,9.0,21.0,0.0,0.0,1.0
2013-11-14,4,1311144,57.5383042189858,5.0,6.9375,9.0,21.0,0.0,0.0,1.0
2013-11-14,5,1311145,209.051190249137,5.0,6.9375,9.0,21.0,0.0,0.0,1.0
2013-11-14,6,1311146,44.8353611437005,5.0,6.9375,9.0,21.0,0.0,0.0,1.0
2013-11-15,1,1311151,122.76929773359,7.0,6.45,6.0,21.0,0.0,0.0,1.0
2013-11-15,2,1311152,261.631579072909,7.0,6.45,6.0,21.0,0.0,0.0,1.0
2013-11-15,3,1311153,93.6794869368266,7.0,6.45,6.0,21.0,0.0,0.0,1.0
2013-11-15,4,1311154,51.4925840580978,7.0,6.45,6.0,21.0,0.0,0.0,1.0
2013-11-15,5,1311155,210.424923048355,7.0,6.45,6.0,21.0,0.0,0.0,1.0
2013-11-15,6,1311156,61.0014708202482,7.0,6.45,6.0,21.0,0.0,0.0,1.0
2013-11-16,1,1311161,126.793397398979,8.0,8.875,12.0,21.0,0.0,0.0,1.0
2013-11-16,2,1311162,388.456732659322,8.0,8.875,12.0,21.0,0.0,0.0,1.0
2013-11-16,3,1311163,137.151643129665,8.0,8.875,12.0,21.0,0.0,0.0,1.0
2013-11-16,4,1311164,49.4223775237036,8.0,8.875,12.0,21.0,0.0,0.0,1.0
2013-11-16,5,1311165,261.755181235489,8.0,8.875,12.0,21.0,0.0,0.0,1.0
2013-11-16,6,1311166,72.2449528103848,8.0,8.875,12.0,21.0,0.0,0.0,1.0
2013-11-17,1,1311171,74.3945185864517,2.0,8.8875,8.0,0.0,0.0,0.0,1.0
2013-11-17,2,1311172,585.360633461221,2.0,8.8875,8.0,0.0,0.0,0.0,1.0
2013-11-17,3,1311173,219.230607681238,2.0,8.8875,8.0,0.0,0.0,0.0,1.0
2013-11-17,4,1311174,177.087584201101,2.0,8.8875,8.0,0.0,0.0,0.0,1.0
2013-11-17,5,1311175,434.514684349967,2.0,8.8875,8.0,0.0,0.0,0.0,1.0
2013-11-17,6,1311176,37.9512648752007,2.0,8.8875,8.0,0.0,0.0,0.0,1.0
2013-11-18,1,1311181,129.109032642028,7.0,6.65,5.0,63.0,0.0,0.0,1.0
2013-11-18,2,1311182,271.38800449289,7.0,6.65,5.0,63.0,0.0,0.0,1.0
2013-11-18,3,1311183,91.0125010507372,7.0,6.65,5.0,63.0,0.0,0.0,1.0
2013-11-18,4,1311184,49.8879972007333,7.0,6.65,5.0,63.0,0.0,0.0,1.0
2013-11-18,5,1311185,211.412460843845,7.0,6.65,5.0,63.0,0.0,0.0,1.0
2013-11-18,6,1311186,64.8333393440256,7.0,6.65,5.0,63.0,0.0,0.0,1.0
2013-11-19,1,1311191,106.906118646237,8.0,5.8375,8.0,61.0,0.0,0.0,1.0
2013-11-19,2,1311192,256.059323867932,8.0,5.8375,8.0,61.0,0.0,0.0,1.0
2013-11-19,3,1311193,82.9422221901555,8.0,5.8375,8.0,61.0,0.0,0.0,1.0
2013-11-19,4,1311194,54.9978272171921,8.0,5.8375,8.0,61.0,0.0,0.0,1.0
2013-11-19,5,1311195,175.243335348158,8.0,5.8375,8.0,61.0,0.0,0.0,1.0
2013-11-19,6,1311196,61.9559723571108,8.0,5.8375,8.0,61.0,0.0,0.0,1.0
2013-11-20,1,1311201,124.324612351715,6.0,3.85,6.0,61.0,0.0,0.0,1.0
2013-11-20,2,1311202,254.568609014357,6.0,3.85,6.0,61.0,0.0,0.0,1.0
2013-11-20,3,1311203,97.7892812341537,6.0,3.85,6.0,61.0,0.0,0.0,1.0
2013-11-20,4,1311204,78.1131998337016,6.0,3.85,6.0,61.0,0.0,0.0,1.0
2013-11-20,5,1311205,189.093245051335,6.0,3.85,6.0,61.0,0.0,0.0,1.0
2013-11-20,6,1311206,70.0645170068576,6.0,3.85,6.0,61.0,0.0,0.0,1.0
2013-11-21,1,1311211,144.359927455555,2.0,3.275,8.0,10.0,0.0,0.0,1.0
2013-11-21,2,1311212,265.659732396587,2.0,3.275,8.0,10.0,0.0,0.0,1.0
2013-11-21,3,1311213,101.903925231963,2.0,3.275,8.0,10.0,0.0,0.0,1.0
2013-11-21,4,1311214,58.3913411790683,2.0,3.275,8.0,10.0,0.0,0.0,1.0
2013-11-21,5,1311215,188.007263743597,2.0,3.275,8.0,10.0,0.0,0.0,1.0
2013-11-21,6,1311216,95.3284808994841,2.0,3.275,8.0,10.0,0.0,0.0,1.0
2013-11-22,1,1311221,107.962731413831,7.0,5.375,10.0,21.0,0.0,0.0,1.0
2013-11-22,2,1311222,264.858352033057,7.0,5.375,10.0,21.0,0.0,0.0,1.0
2013-11-22,3,1311223,93.0736046522105,7.0,5.375,10.0,21.0,0.0,0.0,1.0
2013-11-22,4,1311224,57.7729401837321,7.0,5.375,10.0,21.0,0.0,0.0,1.0
2013-11-22,5,1311225,182.217584291959,7.0,5.375,10.0,21.0,0.0,0.0,1.0
2013-11-22,6,1311226,111.068512845509,7.0,5.375,10.0,21.0,0.0,0.0,1.0
2013-11-23,1,1311231,96.5196766761341,3.0,4.9125,6.0,21.0,0.0,0.0,1.0
2013-11-23,2,1311232,371.973598822071,3.0,4.9125,6.0,21.0,0.0,0.0,1.0
2013-11-23,3,1311233,174.47896691478,3.0,4.9125,6.0,21.0,0.0,0.0,1.0
2013-11-23,4,1311234,91.899653481564,3.0,4.9125,6.0,21.0,0.0,0.0,1.0
2013-11-23,5,1311235,208.761601079823,3.0,4.9125,6.0,21.0,0.0,0.0,1.0
2013-11-23,6,1311236,60.8486978870594,3.0,4.9125,6.0,21.0,0.0,0.0,1.0
2013-11-24,1,1311241,76.4120061231823,0.0,4.6,16.0,21.0,0.0,0.0,1.0
2013-11-24,2,1311242,563.703199691435,0.0,4.6,16.0,21.0,0.0,0.0,1.0
2013-11-24,3,1311243,256.642590494745,0.0,4.6,16.0,21.0,0.0,0.0,1.0
2013-11-24,4,1311244,175.128357778932,0.0,4.6,16.0,21.0,0.0,0.0,1.0
2013-11-24,5,1311245,369.426275393692,0.0,4.6,16.0,21.0,0.0,0.0,1.0
2013-11-24,6,1311246,90.7061638144903,0.0,4.6,16.0,21.0,0.0,0.0,1.0
2013-11-25,1,1311251,129.81992805086,0.0,3.7,10.0,21.0,0.0,0.0,1.0
2013-11-25,2,1311252,243.739175008053,0.0,3.7,10.0,21.0,0.0,0.0,1.0
2013-11-25,3,1311253,73.4033326848311,0.0,3.7,10.0,21.0,0.0,0.0,1.0
2013-11-25,4,1311254,92.5228806731995,0.0,3.7,10.0,21.0,0.0,0.0,1.0
2013-11-25,5,1311255,243.044424030491,0.0,3.7,10.0,21.0,0.0,0.0,1.0
2013-11-25,6,1311256,91.4526701439361,0.0,3.7,10.0,21.0,0.0,0.0,1.0
2013-11-26,1,1311261,123.431703158233,2.0,2.3125,6.0,21.0,0.0,0.0,1.0
2013-11-26,2,1311262,270.066780638125,2.0,2.3125,6.0,21.0,0.0,0.0,1.0
2013-11-26,3,1311263,102.058774564762,2.0,2.3125,6.0,21.0,0.0,0.0,1.0
2013-11-26,4,1311264,57.5784741040714,2.0,2.3125,6.0,21.0,0.0,0.0,1.0
2013-11-26,5,1311265,246.470658207108,2.0,2.3125,6.0,21.0,0.0,0.0,1.0
2013-11-26,6,1311266,87.9569789296446,2.0,2.3125,6.0,21.0,0.0,0.0,1.0
2013-11-27,1,1311271,93.5321454303922,8.0,7.3125,12.0,61.0,0.0,0.0,1.0
2013-11-27,2,1311272,249.98388856265,8.0,7.3125,12.0,61.0,0.0,0.0,1.0
2013-11-27,3,1311273,73.1540919998792,8.0,7.3125,12.0,61.0,0.0,0.0,1.0
2013-11-27,4,1311274,78.1936852275363,8.0,7.3125,12.0,61.0,0.0,0.0,1.0
2013-11-27,5,1311275,199.971144378813,8.0,7.3125,12.0,61.0,0.0,0.0,1.0
2013-11-27,6,1311276,60.3973679194948,8.0,7.3125,12.0,61.0,0.0,0.0,1.0
2013-11-28,1,1311281,128.842426194061,2.0,8.025,18.0,61.0,0.0,0.0,1.0
2013-11-28,2,1311282,245.157903548545,2.0,8.025,18.0,61.0,0.0,0.0,1.0
2013-11-28,3,1311283,111.25498488686,2.0,8.025,18.0,61.0,0.0,0.0,1.0
2013-11-28,4,1311284,101.637479250916,2.0,8.025,18.0,61.0,0.0,0.0,1.0
2013-11-28,5,1311285,218.574938092632,2.0,8.025,18.0,61.0,0.0,0.0,1.0
2013-11-28,6,1311286,90.6225992800748,2.0,8.025,18.0,61.0,0.0,0.0,1.0
2013-11-29,1,1311291,104.966463375073,8.0,5.9875,11.0,63.0,0.0,0.0,1.0
2013-11-29,2,1311292,270.604986736201,8.0,5.9875,11.0,63.0,0.0,0.0,1.0
2013-11-29,3,1311293,98.1353983496204,8.0,5.9875,11.0,63.0,0.0,0.0,1.0
2013-11-29,4,1311294,83.7787352392597,8.0,5.9875,11.0,63.0,0.0,0.0,1.0
2013-11-29,5,1311295,198.643762741097,8.0,5.9875,11.0,63.0,0.0,0.0,1.0
2013-11-29,6,1311296,76.747514503209,8.0,5.9875,11.0,63.0,0.0,0.0,1.0
2013-11-30,1,1311301,104.09003869481,7.0,5.525,10.0,20.0,0.0,0.0,1.0
2013-11-30,2,1311302,364.558396204025,7.0,5.525,10.0,20.0,0.0,0.0,1.0
2013-11-30,3,1311303,113.559536109209,7.0,5.525,10.0,20.0,0.0,0.0,1.0
2013-11-30,4,1311304,,7.0,5.525,10.0,20.0,0.0,0.0,1.0
2013-11-30,5,1311305,184.670559295231,7.0,5.525,10.0,20.0,0.0,0.0,1.0
2013-11-30,6,1311306,143.915450636457,7.0,5.525,10.0,20.0,0.0,0.0,1.0
2013-12-01,1,1312011,68.0762231823542,5.0,8.6625,20.0,61.0,0.0,0.0,1.0
2013-12-01,2,1312012,584.644687013588,5.0,8.6625,20.0,61.0,0.0,0.0,1.0
2013-12-01,3,1312013,192.108648794295,5.0,8.6625,20.0,61.0,0.0,0.0,1.0
2013-12-01,4,1312014,140.686615291205,5.0,8.6625,20.0,61.0,0.0,0.0,1.0
2013-12-01,5,1312015,251.171365445472,5.0,8.6625,20.0,61.0,0.0,0.0,1.0
2013-12-01,6,1312016,44.0077752087685,5.0,8.6625,20.0,61.0,0.0,0.0,1.0
2013-12-02,1,1312021,113.931498716313,0.0,3.0625,4.0,10.0,0.0,0.0,1.0
2013-12-02,2,1312022,278.664927166837,0.0,3.0625,4.0,10.0,0.0,0.0,1.0
2013-12-02,3,1312023,112.729510161019,0.0,3.0625,4.0,10.0,0.0,0.0,1.0
2013-12-02,4,1312024,73.3221953360975,0.0,3.0625,4.0,10.0,0.0,0.0,1.0
2013-12-02,5,1312025,200.880829213958,0.0,3.0625,4.0,10.0,0.0,0.0,1.0
2013-12-02,6,1312026,82.4652842288532,0.0,3.0625,4.0,10.0,0.0,0.0,1.0
2013-12-03,1,1312031,94.7658652080226,8.0,1.7125,6.0,28.0,0.0,0.0,1.0
2013-12-03,2,1312032,247.82662169358,8.0,1.7125,6.0,28.0,0.0,0.0,1.0
2013-12-03,3,1312033,112.863485924238,8.0,1.7125,6.0,28.0,0.0,0.0,1.0
2013-12-03,4,1312034,68.5617336096169,8.0,1.7125,6.0,28.0,0.0,0.0,1.0
2013-12-03,5,1312035,187.803590029425,8.0,1.7125,6.0,28.0,0.0,0.0,1.0
2013-12-03,6,1312036,65.9731311817255,8.0,1.7125,6.0,28.0,0.0,0.0,1.0
2013-12-04,1,1312041,128.922855106228,7.0,5.85,11.0,63.0,0.0,0.0,1.0
2013-12-04,2,1312042,267.381898238725,7.0,5.85,11.0,63.0,0.0,0.0,1.0
2013-12-04,3,1312043,118.598952445714,7.0,5.85,11.0,63.0,0.0,0.0,1.0
2013-12-04,4,1312044,63.7021074904902,7.0,5.85,11.0,63.0,0.0,0.0,1.0
2013-12-04,5,1312045,214.941099341808,7.0,5.85,11.0,63.0,0.0,0.0,1.0
2013-12-04,6,1312046,49.6036003125754,7.0,5.85,11.0,63.0,0.0,0.0,1.0
2013-12-05,1,1312051,120.974699669869,7.0,4.4625,24.0,63.0,0.0,0.0,1.0
2013-12-05,2,1312052,270.133710033378,7.0,4.4625,24.0,63.0,0.0,0.0,1.0
2013-12-05,3,1312053,114.608744793432,7.0,4.4625,24.0,63.0,0.0,0.0,1.0
2013-12-05,4,1312054,66.2712031267702,7.0,4.4625,24.0,63.0,0.0,0.0,1.0
2013-12-05,5,1312055,190.110646923888,7.0,4.4625,24.0,63.0,0.0,0.0,1.0
2013-12-05,6,1312056,128.169290294417,7.0,4.4625,24.0,63.0,0.0,0.0,1.0
2013-12-06,1,1312061,112.015650593347,6.0,1.7875,25.0,73.0,0.0,0.0,1.0
2013-12-06,2,1312062,242.429691903367,6.0,1.7875,25.0,73.0,0.0,0.0,1.0
2013-12-06,3,1312063,72.7803476565256,6.0,1.7875,25.0,73.0,0.0,0.0,1.0
2013-12-06,4,1312064,81.3614647215711,6.0,1.7875,25.0,73.0,0.0,0.0,1.0
2013-12-06,5,1312065,211.036554280616,6.0,1.7875,25.0,73.0,0.0,0.0,1.0
2013-12-06,6,1312066,70.4079048569509,6.0,1.7875,25.0,73.0,0.0,0.0,1.0
2013-12-07,1,1312071,121.408564819885,5.0,1.0,11.0,22.0,0.0,0.0,1.0
2013-12-07,2,1312072,330.405150816589,5.0,1.0,11.0,22.0,0.0,0.0,1.0
2013-12-07,3,1312073,116.79937370528,5.0,1.0,11.0,22.0,0.0,0.0,1.0
2013-12-07,4,1312074,61.3937929370576,5.0,1.0,11.0,22.0,0.0,0.0,1.0
2013-12-07,5,1312075,194.816564885098,5.0,1.0,11.0,22.0,0.0,0.0,1.0
2013-12-07,6,1312076,80.1179141217449,5.0,1.0,11.0,22.0,0.0,0.0,1.0
2013-12-08,1,1312081,36.2650169585334,8.0,6.975,16.0,63.0,0.0,0.0,1.0
2013-12-08,2,1312082,502.371531950746,8.0,6.975,16.0,63.0,0.0,0.0,1.0
2013-12-08,3,1312083,169.017349331006,8.0,6.975,16.0,63.0,0.0,0.0,1.0
2013-12-08,4,1312084,101.998231468739,8.0,6.975,16.0,63.0,0.0,0.0,1.0
2013-12-08,5,1312085,211.40480292494,8.0,6.975,16.0,63.0,0.0,0.0,1.0
2013-12-08,6,1312086,41.6271818292862,8.0,6.975,16.0,63.0,0.0,0.0,1.0
2013-12-09,1,1312091,134.680550018524,7.0,9.2375,10.0,45.0,0.0,0.0,1.0
2013-12-09,2,1312092,224.635145960176,7.0,9.2375,10.0,45.0,0.0,0.0,1.0
2013-12-09,3,1312093,104.226092074174,7.0,9.2375,10.0,45.0,0.0,0.0,1.0
2013-12-09,4,1312094,66.1496191363994,7.0,9.2375,10.0,45.0,0.0,0.0,1.0
2013-12-09,5,1312095,170.524972886057,7.0,9.2375,10.0,45.0,0.0,0.0,1.0
2013-12-09,6,1312096,85.9735669347355,7.0,9.2375,10.0,45.0,0.0,0.0,1.0
2013-12-10,1,1312101,104.352034970751,7.0,7.1875,8.0,61.0,0.0,0.0,1.0
2013-12-10,2,1312102,257.948246753247,7.0,7.1875,8.0,61.0,0.0,0.0,1.0
2013-12-10,3,1312103,112.124568350855,7.0,7.1875,8.0,61.0,0.0,0.0,1.0
2013-12-10,4,1312104,60.8077382038886,7.0,7.1875,8.0,61.0,0.0,0.0,1.0
2013-12-10,5,1312105,149.431342843146,7.0,7.1875,8.0,61.0,0.0,0.0,1.0
2013-12-10,6,1312106,67.8622027353327,7.0,7.1875,8.0,61.0,0.0,0.0,1.0
2013-12-11,1,1312111,85.9079819233536,7.0,5.025,9.0,10.0,0.0,0.0,1.0
2013-12-11,2,1312112,258.730733034518,7.0,5.025,9.0,10.0,0.0,0.0,1.0
2013-12-11,3,1312113,76.939456885603,7.0,5.025,9.0,10.0,0.0,0.0,1.0
2013-12-11,4,1312114,49.7261823587047,7.0,5.025,9.0,10.0,0.0,0.0,1.0
2013-12-11,5,1312115,155.814778301331,7.0,5.025,9.0,10.0,0.0,0.0,1.0
2013-12-11,6,1312116,36.8244763668639,7.0,5.025,9.0,10.0,0.0,0.0,1.0
2013-12-12,1,1312121,88.2075449690532,8.0,2.525,8.0,28.0,0.0,0.0,1.0
2013-12-12,2,1312122,246.420486617343,8.0,2.525,8.0,28.0,0.0,0.0,1.0
2013-12-12,3,1312123,99.2007093905854,8.0,2.525,8.0,28.0,0.0,0.0,1.0
2013-12-12,4,1312124,62.7526558507983,8.0,2.525,8.0,28.0,0.0,0.0,1.0
2013-12-12,5,1312125,180.75061797104,8.0,2.525,8.0,28.0,0.0,0.0,1.0
2013-12-12,6,1312126,104.880352148774,8.0,2.525,8.0,28.0,0.0,0.0,1.0
2013-12-13,1,1312131,85.5324935340658,7.0,3.5375,6.0,61.0,0.0,0.0,1.0
2013-12-13,2,1312132,215.102454376754,7.0,3.5375,6.0,61.0,0.0,0.0,1.0
2013-12-13,3,1312133,66.2056003249106,7.0,3.5375,6.0,61.0,0.0,0.0,1.0
2013-12-13,4,1312134,,7.0,3.5375,6.0,61.0,0.0,0.0,1.0
2013-12-13,5,1312135,181.364999270263,7.0,3.5375,6.0,61.0,0.0,0.0,1.0
2013-12-13,6,1312136,90.0832446655234,7.0,3.5375,6.0,61.0,0.0,0.0,1.0
2013-12-14,1,1312141,120.787742012371,7.0,3.0125,7.0,61.0,0.0,0.0,1.0
2013-12-14,2,1312142,327.613078777548,7.0,3.0125,7.0,61.0,0.0,0.0,1.0
2013-12-14,3,1312143,103.130500344652,7.0,3.0125,7.0,61.0,0.0,0.0,1.0
2013-12-14,4,1312144,,7.0,3.0125,7.0,61.0,0.0,0.0,1.0
2013-12-14,5,1312145,197.802586637735,7.0,3.0125,7.0,61.0,0.0,0.0,1.0
2013-12-14,6,1312146,99.8155116392742,7.0,3.0125,7.0,61.0,0.0,0.0,1.0
2013-12-15,1,1312151,71.5352172710921,8.0,7.925,12.0,61.0,0.0,0.0,1.0
2013-12-15,2,1312152,564.33503068692,8.0,7.925,12.0,61.0,0.0,0.0,1.0
2013-12-15,3,1312153,188.326403909678,8.0,7.925,12.0,61.0,0.0,0.0,1.0
2013-12-15,4,1312154,97.4825174374607,8.0,7.925,12.0,61.0,0.0,0.0,1.0
2013-12-15,5,1312155,217.492553439895,8.0,7.925,12.0,61.0,0.0,0.0,1.0
2013-12-15,6,1312156,114.662454089235,8.0,7.925,12.0,61.0,0.0,0.0,1.0
2013-12-16,1,1312161,120.791211521354,8.0,8.775,12.0,61.0,0.0,0.0,1.0
2013-12-16,2,1312162,230.285819128034,8.0,8.775,12.0,61.0,0.0,0.0,1.0
2013-12-16,3,1312163,72.9462694852638,8.0,8.775,12.0,61.0,0.0,0.0,1.0
2013-12-16,4,1312164,37.1897783267561,8.0,8.775,12.0,61.0,0.0,0.0,1.0
2013-12-16,5,1312165,157.392485896369,8.0,8.775,12.0,61.0,0.0,0.0,1.0
2013-12-16,6,1312166,47.6501511414247,8.0,8.775,12.0,61.0,0.0,0.0,1.0
2013-12-17,1,1312171,74.6283250889016,8.0,4.95,8.0,61.0,0.0,0.0,1.0
2013-12-17,2,1312172,261.524378936327,8.0,4.95,8.0,61.0,0.0,0.0,1.0
2013-12-17,3,1312173,88.8118459700858,8.0,4.95,8.0,61.0,0.0,0.0,1.0
2013-12-17,4,1312174,69.9500582980743,8.0,4.95,8.0,61.0,0.0,0.0,1.0
2013-12-17,5,1312175,174.571555755812,8.0,4.95,8.0,61.0,0.0,0.0,1.0
2013-12-17,6,1312176,60.5001349401418,8.0,4.95,8.0,61.0,0.0,0.0,1.0
2013-12-18,1,1312181,86.4115250991858,7.0,6.85,8.0,10.0,0.0,0.0,1.0
2013-12-18,2,1312182,241.880289555687,7.0,6.85,8.0,10.0,0.0,0.0,1.0
2013-12-18,3,1312183,78.6704329646384,7.0,6.85,8.0,10.0,0.0,0.0,1.0
2013-12-18,4,1312184,81.0249143151096,7.0,6.85,8.0,10.0,0.0,0.0,1.0
2013-12-18,5,1312185,183.895860880414,7.0,6.85,8.0,10.0,0.0,0.0,1.0
2013-12-18,6,1312186,69.5040386540523,7.0,6.85,8.0,10.0,0.0,0.0,1.0
2013-12-19,1,1312191,101.589644453608,7.0,7.4,10.0,63.0,0.0,0.0,1.0
2013-12-19,2,1312192,265.154110289682,7.0,7.4,10.0,63.0,0.0,0.0,1.0
2013-12-19,3,1312193,66.4245588886188,7.0,7.4,10.0,63.0,0.0,0.0,1.0
2013-12-19,4,1312194,79.0572340066618,7.0,7.4,10.0,63.0,0.0,0.0,1.0
2013-12-19,5,1312195,175.651475866415,7.0,7.4,10.0,63.0,0.0,0.0,1.0
2013-12-19,6,1312196,89.4706690868603,7.0,7.4,10.0,63.0,0.0,0.0,1.0
2013-12-20,1,1312201,114.601001275823,7.0,5.2875,10.0,61.0,0.0,0.0,1.0
2013-12-20,2,1312202,273.618541350621,7.0,5.2875,10.0,61.0,0.0,0.0,1.0
2013-12-20,3,1312203,91.3320661013639,7.0,5.2875,10.0,61.0,0.0,0.0,1.0
2013-12-20,4,1312204,69.9295037876725,7.0,5.2875,10.0,61.0,0.0,0.0,1.0
2013-12-20,5,1312205,187.406124646547,7.0,5.2875,10.0,61.0,0.0,0.0,1.0
2013-12-20,6,1312206,66.4826350991988,7.0,5.2875,10.0,61.0,0.0,0.0,1.0
2013-12-21,1,1312211,124.541759682586,8.0,6.5625,13.0,63.0,0.0,0.0,1.0
2013-12-21,2,1312212,354.063657483224,8.0,6.5625,13.0,63.0,0.0,0.0,1.0
2013-12-21,3,1312213,120.97859354729,8.0,6.5625,13.0,63.0,0.0,0.0,1.0
2013-12-21,4,1312214,63.5616525987563,8.0,6.5625,13.0,63.0,0.0,0.0,1.0
2013-12-21,5,1312215,191.007159526764,8.0,6.5625,13.0,63.0,0.0,0.0,1.0
2013-12-21,6,1312216,98.5535495363417,8.0,6.5625,13.0,63.0,0.0,0.0,1.0
2013-12-22,1,1312221,41.7300439888931,7.0,8.1375,12.0,61.0,0.0,0.0,1.0
2013-12-22,2,1312222,463.81219748514,7.0,8.1375,12.0,61.0,0.0,0.0,1.0
2013-12-22,3,1312223,145.07834868862,7.0,8.1375,12.0,61.0,0.0,0.0,1.0
2013-12-22,4,1312224,138.655812124506,7.0,8.1375,12.0,61.0,0.0,0.0,1.0
2013-12-22,5,1312225,236.081350951816,7.0,8.1375,12.0,61.0,0.0,0.0,1.0
2013-12-22,6,1312226,74.7138069947243,7.0,8.1375,12.0,61.0,0.0,0.0,1.0
2013-12-23,1,1312231,183.608991270752,3.0,5.4875,10.0,61.0,0.0,1.0,1.0
2013-12-23,2,1312232,430.94267042062,3.0,5.4875,10.0,61.0,0.0,1.0,1.0
2013-12-23,3,1312233,129.105729760414,3.0,5.4875,10.0,61.0,0.0,1.0,1.0
2013-12-23,4,1312234,60.8076590130824,3.0,5.4875,10.0,61.0,0.0,1.0,1.0
2013-12-23,5,1312235,221.057091994517,3.0,5.4875,10.0,61.0,0.0,1.0,1.0
2013-12-23,6,1312236,109.827662725605,3.0,5.4875,10.0,61.0,0.0,1.0,1.0
2013-12-24,1,1312241,220.330670230618,7.0,11.4375,18.0,61.0,0.0,1.0,1.0
2013-12-24,2,1312242,531.778119659333,7.0,11.4375,18.0,61.0,0.0,1.0,1.0
2013-12-24,3,1312243,131.060157748043,7.0,11.4375,18.0,61.0,0.0,1.0,1.0
2013-12-24,4,1312244,,7.0,11.4375,18.0,61.0,0.0,1.0,1.0
2013-12-24,5,1312245,251.566250844717,7.0,11.4375,18.0,61.0,0.0,1.0,1.0
2013-12-24,6,1312246,61.36878208577,7.0,11.4375,18.0,61.0,0.0,1.0,1.0
2013-12-25,1,1312251,,6.0,8.5625,13.0,21.0,0.0,1.0,1.0
2013-12-25,2,1312252,,6.0,8.5625,13.0,21.0,0.0,1.0,1.0
2013-12-25,3,1312253,,6.0,8.5625,13.0,21.0,0.0,1.0,1.0
2013-12-25,4,1312254,,6.0,8.5625,13.0,21.0,0.0,1.0,1.0
2013-12-25,5,1312255,,6.0,8.5625,13.0,21.0,0.0,1.0,1.0
2013-12-25,6,1312256,,6.0,8.5625,13.0,21.0,0.0,1.0,1.0
2013-12-26,1,1312261,,6.0,3.775,6.0,28.0,0.0,1.0,1.0
2013-12-26,2,1312262,,6.0,3.775,6.0,28.0,0.0,1.0,1.0
2013-12-26,3,1312263,,6.0,3.775,6.0,28.0,0.0,1.0,1.0
2013-12-26,4,1312264,,6.0,3.775,6.0,28.0,0.0,1.0,1.0
2013-12-26,5,1312265,,6.0,3.775,6.0,28.0,0.0,1.0,1.0
2013-12-26,6,1312266,,6.0,3.775,6.0,28.0,0.0,1.0,1.0
2013-12-27,1,1312271,152.367434643543,7.0,5.7625,15.0,63.0,0.0,1.0,1.0
2013-12-27,2,1312272,433.889713549154,7.0,5.7625,15.0,63.0,0.0,1.0,1.0
2013-12-27,3,1312273,155.11961993256,7.0,5.7625,15.0,63.0,0.0,1.0,1.0
2013-12-27,4,1312274,,7.0,5.7625,15.0,63.0,0.0,1.0,1.0
2013-12-27,5,1312275,270.571377693833,7.0,5.7625,15.0,63.0,0.0,1.0,1.0
2013-12-27,6,1312276,34.5569447026584,7.0,5.7625,15.0,63.0,0.0,1.0,1.0
2013-12-28,1,1312281,,7.0,7.0625,9.0,21.0,0.0,1.0,1.0
2013-12-28,2,1312282,,7.0,7.0625,9.0,21.0,0.0,1.0,1.0
2013-12-28,3,1312283,,7.0,7.0625,9.0,21.0,0.0,1.0,1.0
2013-12-28,4,1312284,,7.0,7.0625,9.0,21.0,0.0,1.0,1.0
2013-12-28,5,1312285,,7.0,7.0625,9.0,21.0,0.0,1.0,1.0
2013-12-28,6,1312286,,7.0,7.0625,9.0,21.0,0.0,1.0,1.0
2013-12-29,1,1312291,131.267289010755,7.0,5.7125,9.0,63.0,0.0,1.0,1.0
2013-12-29,2,1312292,510.015069971101,7.0,5.7125,9.0,63.0,0.0,1.0,1.0
2013-12-29,3,1312293,186.144873761997,7.0,5.7125,9.0,63.0,0.0,1.0,1.0
2013-12-29,4,1312294,175.489183127665,7.0,5.7125,9.0,63.0,0.0,1.0,1.0
2013-12-29,5,1312295,292.517266268393,7.0,5.7125,9.0,63.0,0.0,1.0,1.0
2013-12-29,6,1312296,30.1718294542218,7.0,5.7125,9.0,63.0,0.0,1.0,1.0
2013-12-30,1,1312301,126.58984459848,4.0,4.75,11.0,10.0,0.0,1.0,1.0
2013-12-30,2,1312302,494.782420691912,4.0,4.75,11.0,10.0,0.0,1.0,1.0
2013-12-30,3,1312303,187.939016759106,4.0,4.75,11.0,10.0,0.0,1.0,1.0
2013-12-30,4,1312304,,4.0,4.75,11.0,10.0,0.0,1.0,1.0
2013-12-30,5,1312305,454.376684162368,4.0,4.75,11.0,10.0,0.0,1.0,1.0
2013-12-30,6,1312306,40.86384615436,4.0,4.75,11.0,10.0,0.0,1.0,1.0
2013-12-31,1,1312311,211.390838466052,4.0,5.0375,7.0,10.0,0.0,1.0,1.0
2013-12-31,2,1312312,586.131309693688,4.0,5.0375,7.0,10.0,0.0,1.0,1.0
2013-12-31,3,1312313,192.198716551642,4.0,5.0375,7.0,10.0,0.0,1.0,1.0
2013-12-31,4,1312314,,4.0,5.0375,7.0,10.0,0.0,1.0,1.0
2013-12-31,5,1312315,1625.69060128682,4.0,5.0375,7.0,10.0,0.0,1.0,1.0
2013-12-31,6,1312316,,4.0,5.0375,7.0,10.0,0.0,1.0,1.0
2014-01-01,1,1401011,,5.0,4.5125,8.0,63.0,0.0,0.0,1.0
2014-01-01,2,1401012,,5.0,4.5125,8.0,63.0,0.0,0.0,1.0
2014-01-01,3,1401013,,5.0,4.5125,8.0,63.0,0.0,0.0,1.0
2014-01-01,4,1401014,,5.0,4.5125,8.0,63.0,0.0,0.0,1.0
2014-01-01,5,1401015,,5.0,4.5125,8.0,63.0,0.0,0.0,1.0
2014-01-02,1,1401021,153.166492227541,7.0,6.25,9.0,63.0,0.0,0.0,1.0
2014-01-02,2,1401022,449.418219323415,7.0,6.25,9.0,63.0,0.0,0.0,1.0
2014-01-02,3,1401023,142.307970667817,7.0,6.25,9.0,63.0,0.0,0.0,1.0
2014-01-02,4,1401024,71.7295837755931,7.0,6.25,9.0,63.0,0.0,0.0,1.0
2014-01-02,5,1401025,257.525894400416,7.0,6.25,9.0,63.0,0.0,0.0,1.0
2014-01-03,1,1401031,109.484763536521,7.0,6.8375,10.0,63.0,0.0,0.0,1.0
2014-01-03,2,1401032,405.814478197605,7.0,6.8375,10.0,63.0,0.0,0.0,1.0
2014-01-03,3,1401033,99.6058148024772,7.0,6.8375,10.0,63.0,0.0,0.0,1.0
2014-01-03,4,1401034,111.358444084666,7.0,6.8375,10.0,63.0,0.0,0.0,1.0
2014-01-03,5,1401035,227.91315882647,7.0,6.8375,10.0,63.0,0.0,0.0,1.0
2014-01-04,1,1401041,116.250540066432,5.0,6.9375,11.0,63.0,0.0,0.0,1.0
2014-01-04,2,1401042,408.762961257816,5.0,6.9375,11.0,63.0,0.0,0.0,1.0
2014-01-04,3,1401043,176.104155461342,5.0,6.9375,11.0,63.0,0.0,0.0,1.0
2014-01-04,4,1401044,104.673188597976,5.0,6.9375,11.0,63.0,0.0,0.0,1.0
2014-01-04,5,1401045,262.179156885669,5.0,6.9375,11.0,63.0,0.0,0.0,1.0
2014-01-05,1,1401051,67.7899909491401,7.0,6.1875,11.0,63.0,0.0,0.0,1.0
2014-01-05,2,1401052,529.982266493949,7.0,6.1875,11.0,63.0,0.0,0.0,1.0
2014-01-05,3,1401053,178.657856307418,7.0,6.1875,11.0,63.0,0.0,0.0,1.0
2014-01-05,4,1401054,124.764364378822,7.0,6.1875,11.0,63.0,0.0,0.0,1.0
2014-01-05,5,1401055,242.820622344855,7.0,6.1875,11.0,63.0,0.0,0.0,1.0
2014-01-06,1,1401061,146.911067784297,7.0,7.9125,11.0,65.0,0.0,0.0,1.0
2014-01-06,2,1401062,299.874480982131,7.0,7.9125,11.0,65.0,0.0,0.0,1.0
2014-01-06,3,1401063,96.4413422236739,7.0,7.9125,11.0,65.0,0.0,0.0,1.0
2014-01-06,4,1401064,104.294206603332,7.0,7.9125,11.0,65.0,0.0,0.0,1.0
2014-01-06,5,1401065,247.848021036211,7.0,7.9125,11.0,65.0,0.0,0.0,1.0
2014-01-07,1,1401071,147.5457609484,7.0,10.4375,13.0,65.0,0.0,0.0,1.0
2014-01-07,2,1401072,296.549615645128,7.0,10.4375,13.0,65.0,0.0,0.0,1.0
2014-01-07,3,1401073,112.998810300322,7.0,10.4375,13.0,65.0,0.0,0.0,1.0
2014-01-07,4,1401074,79.4168862163993,7.0,10.4375,13.0,65.0,0.0,0.0,1.0
2014-01-07,5,1401075,211.332603686944,7.0,10.4375,13.0,65.0,0.0,0.0,1.0
2014-01-08,1,1401081,99.9068767897401,7.0,8.6375,15.0,63.0,0.0,0.0,1.0
2014-01-08,2,1401082,258.406939246541,7.0,8.6375,15.0,63.0,0.0,0.0,1.0
2014-01-08,3,1401083,110.955888544422,7.0,8.6375,15.0,63.0,0.0,0.0,1.0
2014-01-08,4,1401084,82.3370153760945,7.0,8.6375,15.0,63.0,0.0,0.0,1.0
2014-01-08,5,1401085,225.800497171104,7.0,8.6375,15.0,63.0,0.0,0.0,1.0
2014-01-09,1,1401091,113.541525918277,7.0,9.6125,16.0,61.0,0.0,0.0,1.0
2014-01-09,2,1401092,260.439674899334,7.0,9.6125,16.0,61.0,0.0,0.0,1.0
2014-01-09,3,1401093,83.9980788562239,7.0,9.6125,16.0,61.0,0.0,0.0,1.0
2014-01-09,4,1401094,80.2711861838417,7.0,9.6125,16.0,61.0,0.0,0.0,1.0
2014-01-09,5,1401095,243.430253024245,7.0,9.6125,16.0,61.0,0.0,0.0,1.0
2014-01-10,1,1401101,119.05554059635,7.0,6.6375,17.0,61.0,0.0,0.0,1.0
2014-01-10,2,1401102,286.482721735479,7.0,6.6375,17.0,61.0,0.0,0.0,1.0
2014-01-10,3,1401103,95.5815560630447,7.0,6.6375,17.0,61.0,0.0,0.0,1.0
2014-01-10,4,1401104,63.2504812118984,7.0,6.6375,17.0,61.0,0.0,0.0,1.0
2014-01-10,5,1401105,218.497124848402,7.0,6.6375,17.0,61.0,0.0,0.0,1.0
2014-01-11,1,1401111,127.95986526115,7.0,5.5875,18.0,63.0,0.0,0.0,1.0
2014-01-11,2,1401112,384.22983618022,7.0,5.5875,18.0,63.0,0.0,0.0,1.0
2014-01-11,3,1401113,135.297629284998,7.0,5.5875,18.0,63.0,0.0,0.0,1.0
2014-01-11,4,1401114,57.1201137737824,7.0,5.5875,18.0,63.0,0.0,0.0,1.0
2014-01-11,5,1401115,255.193769001422,7.0,5.5875,18.0,63.0,0.0,0.0,1.0
2014-01-12,1,1401121,83.4017498521773,2.0,5.525,16.0,21.0,0.0,0.0,1.0
2014-01-12,2,1401122,582.354079603658,2.0,5.525,16.0,21.0,0.0,0.0,1.0
2014-01-12,3,1401123,219.451253434072,2.0,5.525,16.0,21.0,0.0,0.0,1.0
2014-01-12,4,1401124,187.466582265489,2.0,5.525,16.0,21.0,0.0,0.0,1.0
2014-01-12,5,1401125,268.081222848751,2.0,5.525,16.0,21.0,0.0,0.0,1.0
2014-01-13,1,1401131,103.994034974792,8.0,3.1375,10.0,69.0,0.0,0.0,1.0
2014-01-13,2,1401132,251.321752602056,8.0,3.1375,10.0,69.0,0.0,0.0,1.0
2014-01-13,3,1401133,91.9494027091745,8.0,3.1375,10.0,69.0,0.0,0.0,1.0
2014-01-13,4,1401134,49.8996215621949,8.0,3.1375,10.0,69.0,0.0,0.0,1.0
2014-01-13,5,1401135,244.284690811498,8.0,3.1375,10.0,69.0,0.0,0.0,1.0
2014-01-14,1,1401141,166.347532764571,6.0,4.225,6.0,28.0,0.0,0.0,1.0
2014-01-14,2,1401142,305.619039555862,6.0,4.225,6.0,28.0,0.0,0.0,1.0
2014-01-14,3,1401143,122.777586804221,6.0,4.225,6.0,28.0,0.0,0.0,1.0
2014-01-14,4,1401144,83.7591557253582,6.0,4.225,6.0,28.0,0.0,0.0,1.0
2014-01-14,5,1401145,258.018070899922,6.0,4.225,6.0,28.0,0.0,0.0,1.0
2014-01-15,1,1401151,139.042567223334,7.0,3.228571,7.0,28.0,0.0,0.0,1.0
2014-01-15,2,1401152,266.688234496087,7.0,3.228571,7.0,28.0,0.0,0.0,1.0
2014-01-15,3,1401153,87.3664607700347,7.0,3.228571,7.0,28.0,0.0,0.0,1.0
2014-01-15,4,1401154,78.6490722353439,7.0,3.228571,7.0,28.0,0.0,0.0,1.0
2014-01-15,5,1401155,258.99138827716,7.0,3.228571,7.0,28.0,0.0,0.0,1.0
2014-01-16,1,1401161,117.779119691395,8.0,2.7375,9.0,63.0,0.0,0.0,1.0
2014-01-16,2,1401162,280.275781868982,8.0,2.7375,9.0,63.0,0.0,0.0,1.0
2014-01-16,3,1401163,96.8634711145641,8.0,2.7375,9.0,63.0,0.0,0.0,1.0
2014-01-16,4,1401164,57.5214212168637,8.0,2.7375,9.0,63.0,0.0,0.0,1.0
2014-01-16,5,1401165,217.577430276885,8.0,2.7375,9.0,63.0,0.0,0.0,1.0
2014-01-17,1,1401171,94.7938386484339,7.0,6.7375,4.0,61.0,0.0,0.0,1.0
2014-01-17,2,1401172,257.771904141454,7.0,6.7375,4.0,61.0,0.0,0.0,1.0
2014-01-17,3,1401173,104.953877469258,7.0,6.7375,4.0,61.0,0.0,0.0,1.0
2014-01-17,4,1401174,61.4660377155236,7.0,6.7375,4.0,61.0,0.0,0.0,1.0
2014-01-17,5,1401175,228.685872660367,7.0,6.7375,4.0,61.0,0.0,0.0,1.0
2014-01-18,1,1401181,102.633649837911,7.0,5.8875,8.0,61.0,0.0,0.0,1.0
2014-01-18,2,1401182,357.4107536578,7.0,5.8875,8.0,61.0,0.0,0.0,1.0
2014-01-18,3,1401183,120.949485978232,7.0,5.8875,8.0,61.0,0.0,0.0,1.0
2014-01-18,4,1401184,66.7096858590463,7.0,5.8875,8.0,61.0,0.0,0.0,1.0
2014-01-18,5,1401185,296.458168922809,7.0,5.8875,8.0,61.0,0.0,0.0,1.0
2014-01-19,1,1401191,53.0014671833047,7.0,2.8625,19.0,10.0,0.0,0.0,1.0
2014-01-19,2,1401192,519.732257703175,7.0,2.8625,19.0,10.0,0.0,0.0,1.0
2014-01-19,3,1401193,201.951819155127,7.0,2.8625,19.0,10.0,0.0,0.0,1.0
2014-01-19,4,1401194,161.394205203827,7.0,2.8625,19.0,10.0,0.0,0.0,1.0
2014-01-19,5,1401195,284.622738586554,7.0,2.8625,19.0,10.0,0.0,0.0,1.0
2014-01-20,1,1401201,99.6819363621683,8.0,0.3875,13.0,61.0,0.0,0.0,1.0
2014-01-20,2,1401202,273.490861004483,8.0,0.3875,13.0,61.0,0.0,0.0,1.0
2014-01-20,3,1401203,113.234752934943,8.0,0.3875,13.0,61.0,0.0,0.0,1.0
2014-01-20,4,1401204,66.1656875195136,8.0,0.3875,13.0,61.0,0.0,0.0,1.0
2014-01-20,5,1401205,207.228759924773,8.0,0.3875,13.0,61.0,0.0,0.0,1.0
2014-01-21,1,1401211,116.784600007305,7.0,-0.65,7.0,77.0,0.0,0.0,1.0
2014-01-21,2,1401212,259.272175875601,7.0,-0.65,7.0,77.0,0.0,0.0,1.0
2014-01-21,3,1401213,77.5553536704606,7.0,-0.65,7.0,77.0,0.0,0.0,1.0
2014-01-21,4,1401214,98.212098799943,7.0,-0.65,7.0,77.0,0.0,0.0,1.0
2014-01-21,5,1401215,211.786064330115,7.0,-0.65,7.0,77.0,0.0,0.0,1.0
2014-01-22,1,1401221,102.344424741026,8.0,-3.1125,14.0,22.0,0.0,0.0,1.0
2014-01-22,2,1401222,241.123430544226,8.0,-3.1125,14.0,22.0,0.0,0.0,1.0
2014-01-22,3,1401223,92.2641863752576,8.0,-3.1125,14.0,22.0,0.0,0.0,1.0
2014-01-22,4,1401224,82.1429701099207,8.0,-3.1125,14.0,22.0,0.0,0.0,1.0
2014-01-22,5,1401225,235.346514222246,8.0,-3.1125,14.0,22.0,0.0,0.0,1.0
2014-01-23,1,1401231,105.740276056438,8.0,-3.1875,11.0,22.0,0.0,0.0,1.0
2014-01-23,2,1401232,263.978251498374,8.0,-3.1875,11.0,22.0,0.0,0.0,1.0
2014-01-23,3,1401233,81.1028349597974,8.0,-3.1875,11.0,22.0,0.0,0.0,1.0
2014-01-23,4,1401234,66.0486669031107,8.0,-3.1875,11.0,22.0,0.0,0.0,1.0
2014-01-23,5,1401235,265.989245866942,8.0,-3.1875,11.0,22.0,0.0,0.0,1.0
2014-01-24,1,1401241,143.164448746188,2.0,-5.1625,13.0,10.0,0.0,0.0,1.0
2014-01-24,2,1401242,261.219962431997,2.0,-5.1625,13.0,10.0,0.0,0.0,1.0
2014-01-24,3,1401243,107.52760671402,2.0,-5.1625,13.0,10.0,0.0,0.0,1.0
2014-01-24,4,1401244,72.3865767161981,2.0,-5.1625,13.0,10.0,0.0,0.0,1.0
2014-01-24,5,1401245,254.008786140808,2.0,-5.1625,13.0,10.0,0.0,0.0,1.0
2014-01-25,1,1401251,129.09233380561,5.0,-7.0375,8.0,10.0,0.0,0.0,1.0
2014-01-25,2,1401252,351.252465656399,5.0,-7.0375,8.0,10.0,0.0,0.0,1.0
2014-01-25,3,1401253,126.527150265602,5.0,-7.0375,8.0,10.0,0.0,0.0,1.0
2014-01-25,4,1401254,84.5110962290284,5.0,-7.0375,8.0,10.0,0.0,0.0,1.0
2014-01-25,5,1401255,317.298683061094,5.0,-7.0375,8.0,10.0,0.0,0.0,1.0
2014-01-26,1,1401261,65.4883238458282,1.0,-8.475,10.0,10.0,0.0,0.0,1.0
2014-01-26,2,1401262,483.659434750003,1.0,-8.475,10.0,10.0,0.0,0.0,1.0
2014-01-26,3,1401263,180.142333235844,1.0,-8.475,10.0,10.0,0.0,0.0,1.0
2014-01-26,4,1401264,201.191517525166,1.0,-8.475,10.0,10.0,0.0,0.0,1.0
2014-01-26,5,1401265,336.227703734553,1.0,-8.475,10.0,10.0,0.0,0.0,1.0
2014-01-27,1,1401271,177.797639286942,5.0,0.7,9.0,69.0,0.0,0.0,1.0
2014-01-27,2,1401272,228.4378109063,5.0,0.7,9.0,69.0,0.0,0.0,1.0
2014-01-27,3,1401273,75.4459859682384,5.0,0.7,9.0,69.0,0.0,0.0,1.0
2014-01-27,4,1401274,66.2599633585981,5.0,0.7,9.0,69.0,0.0,0.0,1.0
2014-01-27,5,1401275,223.188610002863,5.0,0.7,9.0,69.0,0.0,0.0,1.0
2014-01-28,1,1401281,63.9844736113181,7.0,-0.2625,10.0,10.0,0.0,0.0,1.0
2014-01-28,2,1401282,297.344059006804,7.0,-0.2625,10.0,10.0,0.0,0.0,1.0
2014-01-28,3,1401283,75.4229619299912,7.0,-0.2625,10.0,10.0,0.0,0.0,1.0
2014-01-28,4,1401284,74.0575405609287,7.0,-0.2625,10.0,10.0,0.0,0.0,1.0
2014-01-28,5,1401285,235.951227153213,7.0,-0.2625,10.0,10.0,0.0,0.0,1.0
2014-01-29,1,1401291,75.1156293987916,7.0,-5.05,13.0,77.0,0.0,0.0,1.0
2014-01-29,2,1401292,230.305934307389,7.0,-5.05,13.0,77.0,0.0,0.0,1.0
2014-01-29,3,1401293,68.1785483682205,7.0,-5.05,13.0,77.0,0.0,0.0,1.0
2014-01-29,4,1401294,76.2200829273755,7.0,-5.05,13.0,77.0,0.0,0.0,1.0
2014-01-29,5,1401295,217.495225875601,7.0,-5.05,13.0,77.0,0.0,0.0,1.0
2014-01-30,1,1401301,140.794194214435,7.0,-4.4875,8.0,77.0,0.0,0.0,1.0
2014-01-30,2,1401302,268.187299324192,7.0,-4.4875,8.0,77.0,0.0,0.0,1.0
2014-01-30,3,1401303,79.5836968191726,7.0,-4.4875,8.0,77.0,0.0,0.0,1.0
2014-01-30,4,1401304,72.9890223085887,7.0,-4.4875,8.0,77.0,0.0,0.0,1.0
2014-01-30,5,1401305,264.256585339608,7.0,-4.4875,8.0,77.0,0.0,0.0,1.0
2014-01-31,1,1401311,133.303478983532,8.0,-3.6875,7.0,10.0,0.0,0.0,1.0
2014-01-31,2,1401312,286.654898966864,8.0,-3.6875,7.0,10.0,0.0,0.0,1.0
2014-01-31,3,1401313,100.011817875289,8.0,-3.6875,7.0,10.0,0.0,0.0,1.0
2014-01-31,4,1401314,64.6906831302521,8.0,-3.6875,7.0,10.0,0.0,0.0,1.0
2014-01-31,5,1401315,269.494364878668,8.0,-3.6875,7.0,10.0,0.0,0.0,1.0
2014-02-01,1,1402011,101.932146850505,7.0,3.225,10.0,63.0,0.0,0.0,1.0
2014-02-01,2,1402012,363.477743653721,7.0,3.225,10.0,63.0,0.0,0.0,1.0
2014-02-01,3,1402013,114.429951891346,7.0,3.225,10.0,63.0,0.0,0.0,1.0
2014-02-01,4,1402014,105.676725668115,7.0,3.225,10.0,63.0,0.0,0.0,1.0
2014-02-01,5,1402015,290.121392280101,7.0,3.225,10.0,63.0,0.0,0.0,1.0
2014-02-02,1,1402021,76.7574943519772,0.0,5.4875,8.0,63.0,0.0,0.0,1.0
2014-02-02,2,1402022,556.341089710331,0.0,5.4875,8.0,63.0,0.0,0.0,1.0
2014-02-02,3,1402023,227.15592477005,0.0,5.4875,8.0,63.0,0.0,0.0,1.0
2014-02-02,4,1402024,237.893596916681,0.0,5.4875,8.0,63.0,0.0,0.0,1.0
2014-02-02,5,1402025,411.693460013424,0.0,5.4875,8.0,63.0,0.0,0.0,1.0
2014-02-03,1,1402031,154.323103655617,1.0,3.475,8.0,10.0,0.0,1.0,1.0
2014-02-03,2,1402032,348.771730579887,1.0,3.475,8.0,10.0,0.0,1.0,1.0
2014-02-03,3,1402033,90.3029340308988,1.0,3.475,8.0,10.0,0.0,1.0,1.0
2014-02-03,4,1402034,152.956273429037,1.0,3.475,8.0,10.0,0.0,1.0,1.0
2014-02-03,5,1402035,270.607601202372,1.0,3.475,8.0,10.0,0.0,1.0,1.0
2014-02-04,1,1402041,130.284962020954,5.0,3.925,6.0,10.0,0.0,1.0,1.0
2014-02-04,2,1402042,260.453691923776,5.0,3.925,6.0,10.0,0.0,1.0,1.0
2014-02-04,3,1402043,101.092269728102,5.0,3.925,6.0,10.0,0.0,1.0,1.0
2014-02-04,4,1402044,112.894063883488,5.0,3.925,6.0,10.0,0.0,1.0,1.0
2014-02-04,5,1402045,255.009175595281,5.0,3.925,6.0,10.0,0.0,1.0,1.0
2014-02-05,1,1402051,128.512982776585,4.0,3.675,8.0,10.0,0.0,0.0,1.0
2014-02-05,2,1402052,303.821114890027,4.0,3.675,8.0,10.0,0.0,0.0,1.0
2014-02-05,3,1402053,100.257337241581,4.0,3.675,8.0,10.0,0.0,0.0,1.0
2014-02-05,4,1402054,135.061148458054,4.0,3.675,8.0,10.0,0.0,0.0,1.0
2014-02-05,5,1402055,274.355368402748,4.0,3.675,8.0,10.0,0.0,0.0,1.0
2014-02-06,1,1402061,93.2145715747619,7.0,7.875,11.0,20.0,0.0,0.0,1.0
2014-02-06,2,1402062,281.271370841592,7.0,7.875,11.0,20.0,0.0,0.0,1.0
2014-02-06,3,1402063,91.6727617273963,7.0,7.875,11.0,20.0,0.0,0.0,1.0
2014-02-06,4,1402064,140.050350415932,7.0,7.875,11.0,20.0,0.0,0.0,1.0
2014-02-06,5,1402065,258.917425529588,7.0,7.875,11.0,20.0,0.0,0.0,1.0
2014-02-07,1,1402071,99.7607356052368,7.0,8.475,15.0,63.0,0.0,0.0,1.0
2014-02-07,2,1402072,277.116052767499,7.0,8.475,15.0,63.0,0.0,0.0,1.0
2014-02-07,3,1402073,76.9602993993158,7.0,8.475,15.0,63.0,0.0,0.0,1.0
2014-02-07,4,1402074,118.729800726482,7.0,8.475,15.0,63.0,0.0,0.0,1.0
2014-02-07,5,1402075,236.760781785701,7.0,8.475,15.0,63.0,0.0,0.0,1.0
2014-02-08,1,1402081,120.862739831777,7.0,6.2875,12.0,61.0,0.0,0.0,1.0
2014-02-08,2,1402082,444.88120408508,7.0,6.2875,12.0,61.0,0.0,0.0,1.0
2014-02-08,3,1402083,149.955802485993,7.0,6.2875,12.0,61.0,0.0,0.0,1.0
2014-02-08,4,1402084,152.794657636639,7.0,6.2875,12.0,61.0,0.0,0.0,1.0
2014-02-08,5,1402085,305.058089685015,7.0,6.2875,12.0,61.0,0.0,0.0,1.0
2014-02-09,1,1402091,57.0074894928223,5.0,6.7125,15.0,63.0,0.0,0.0,1.0
2014-02-09,2,1402092,569.839111992589,5.0,6.7125,15.0,63.0,0.0,0.0,1.0
2014-02-09,3,1402093,160.76179807863,5.0,6.7125,15.0,63.0,0.0,0.0,1.0
2014-02-09,4,1402094,365.729264338809,5.0,6.7125,15.0,63.0,0.0,0.0,1.0
2014-02-09,5,1402095,363.120781551495,5.0,6.7125,15.0,63.0,0.0,0.0,1.0
2014-02-10,1,1402101,154.183743327497,2.0,6.6375,9.0,63.0,0.0,0.0,1.0
2014-02-10,2,1402102,289.527230880774,2.0,6.6375,9.0,63.0,0.0,0.0,1.0
2014-02-10,3,1402103,109.588423918544,2.0,6.6375,9.0,63.0,0.0,0.0,1.0
2014-02-10,4,1402104,99.6175131980021,2.0,6.6375,9.0,63.0,0.0,0.0,1.0
2014-02-10,5,1402105,249.77351530581,2.0,6.6375,9.0,63.0,0.0,0.0,1.0
2014-02-11,1,1402111,93.60500318626259,7.0,4.925,12.0,61.0,0.0,0.0,1.0
2014-02-11,2,1402112,316.588828519672,7.0,4.925,12.0,61.0,0.0,0.0,1.0
2014-02-11,3,1402113,73.9886604663427,7.0,4.925,12.0,61.0,0.0,0.0,1.0
2014-02-11,4,1402114,152.370461421554,7.0,4.925,12.0,61.0,0.0,0.0,1.0
2014-02-11,5,1402115,236.7220733882,7.0,4.925,12.0,61.0,0.0,0.0,1.0
2014-02-12,1,1402121,165.738384661521,4.0,6.1,13.0,10.0,0.0,0.0,1.0
2014-02-12,2,1402122,304.004411606266,4.0,6.1,13.0,10.0,0.0,0.0,1.0
2014-02-12,3,1402123,66.7127828373738,4.0,6.1,13.0,10.0,0.0,0.0,1.0
2014-02-12,4,1402124,77.6867709724671,4.0,6.1,13.0,10.0,0.0,0.0,1.0
2014-02-12,5,1402125,264.817044704002,4.0,6.1,13.0,10.0,0.0,0.0,1.0
2014-02-13,1,1402131,112.481302733138,5.0,7.45,13.0,10.0,0.0,0.0,1.0
2014-02-13,2,1402132,299.888751175176,5.0,7.45,13.0,10.0,0.0,0.0,1.0
2014-02-13,3,1402133,93.0362856795219,5.0,7.45,13.0,10.0,0.0,0.0,1.0
2014-02-13,4,1402134,185.345507160016,5.0,7.45,13.0,10.0,0.0,0.0,1.0
2014-02-13,5,1402135,288.026236118619,5.0,7.45,13.0,10.0,0.0,0.0,1.0
2014-02-14,1,1402141,127.922310495651,5.0,5.2125,9.0,10.0,0.0,0.0,1.0
2014-02-14,2,1402142,313.418025928576,5.0,5.2125,9.0,10.0,0.0,0.0,1.0
2014-02-14,3,1402143,94.3020113828986,5.0,5.2125,9.0,10.0,0.0,0.0,1.0
2014-02-14,4,1402144,174.557054369197,5.0,5.2125,9.0,10.0,0.0,0.0,1.0
2014-02-14,5,1402145,321.401903496864,5.0,5.2125,9.0,10.0,0.0,0.0,1.0
2014-02-15,1,1402151,169.517528839106,5.0,11.5,15.0,10.0,0.0,0.0,1.0
2014-02-15,2,1402152,474.035638350371,5.0,11.5,15.0,10.0,0.0,0.0,1.0
2014-02-15,3,1402153,130.363632393015,5.0,11.5,15.0,10.0,0.0,0.0,1.0
2014-02-15,4,1402154,198.394939954409,5.0,11.5,15.0,10.0,0.0,0.0,1.0
2014-02-15,5,1402155,316.121966093225,5.0,11.5,15.0,10.0,0.0,0.0,1.0
2014-02-16,1,1402161,66.1488570531461,7.0,6.0625,17.0,63.0,0.0,0.0,1.0
2014-02-16,2,1402162,642.255713146016,7.0,6.0625,17.0,63.0,0.0,0.0,1.0
2014-02-16,3,1402163,177.142498376336,7.0,6.0625,17.0,63.0,0.0,0.0,1.0
2014-02-16,4,1402164,286.001635626433,7.0,6.0625,17.0,63.0,0.0,0.0,1.0
2014-02-16,5,1402165,397.890970167717,7.0,6.0625,17.0,63.0,0.0,0.0,1.0
2014-02-17,1,1402171,139.563931976797,0.0,6.6875,9.0,63.0,0.0,0.0,1.0
2014-02-17,2,1402172,329.690366180098,0.0,6.6875,9.0,63.0,0.0,0.0,1.0
2014-02-17,3,1402173,102.644597942537,0.0,6.6875,9.0,63.0,0.0,0.0,1.0
2014-02-17,4,1402174,126.598201633374,0.0,6.6875,9.0,63.0,0.0,0.0,1.0
2014-02-17,5,1402175,259.552787900081,0.0,6.6875,9.0,63.0,0.0,0.0,1.0
2014-02-18,1,1402181,101.128808084497,7.0,7.8,8.0,10.0,0.0,0.0,1.0
2014-02-18,2,1402182,275.501866816375,7.0,7.8,8.0,10.0,0.0,0.0,1.0
2014-02-18,3,1402183,100.927275343868,7.0,7.8,8.0,10.0,0.0,0.0,1.0
2014-02-18,4,1402184,115.553470501728,7.0,7.8,8.0,10.0,0.0,0.0,1.0
2014-02-18,5,1402185,285.696716626729,7.0,7.8,8.0,10.0,0.0,0.0,1.0
2014-02-19,1,1402191,139.712963296062,7.0,6.325,8.0,61.0,0.0,0.0,1.0
2014-02-19,2,1402192,317.300543446827,7.0,6.325,8.0,61.0,0.0,0.0,1.0
2014-02-19,3,1402193,70.6249007434564,7.0,6.325,8.0,61.0,0.0,0.0,1.0
2014-02-19,4,1402194,85.6674251344062,7.0,6.325,8.0,61.0,0.0,0.0,1.0
2014-02-19,5,1402195,244.745193995473,7.0,6.325,8.0,61.0,0.0,0.0,1.0
2014-02-20,1,1402201,115.493305434483,6.0,9.1,11.0,10.0,0.0,0.0,1.0
2014-02-20,2,1402202,332.24034886181,6.0,9.1,11.0,10.0,0.0,0.0,1.0
2014-02-20,3,1402203,122.10498999886,6.0,9.1,11.0,10.0,0.0,0.0,1.0
2014-02-20,4,1402204,135.821239683404,6.0,9.1,11.0,10.0,0.0,0.0,1.0
2014-02-20,5,1402205,254.693822568293,6.0,9.1,11.0,10.0,0.0,0.0,1.0
2014-02-21,1,1402211,195.749507104036,7.0,7.5125,11.0,61.0,0.0,0.0,1.0
2014-02-21,2,1402212,304.683845985775,7.0,7.5125,11.0,61.0,0.0,0.0,1.0
2014-02-21,3,1402213,108.854131975822,7.0,7.5125,11.0,61.0,0.0,0.0,1.0
2014-02-21,4,1402214,128.229656396637,7.0,7.5125,11.0,61.0,0.0,0.0,1.0
2014-02-21,5,1402215,333.413645056526,7.0,7.5125,11.0,61.0,0.0,0.0,1.0
2014-02-22,1,1402221,138.333592943018,7.0,5.925,11.0,21.0,0.0,0.0,1.0
2014-02-22,2,1402222,501.288627565406,7.0,5.925,11.0,21.0,0.0,0.0,1.0
2014-02-22,3,1402223,138.609213789689,7.0,5.925,11.0,21.0,0.0,0.0,1.0
2014-02-22,4,1402224,135.439401637301,7.0,5.925,11.0,21.0,0.0,0.0,1.0
2014-02-22,5,1402225,283.857426834567,7.0,5.925,11.0,21.0,0.0,0.0,1.0
2014-02-23,1,1402231,79.4422222430818,1.0,8.625,12.0,21.0,0.0,0.0,1.0
2014-02-23,2,1402232,711.608645093162,1.0,8.625,12.0,21.0,0.0,0.0,1.0
2014-02-23,3,1402233,193.554471815095,1.0,8.625,12.0,21.0,0.0,0.0,1.0
2014-02-23,4,1402234,430.500089196343,1.0,8.625,12.0,21.0,0.0,0.0,1.0
2014-02-23,5,1402235,394.240086291001,1.0,8.625,12.0,21.0,0.0,0.0,1.0
2014-02-24,1,1402241,152.556733984074,1.0,9.4125,11.0,21.0,0.0,0.0,1.0
2014-02-24,2,1402242,278.245512066627,1.0,9.4125,11.0,21.0,0.0,0.0,1.0
2014-02-24,3,1402243,108.430124488258,1.0,9.4125,11.0,21.0,0.0,0.0,1.0
2014-02-24,4,1402244,57.8485386075181,1.0,9.4125,11.0,21.0,0.0,0.0,1.0
2014-02-24,5,1402245,259.072372304433,1.0,9.4125,11.0,21.0,0.0,0.0,1.0
2014-02-25,1,1402251,115.741936459404,1.0,10.475,7.0,21.0,0.0,0.0,1.0
2014-02-25,2,1402252,261.518665118435,1.0,10.475,7.0,21.0,0.0,0.0,1.0
2014-02-25,3,1402253,108.939498064625,1.0,10.475,7.0,21.0,0.0,0.0,1.0
2014-02-25,4,1402254,84.348923725007,1.0,10.475,7.0,21.0,0.0,0.0,1.0
2014-02-25,5,1402255,255.218562114268,1.0,10.475,7.0,21.0,0.0,0.0,1.0
2014-02-26,1,1402261,95.0173566075507,5.0,10.1875,8.0,21.0,0.0,0.0,1.0
2014-02-26,2,1402262,311.376704215006,5.0,10.1875,8.0,21.0,0.0,0.0,1.0
2014-02-26,3,1402263,128.531264986325,5.0,10.1875,8.0,21.0,0.0,0.0,1.0
2014-02-26,4,1402264,89.3583951531774,5.0,10.1875,8.0,21.0,0.0,0.0,1.0
2014-02-26,5,1402265,246.406277305466,5.0,10.1875,8.0,21.0,0.0,0.0,1.0
2014-02-27,1,1402271,142.599019478366,1.0,8.8875,7.0,10.0,0.0,0.0,1.0
2014-02-27,2,1402272,300.168385368184,1.0,8.8875,7.0,10.0,0.0,0.0,1.0
2014-02-27,3,1402273,124.046174688955,1.0,8.8875,7.0,10.0,0.0,0.0,1.0
2014-02-27,4,1402274,90.8121601379897,1.0,8.8875,7.0,10.0,0.0,0.0,1.0
2014-02-27,5,1402275,258.629543719353,1.0,8.8875,7.0,10.0,0.0,0.0,1.0
2014-02-28,1,1402281,121.868073185287,7.0,6.1875,6.0,61.0,0.0,0.0,1.0
2014-02-28,2,1402282,304.253089953571,7.0,6.1875,6.0,61.0,0.0,0.0,1.0
2014-02-28,3,1402283,126.336309548451,7.0,6.1875,6.0,61.0,0.0,0.0,1.0
2014-02-28,4,1402284,69.1088225459759,7.0,6.1875,6.0,61.0,0.0,0.0,1.0
2014-02-28,5,1402285,277.702428848911,7.0,6.1875,6.0,61.0,0.0,0.0,1.0
2014-03-01,1,1403011,140.96854447309,2.0,5.075,9.0,10.0,0.0,0.0,1.0
2014-03-01,2,1403012,463.931706683171,2.0,5.075,9.0,10.0,0.0,0.0,1.0
2014-03-01,3,1403013,198.690224507104,2.0,5.075,9.0,10.0,0.0,0.0,1.0
2014-03-01,4,1403014,109.019649999515,2.0,5.075,9.0,10.0,0.0,0.0,1.0
2014-03-01,5,1403015,356.078419246933,2.0,5.075,9.0,10.0,0.0,0.0,1.0
2014-03-02,1,1403021,78.304687930775,6.0,6.5625,9.0,10.0,0.0,0.0,1.0
2014-03-02,2,1403022,613.772072740439,6.0,6.5625,9.0,10.0,0.0,0.0,1.0
2014-03-02,3,1403023,216.454079253849,6.0,6.5625,9.0,10.0,0.0,0.0,1.0
2014-03-02,4,1403024,107.77449609988,6.0,6.5625,9.0,10.0,0.0,0.0,1.0
2014-03-02,5,1403025,321.485150071242,6.0,6.5625,9.0,10.0,0.0,0.0,1.0
2014-03-03,1,1403031,123.816845981151,0.0,9.1875,10.0,5.0,0.0,0.0,1.0
2014-03-03,2,1403032,340.843721805049,0.0,9.1875,10.0,5.0,0.0,0.0,1.0
2014-03-03,3,1403033,135.701798900913,0.0,9.1875,10.0,5.0,0.0,0.0,1.0
2014-03-03,4,1403034,95.1732754360082,0.0,9.1875,10.0,5.0,0.0,0.0,1.0
2014-03-03,5,1403035,292.727936923252,0.0,9.1875,10.0,5.0,0.0,0.0,1.0
2014-03-04,1,1403041,110.664379295042,7.0,6.6875,7.0,10.0,0.0,0.0,1.0
2014-03-04,2,1403042,322.507407389951,7.0,6.6875,7.0,10.0,0.0,0.0,1.0
2014-03-04,3,1403043,121.592712107845,7.0,6.6875,7.0,10.0,0.0,0.0,1.0
2014-03-04,4,1403044,66.7496305599525,7.0,6.6875,7.0,10.0,0.0,0.0,1.0
2014-03-04,5,1403045,249.829686460274,7.0,6.6875,7.0,10.0,0.0,0.0,1.0
2014-03-05,1,1403051,104.010771805795,7.0,4.6875,7.0,28.0,0.0,0.0,1.0
2014-03-05,2,1403052,272.380162040079,7.0,4.6875,7.0,28.0,0.0,0.0,1.0
2014-03-05,3,1403053,118.308239334894,7.0,4.6875,7.0,28.0,0.0,0.0,1.0
2014-03-05,4,1403054,105.773446388565,7.0,4.6875,7.0,28.0,0.0,0.0,1.0
2014-03-05,5,1403055,252.444455457162,7.0,4.6875,7.0,28.0,0.0,0.0,1.0
2014-03-06,1,1403061,119.64957040592,3.0,8.925,9.0,10.0,0.0,0.0,1.0
2014-03-06,2,1403062,296.782446572738,3.0,8.925,9.0,10.0,0.0,0.0,1.0
2014-03-06,3,1403063,110.011978248391,3.0,8.925,9.0,10.0,0.0,0.0,1.0
2014-03-06,4,1403064,93.897140786047,3.0,8.925,9.0,10.0,0.0,0.0,1.0
2014-03-06,5,1403065,251.572908933497,3.0,8.925,9.0,10.0,0.0,0.0,1.0
2014-03-07,1,1403071,115.297355656246,6.0,11.275,10.0,5.0,0.0,0.0,1.0
2014-03-07,2,1403072,293.295574945633,6.0,11.275,10.0,5.0,0.0,0.0,1.0
2014-03-07,3,1403073,120.373696996274,6.0,11.275,10.0,5.0,0.0,0.0,1.0
2014-03-07,4,1403074,87.1135437231353,6.0,11.275,10.0,5.0,0.0,0.0,1.0
2014-03-07,5,1403075,211.366012107748,6.0,11.275,10.0,5.0,0.0,0.0,1.0
2014-03-08,1,1403081,116.679903321343,0.0,9.9375,6.0,5.0,0.0,0.0,1.0
2014-03-08,2,1403082,478.500223651153,0.0,9.9375,6.0,5.0,0.0,0.0,1.0
2014-03-08,3,1403083,188.514875432772,0.0,9.9375,6.0,5.0,0.0,0.0,1.0
2014-03-08,4,1403084,123.725264018424,0.0,9.9375,6.0,5.0,0.0,0.0,1.0
2014-03-08,5,1403085,265.958911689045,0.0,9.9375,6.0,5.0,0.0,0.0,1.0
2014-03-09,1,1403091,92.618539664325,0.0,16.4,9.0,5.0,0.0,0.0,1.0
2014-03-09,2,1403092,620.71339369779,0.0,16.4,9.0,5.0,0.0,0.0,1.0
2014-03-09,3,1403093,200.515094351829,0.0,16.4,9.0,5.0,0.0,0.0,1.0
2014-03-09,4,1403094,178.017374804103,0.0,16.4,9.0,5.0,0.0,0.0,1.0
2014-03-09,5,1403095,354.983557989906,0.0,16.4,9.0,5.0,0.0,0.0,1.0
2014-03-10,1,1403101,150.516891177572,0.0,15.8,9.0,5.0,0.0,0.0,1.0
2014-03-10,2,1403102,317.378702108067,0.0,15.8,9.0,5.0,0.0,0.0,1.0
2014-03-10,3,1403103,112.794099599255,0.0,15.8,9.0,5.0,0.0,0.0,1.0
2014-03-10,4,1403104,77.0050691066935,0.0,15.8,9.0,5.0,0.0,0.0,1.0
2014-03-10,5,1403105,194.366328186192,0.0,15.8,9.0,5.0,0.0,0.0,1.0
2014-03-11,1,1403111,151.221168841794,0.0,7.85,9.0,5.0,0.0,0.0,1.0
2014-03-11,2,1403112,264.37746726286,0.0,7.85,9.0,5.0,0.0,0.0,1.0
2014-03-11,3,1403113,118.436643402473,0.0,7.85,9.0,5.0,0.0,0.0,1.0
2014-03-11,4,1403114,96.0114193579654,0.0,7.85,9.0,5.0,0.0,0.0,1.0
2014-03-11,5,1403115,257.869223064409,0.0,7.85,9.0,5.0,0.0,0.0,1.0
2014-03-12,1,1403121,91.0474158512995,0.0,10.2125,8.0,0.0,0.0,0.0,1.0
2014-03-12,2,1403122,275.552175296613,0.0,10.2125,8.0,0.0,0.0,0.0,1.0
2014-03-12,3,1403123,116.929079432661,0.0,10.2125,8.0,0.0,0.0,0.0,1.0
2014-03-12,4,1403124,87.5819491860972,0.0,10.2125,8.0,0.0,0.0,0.0,1.0
2014-03-12,5,1403125,271.282405295851,0.0,10.2125,8.0,0.0,0.0,0.0,1.0
2014-03-13,1,1403131,141.400369720196,0.0,13.375,10.0,0.0,0.0,0.0,1.0
2014-03-13,2,1403132,322.865434589691,0.0,13.375,10.0,0.0,0.0,0.0,1.0
2014-03-13,3,1403133,112.905736442376,0.0,13.375,10.0,0.0,0.0,0.0,1.0
2014-03-13,4,1403134,86.3042676126607,0.0,13.375,10.0,0.0,0.0,0.0,1.0
2014-03-13,5,1403135,231.683186905879,0.0,13.375,10.0,0.0,0.0,0.0,1.0
2014-03-14,1,1403141,123.912083680615,1.0,9.6125,10.0,0.0,0.0,0.0,1.0
2014-03-14,2,1403142,309.267472114849,1.0,9.6125,10.0,0.0,0.0,0.0,1.0
2014-03-14,3,1403143,124.458118600583,1.0,9.6125,10.0,0.0,0.0,0.0,1.0
2014-03-14,4,1403144,83.095661478459,1.0,9.6125,10.0,0.0,0.0,0.0,1.0
2014-03-14,5,1403145,250.29296439151,1.0,9.6125,10.0,0.0,0.0,0.0,1.0
2014-03-15,1,1403151,137.683942432828,4.0,9.0375,27.0,0.0,0.0,0.0,1.0
2014-03-15,2,1403152,426.528946577857,4.0,9.0375,27.0,0.0,0.0,0.0,1.0
2014-03-15,3,1403153,193.490537174953,4.0,9.0375,27.0,0.0,0.0,0.0,1.0
2014-03-15,4,1403154,101.236649263482,4.0,9.0375,27.0,0.0,0.0,0.0,1.0
2014-03-15,5,1403155,280.923615726204,4.0,9.0375,27.0,0.0,0.0,0.0,1.0
2014-03-16,1,1403161,67.1675793738149,7.0,9.3375,24.0,61.0,0.0,0.0,1.0
2014-03-16,2,1403162,427.380944455632,7.0,9.3375,24.0,61.0,0.0,0.0,1.0
2014-03-16,3,1403163,111.822263295225,7.0,9.3375,24.0,61.0,0.0,0.0,1.0
2014-03-16,4,1403164,135.208641454406,7.0,9.3375,24.0,61.0,0.0,0.0,1.0
2014-03-16,5,1403165,214.983984608509,7.0,9.3375,24.0,61.0,0.0,0.0,1.0
2014-03-17,1,1403171,141.547905542998,7.0,9.5875,18.0,61.0,0.0,0.0,1.0
2014-03-17,2,1403172,283.82852752228,7.0,9.5875,18.0,61.0,0.0,0.0,1.0
2014-03-17,3,1403173,124.597166174611,7.0,9.5875,18.0,61.0,0.0,0.0,1.0
2014-03-17,4,1403174,60.8538978246202,7.0,9.5875,18.0,61.0,0.0,0.0,1.0
2014-03-17,5,1403175,219.697175244681,7.0,9.5875,18.0,61.0,0.0,0.0,1.0
2014-03-18,1,1403181,88.2250444509535,7.0,9.6875,16.0,21.0,0.0,0.0,1.0
2014-03-18,2,1403182,286.018793506259,7.0,9.6875,16.0,21.0,0.0,0.0,1.0
2014-03-18,3,1403183,101.817031593089,7.0,9.6875,16.0,21.0,0.0,0.0,1.0
2014-03-18,4,1403184,74.6021348426954,7.0,9.6875,16.0,21.0,0.0,0.0,1.0
2014-03-18,5,1403185,270.977176630639,7.0,9.6875,16.0,21.0,0.0,0.0,1.0
2014-03-19,1,1403191,99.6845823880711,7.0,9.45,18.0,61.0,0.0,0.0,1.0
2014-03-19,2,1403192,287.60155477635,7.0,9.45,18.0,61.0,0.0,0.0,1.0
2014-03-19,3,1403193,123.100077090268,7.0,9.45,18.0,61.0,0.0,0.0,1.0
2014-03-19,4,1403194,62.5925254079212,7.0,9.45,18.0,61.0,0.0,0.0,1.0
2014-03-19,5,1403195,209.154606236614,7.0,9.45,18.0,61.0,0.0,0.0,1.0
2014-03-20,1,1403201,128.138232106811,0.0,16.2625,13.0,61.0,0.0,0.0,1.0
2014-03-20,2,1403202,297.335857719945,0.0,16.2625,13.0,61.0,0.0,0.0,1.0
2014-03-20,3,1403203,134.121055636733,0.0,16.2625,13.0,61.0,0.0,0.0,1.0
2014-03-20,4,1403204,87.401519892581,0.0,16.2625,13.0,61.0,0.0,0.0,1.0
2014-03-20,5,1403205,277.253330900992,0.0,16.2625,13.0,61.0,0.0,0.0,1.0
2014-03-21,1,1403211,104.8547456835,7.0,6.8875,14.0,63.0,0.0,0.0,1.0
2014-03-21,2,1403212,316.080628373637,7.0,6.8875,14.0,63.0,0.0,0.0,1.0
2014-03-21,3,1403213,116.384010751598,7.0,6.8875,14.0,63.0,0.0,0.0,1.0
2014-03-21,4,1403214,76.876909493407,7.0,6.8875,14.0,63.0,0.0,0.0,1.0
2014-03-21,5,1403215,239.804246611309,7.0,6.8875,14.0,63.0,0.0,0.0,1.0
2014-03-22,1,1403221,130.851901605861,5.0,8.85,11.0,63.0,0.0,0.0,1.0
2014-03-22,2,1403222,497.958416841062,5.0,8.85,11.0,63.0,0.0,0.0,1.0
2014-03-22,3,1403223,219.403158616365,5.0,8.85,11.0,63.0,0.0,0.0,1.0
2014-03-22,4,1403224,75.7095901700985,5.0,8.85,11.0,63.0,0.0,0.0,1.0
2014-03-22,5,1403225,299.753027543412,5.0,8.85,11.0,63.0,0.0,0.0,1.0
2014-03-23,1,1403231,71.128447822127,4.0,8.3625,10.0,63.0,0.0,0.0,1.0
2014-03-23,2,1403232,492.856825031606,4.0,8.3625,10.0,63.0,0.0,0.0,1.0
2014-03-23,3,1403233,161.390262011678,4.0,8.3625,10.0,63.0,0.0,0.0,1.0
2014-03-23,4,1403234,122.218061087289,4.0,8.3625,10.0,63.0,0.0,0.0,1.0
2014-03-23,5,1403235,247.35726790541,4.0,8.3625,10.0,63.0,0.0,0.0,1.0
2014-03-24,1,1403241,174.642338237835,3.0,7.5625,7.0,63.0,0.0,0.0,1.0
2014-03-24,2,1403242,326.267041619462,3.0,7.5625,7.0,63.0,0.0,0.0,1.0
2014-03-24,3,1403243,136.254540386182,3.0,7.5625,7.0,63.0,0.0,0.0,1.0
2014-03-24,4,1403244,63.1258826839349,3.0,7.5625,7.0,63.0,0.0,0.0,1.0
2014-03-24,5,1403245,242.701095068185,3.0,7.5625,7.0,63.0,0.0,0.0,1.0
2014-03-25,1,1403251,130.828394911681,2.0,7.725,10.0,21.0,0.0,0.0,1.0
2014-03-25,2,1403252,327.070593673512,2.0,7.725,10.0,21.0,0.0,0.0,1.0
2014-03-25,3,1403253,101.627143801847,2.0,7.725,10.0,21.0,0.0,0.0,1.0
2014-03-25,4,1403254,61.7796782841541,2.0,7.725,10.0,21.0,0.0,0.0,1.0
2014-03-25,5,1403255,242.582823119935,2.0,7.725,10.0,21.0,0.0,0.0,1.0
2014-03-26,1,1403261,164.073709880608,5.0,7.85,11.0,21.0,0.0,0.0,1.0
2014-03-26,2,1403262,316.014621957881,5.0,7.85,11.0,21.0,0.0,0.0,1.0
2014-03-26,3,1403263,102.514588286972,5.0,7.85,11.0,21.0,0.0,0.0,1.0
2014-03-26,4,1403264,85.5428445981278,5.0,7.85,11.0,21.0,0.0,0.0,1.0
2014-03-26,5,1403265,274.499442130787,5.0,7.85,11.0,21.0,0.0,0.0,1.0
2014-03-27,1,1403271,217.595707302914,6.0,5.1,12.0,21.0,0.0,0.0,1.0
2014-03-27,2,1403272,384.826956477695,6.0,5.1,12.0,21.0,0.0,0.0,1.0
2014-03-27,3,1403273,106.499230569624,6.0,5.1,12.0,21.0,0.0,0.0,1.0
2014-03-27,4,1403274,86.7553324054727,6.0,5.1,12.0,21.0,0.0,0.0,1.0
2014-03-27,5,1403275,270.972684277455,6.0,5.1,12.0,21.0,0.0,0.0,1.0
2014-03-28,1,1403281,210.364589078685,8.0,5.4,12.0,10.0,0.0,0.0,1.0
2014-03-28,2,1403282,373.193892353262,8.0,5.4,12.0,10.0,0.0,0.0,1.0
2014-03-28,3,1403283,132.839281058574,8.0,5.4,12.0,10.0,0.0,0.0,1.0
2014-03-28,4,1403284,63.7182248755607,8.0,5.4,12.0,10.0,0.0,0.0,1.0
2014-03-28,5,1403285,333.141969255609,8.0,5.4,12.0,10.0,0.0,0.0,1.0
2014-03-29,1,1403291,201.442576014825,3.0,9.375,8.0,10.0,0.0,0.0,1.0
2014-03-29,2,1403292,600.636330304354,3.0,9.375,8.0,10.0,0.0,0.0,1.0
2014-03-29,3,1403293,197.333675027563,3.0,9.375,8.0,10.0,0.0,0.0,1.0
2014-03-29,4,1403294,78.2472154179189,3.0,9.375,8.0,10.0,0.0,0.0,1.0
2014-03-29,5,1403295,422.293448127181,3.0,9.375,8.0,10.0,0.0,0.0,1.0
2014-03-30,1,1403301,77.0718729480323,0.0,11.2625,8.0,28.0,0.0,0.0,1.0
2014-03-30,2,1403302,541.041022021925,0.0,11.2625,8.0,28.0,0.0,0.0,1.0
2014-03-30,3,1403303,158.401753894457,0.0,11.2625,8.0,28.0,0.0,0.0,1.0
2014-03-30,4,1403304,114.215169292857,0.0,11.2625,8.0,28.0,0.0,0.0,1.0
2014-03-30,5,1403305,322.450782225319,0.0,11.2625,8.0,28.0,0.0,0.0,1.0
2014-03-31,1,1403311,165.782083579859,7.0,7.4375,4.0,45.0,0.0,0.0,1.0
2014-03-31,2,1403312,340.519359885231,7.0,7.4375,4.0,45.0,0.0,0.0,1.0
2014-03-31,3,1403313,122.158056434949,7.0,7.4375,4.0,45.0,0.0,0.0,1.0
2014-03-31,4,1403314,79.3606414264492,7.0,7.4375,4.0,45.0,0.0,0.0,1.0
2014-03-31,5,1403315,284.916561193775,7.0,7.4375,4.0,45.0,0.0,0.0,1.0
2014-04-01,1,1404011,143.934571968464,8.0,5.7625,13.0,10.0,0.0,0.0,1.0
2014-04-01,2,1404012,344.347041678838,8.0,5.7625,13.0,10.0,0.0,0.0,1.0
2014-04-01,3,1404013,136.757939715278,8.0,5.7625,13.0,10.0,0.0,0.0,1.0
2014-04-01,4,1404014,95.6643816088289,8.0,5.7625,13.0,10.0,0.0,0.0,1.0
2014-04-01,5,1404015,211.213532805788,8.0,5.7625,13.0,10.0,0.0,0.0,1.0
2014-04-02,1,1404021,145.793768476637,2.0,12.45,8.0,10.0,0.0,0.0,1.0
2014-04-02,2,1404022,357.401889148184,2.0,12.45,8.0,10.0,0.0,0.0,1.0
2014-04-02,3,1404023,122.274399264469,2.0,12.45,8.0,10.0,0.0,0.0,1.0
2014-04-02,4,1404024,61.0392736386212,2.0,12.45,8.0,10.0,0.0,0.0,1.0
2014-04-02,5,1404025,251.722288103618,2.0,12.45,8.0,10.0,0.0,0.0,1.0
2014-04-03,1,1404031,199.334213779063,3.0,7.6125,15.0,10.0,0.0,0.0,1.0
2014-04-03,2,1404032,338.691456861455,3.0,7.6125,15.0,10.0,0.0,0.0,1.0
2014-04-03,3,1404033,134.055860641411,3.0,7.6125,15.0,10.0,0.0,0.0,1.0
2014-04-03,4,1404034,59.6091517158522,3.0,7.6125,15.0,10.0,0.0,0.0,1.0
2014-04-03,5,1404035,272.475241001337,3.0,7.6125,15.0,10.0,0.0,0.0,1.0
2014-04-04,1,1404041,149.094869799179,6.0,6.45,15.0,0.0,0.0,0.0,1.0
2014-04-04,2,1404042,348.498254975841,6.0,6.45,15.0,0.0,0.0,0.0,1.0
2014-04-04,3,1404043,115.557770684235,6.0,6.45,15.0,0.0,0.0,0.0,1.0
2014-04-04,4,1404044,86.3516555627854,6.0,6.45,15.0,0.0,0.0,0.0,1.0
2014-04-04,5,1404045,319.888737791246,6.0,6.45,15.0,0.0,0.0,0.0,1.0
2014-04-05,1,1404051,166.366651532902,8.0,9.825,5.0,61.0,0.0,0.0,1.0
2014-04-05,2,1404052,524.065479089145,8.0,9.825,5.0,61.0,0.0,0.0,1.0
2014-04-05,3,1404053,192.693454800978,8.0,9.825,5.0,61.0,0.0,0.0,1.0
2014-04-05,4,1404054,77.0706831333719,8.0,9.825,5.0,61.0,0.0,0.0,1.0
2014-04-05,5,1404055,322.471971495165,8.0,9.825,5.0,61.0,0.0,0.0,1.0
2014-04-06,1,1404061,79.4656989548114,7.0,12.1875,8.0,63.0,0.0,0.0,1.0
2014-04-06,2,1404062,577.282474747519,7.0,12.1875,8.0,63.0,0.0,0.0,1.0
2014-04-06,3,1404063,179.59924292824,7.0,12.1875,8.0,63.0,0.0,0.0,1.0
2014-04-06,4,1404064,145.543499552535,7.0,12.1875,8.0,63.0,0.0,0.0,1.0
2014-04-06,5,1404065,359.285503303671,7.0,12.1875,8.0,63.0,0.0,0.0,1.0
2014-04-07,1,1404071,175.863088463562,7.0,15.7875,10.0,63.0,0.0,0.0,1.0
2014-04-07,2,1404072,357.629946491513,7.0,15.7875,10.0,63.0,0.0,0.0,1.0
2014-04-07,3,1404073,177.997097273513,7.0,15.7875,10.0,63.0,0.0,0.0,1.0
2014-04-07,4,1404074,67.168817927136,7.0,15.7875,10.0,63.0,0.0,0.0,1.0
2014-04-07,5,1404075,310.063462856119,7.0,15.7875,10.0,63.0,0.0,0.0,1.0
2014-04-08,1,1404081,104.711261779938,7.0,9.8125,19.0,61.0,0.0,0.0,1.0
2014-04-08,2,1404082,353.523529645886,7.0,9.8125,19.0,61.0,0.0,0.0,1.0
2014-04-08,3,1404083,147.639998607765,7.0,9.8125,19.0,61.0,0.0,0.0,1.0
2014-04-08,4,1404084,89.2544999884012,7.0,9.8125,19.0,61.0,0.0,0.0,1.0
2014-04-08,5,1404085,290.183609710366,7.0,9.8125,19.0,61.0,0.0,0.0,1.0
2014-04-09,1,1404091,168.945582350845,7.0,10.1875,20.0,21.0,0.0,0.0,1.0
2014-04-09,2,1404092,366.100231824073,7.0,10.1875,20.0,21.0,0.0,0.0,1.0
2014-04-09,3,1404093,162.758801105285,7.0,10.1875,20.0,21.0,0.0,0.0,1.0
2014-04-09,4,1404094,96.4118611109018,7.0,10.1875,20.0,21.0,0.0,0.0,1.0
2014-04-09,5,1404095,271.099007471483,7.0,10.1875,20.0,21.0,0.0,0.0,1.0
2014-04-10,1,1404101,153.689913112803,7.0,9.75,4.0,21.0,0.0,0.0,1.0
2014-04-10,2,1404102,362.307296259006,7.0,9.75,4.0,21.0,0.0,0.0,1.0
2014-04-10,3,1404103,139.443674153022,7.0,9.75,4.0,21.0,0.0,0.0,1.0
2014-04-10,4,1404104,72.2396331836692,7.0,9.75,4.0,21.0,0.0,0.0,1.0
2014-04-10,5,1404105,296.272579857626,7.0,9.75,4.0,21.0,0.0,0.0,1.0
2014-04-11,1,1404111,150.197974521935,6.0,12.0625,10.0,21.0,0.0,0.0,1.0
2014-04-11,2,1404112,375.837949456716,6.0,12.0625,10.0,21.0,0.0,0.0,1.0
2014-04-11,3,1404113,141.685913469588,6.0,12.0625,10.0,21.0,0.0,0.0,1.0
2014-04-11,4,1404114,58.9219511045009,6.0,12.0625,10.0,21.0,0.0,0.0,1.0
2014-04-11,5,1404115,277.160414027556,6.0,12.0625,10.0,21.0,0.0,0.0,1.0
2014-04-12,1,1404121,230.41912840806,4.0,11.2,12.0,0.0,0.0,0.0,1.0
2014-04-12,2,1404122,574.526430697981,4.0,11.2,12.0,0.0,0.0,0.0,1.0
2014-04-12,3,1404123,241.849822382462,4.0,11.2,12.0,0.0,0.0,0.0,1.0
2014-04-12,4,1404124,54.5280148344852,4.0,11.2,12.0,0.0,0.0,0.0,1.0
2014-04-12,5,1404125,450.699337056635,4.0,11.2,12.0,0.0,0.0,0.0,1.0
2014-04-13,1,1404131,106.9717520005,6.0,11.0125,21.0,0.0,0.0,0.0,1.0
2014-04-13,2,1404132,631.475800914064,6.0,11.0125,21.0,0.0,0.0,0.0,1.0
2014-04-13,3,1404133,198.033088214577,6.0,11.0125,21.0,0.0,0.0,0.0,1.0
2014-04-13,4,1404134,138.42569385051,6.0,11.0125,21.0,0.0,0.0,0.0,1.0
2014-04-13,5,1404135,381.800588193029,6.0,11.0125,21.0,0.0,0.0,0.0,1.0
2014-04-14,1,1404141,126.41212420811,5.0,8.9,23.0,61.0,0.0,1.0,1.0
2014-04-14,2,1404142,407.696472609752,5.0,8.9,23.0,61.0,0.0,1.0,1.0
2014-04-14,3,1404143,156.105982266937,5.0,8.9,23.0,61.0,0.0,1.0,1.0
2014-04-14,4,1404144,55.4508724176006,5.0,8.9,23.0,61.0,0.0,1.0,1.0
2014-04-14,5,1404145,279.326942781212,5.0,8.9,23.0,61.0,0.0,1.0,1.0
2014-04-15,1,1404151,109.472548649702,0.0,9.9125,15.0,61.0,0.0,1.0,1.0
2014-04-15,2,1404152,460.801074530961,0.0,9.9125,15.0,61.0,0.0,1.0,1.0
2014-04-15,3,1404153,190.120642033098,0.0,9.9125,15.0,61.0,0.0,1.0,1.0
2014-04-15,4,1404154,85.7052852416814,0.0,9.9125,15.0,61.0,0.0,1.0,1.0
2014-04-15,5,1404155,335.143030954254,0.0,9.9125,15.0,61.0,0.0,1.0,1.0
2014-04-16,1,1404161,110.647041867212,0.0,11.3625,9.0,61.0,0.0,1.0,1.0
2014-04-16,2,1404162,439.876371928798,0.0,11.3625,9.0,61.0,0.0,1.0,1.0
2014-04-16,3,1404163,198.969950489909,0.0,11.3625,9.0,61.0,0.0,1.0,1.0
2014-04-16,4,1404164,80.9877329185756,0.0,11.3625,9.0,61.0,0.0,1.0,1.0
2014-04-16,5,1404165,297.536491311772,0.0,11.3625,9.0,61.0,0.0,1.0,1.0
2014-04-17,1,1404171,259.250121969818,5.0,14.4,14.0,61.0,0.0,1.0,1.0
2014-04-17,2,1404172,562.281813457354,5.0,14.4,14.0,61.0,0.0,1.0,1.0
2014-04-17,3,1404173,214.383480919186,5.0,14.4,14.0,61.0,0.0,1.0,1.0
2014-04-17,4,1404174,81.8180814450846,5.0,14.4,14.0,61.0,0.0,1.0,1.0
2014-04-17,5,1404175,427.107033298615,5.0,14.4,14.0,61.0,0.0,1.0,1.0
2014-04-18,1,1404181,,7.0,8.2375,11.0,61.0,0.0,1.0,1.0
2014-04-18,2,1404182,,7.0,8.2375,11.0,61.0,0.0,1.0,1.0
2014-04-18,3,1404183,,7.0,8.2375,11.0,61.0,0.0,1.0,1.0
2014-04-18,4,1404184,,7.0,8.2375,11.0,61.0,0.0,1.0,1.0
2014-04-18,5,1404185,,7.0,8.2375,11.0,61.0,0.0,1.0,1.0
2014-04-19,1,1404191,290.428956680919,1.0,11.125,13.0,5.0,0.0,1.0,1.0
2014-04-19,2,1404192,701.506792782752,1.0,11.125,13.0,5.0,0.0,1.0,1.0
2014-04-19,3,1404193,273.491937842767,1.0,11.125,13.0,5.0,0.0,1.0,1.0
2014-04-19,4,1404194,,1.0,11.125,13.0,5.0,0.0,1.0,1.0
2014-04-19,5,1404195,424.763063011418,1.0,11.125,13.0,5.0,0.0,1.0,1.0
2014-04-20,1,1404201,57.7509189177541,0.0,13.875,15.0,5.0,0.0,1.0,1.0
2014-04-20,2,1404202,670.020496886695,0.0,13.875,15.0,5.0,0.0,1.0,1.0
2014-04-20,3,1404203,274.182299457511,0.0,13.875,15.0,5.0,0.0,1.0,1.0
2014-04-20,4,1404204,189.548617602604,0.0,13.875,15.0,5.0,0.0,1.0,1.0
2014-04-20,5,1404205,378.764958797144,0.0,13.875,15.0,5.0,0.0,1.0,1.0
2014-04-21,1,1404211,109.431179378053,4.0,13.425,15.0,0.0,0.0,1.0,1.0
2014-04-21,2,1404212,683.784882752709,4.0,13.425,15.0,0.0,0.0,1.0,1.0
2014-04-21,3,1404213,298.187238978591,4.0,13.425,15.0,0.0,0.0,1.0,1.0
2014-04-21,4,1404214,89.0074737430748,4.0,13.425,15.0,0.0,0.0,1.0,1.0
2014-04-21,5,1404215,243.108241978467,4.0,13.425,15.0,0.0,0.0,1.0,1.0
2014-04-22,1,1404221,169.196248011103,3.0,15.45,10.0,10.0,0.0,1.0,1.0
2014-04-22,2,1404222,460.8751181337,3.0,15.45,10.0,10.0,0.0,1.0,1.0
2014-04-22,3,1404223,182.98384854032,3.0,15.45,10.0,10.0,0.0,1.0,1.0
2014-04-22,4,1404224,,3.0,15.45,10.0,10.0,0.0,1.0,1.0
2014-04-22,5,1404225,238.30390072268,3.0,15.45,10.0,10.0,0.0,1.0,1.0
2014-04-23,1,1404231,162.980101956576,8.0,9.825,11.0,21.0,0.0,1.0,1.0
2014-04-23,2,1404232,465.58877492787,8.0,9.825,11.0,21.0,0.0,1.0,1.0
2014-04-23,3,1404233,183.539691874899,8.0,9.825,11.0,21.0,0.0,1.0,1.0
2014-04-23,4,1404234,67.1712850654668,8.0,9.825,11.0,21.0,0.0,1.0,1.0
2014-04-23,5,1404235,239.066295265338,8.0,9.825,11.0,21.0,0.0,1.0,1.0
2014-04-24,1,1404241,155.338780558714,8.0,9.175,11.0,21.0,0.0,1.0,1.0
2014-04-24,2,1404242,417.193979627359,8.0,9.175,11.0,21.0,0.0,1.0,1.0
2014-04-24,3,1404243,167.084247067964,8.0,9.175,11.0,21.0,0.0,1.0,1.0
2014-04-24,4,1404244,61.1765774384312,8.0,9.175,11.0,21.0,0.0,1.0,1.0
2014-04-24,5,1404245,277.90742095382,8.0,9.175,11.0,21.0,0.0,1.0,1.0
2014-04-25,1,1404251,103.620395874603,0.0,13.5625,12.0,21.0,0.0,1.0,1.0
2014-04-25,2,1404252,456.429396514049,0.0,13.5625,12.0,21.0,0.0,1.0,1.0
2014-04-25,3,1404253,166.559313065076,0.0,13.5625,12.0,21.0,0.0,1.0,1.0
2014-04-25,4,1404254,53.1570826268308,0.0,13.5625,12.0,21.0,0.0,1.0,1.0
2014-04-25,5,1404255,289.368785455912,0.0,13.5625,12.0,21.0,0.0,1.0,1.0
2014-04-26,1,1404261,143.988134045973,0.0,15.45,11.0,21.0,0.0,1.0,1.0
2014-04-26,2,1404262,586.998427577162,0.0,15.45,11.0,21.0,0.0,1.0,1.0
2014-04-26,3,1404263,199.626205406704,0.0,15.45,11.0,21.0,0.0,1.0,1.0
2014-04-26,4,1404264,72.1185398547604,0.0,15.45,11.0,21.0,0.0,1.0,1.0
2014-04-26,5,1404265,302.862050051497,0.0,15.45,11.0,21.0,0.0,1.0,1.0
2014-04-27,1,1404271,67.5791269771508,0.0,16.225,16.0,21.0,0.0,0.0,1.0
2014-04-27,2,1404272,584.577549685164,0.0,16.225,16.0,21.0,0.0,0.0,1.0
2014-04-27,3,1404273,195.501610348286,0.0,16.225,16.0,21.0,0.0,0.0,1.0
2014-04-27,4,1404274,112.495745498543,0.0,16.225,16.0,21.0,0.0,0.0,1.0
2014-04-27,5,1404275,249.301047517779,0.0,16.225,16.0,21.0,0.0,0.0,1.0
2014-04-28,1,1404281,142.899118015523,0.0,15.8875,11.0,21.0,0.0,0.0,1.0
2014-04-28,2,1404282,406.097160006948,0.0,15.8875,11.0,21.0,0.0,0.0,1.0
2014-04-28,3,1404283,134.855002124095,0.0,15.8875,11.0,21.0,0.0,0.0,1.0
2014-04-28,4,1404284,77.3638484419459,0.0,15.8875,11.0,21.0,0.0,0.0,1.0
2014-04-28,5,1404285,204.961291079966,0.0,15.8875,11.0,21.0,0.0,0.0,1.0
2014-04-29,1,1404291,145.382373304754,0.0,18.0875,8.0,0.0,0.0,0.0,1.0
2014-04-29,2,1404292,426.634045431234,0.0,18.0875,8.0,0.0,0.0,0.0,1.0
2014-04-29,3,1404293,152.025502640473,0.0,18.0875,8.0,0.0,0.0,0.0,1.0
2014-04-29,4,1404294,65.3847746871142,0.0,18.0875,8.0,0.0,0.0,0.0,1.0
2014-04-29,5,1404295,287.361243256404,0.0,18.0875,8.0,0.0,0.0,0.0,1.0
2014-04-30,1,1404301,168.447583367336,3.0,18.0,8.0,0.0,0.0,0.0,1.0
2014-04-30,2,1404302,440.782783930678,3.0,18.0,8.0,0.0,0.0,0.0,1.0
2014-04-30,3,1404303,154.434645162314,3.0,18.0,8.0,0.0,0.0,0.0,1.0
2014-04-30,4,1404304,51.0562893306812,3.0,18.0,8.0,0.0,0.0,0.0,1.0
2014-04-30,5,1404305,324.692536719349,3.0,18.0,8.0,0.0,0.0,0.0,1.0
2014-05-01,1,1405011,,4.0,10.4875,14.0,0.0,0.0,0.0,1.0
2014-05-01,2,1405012,,4.0,10.4875,14.0,0.0,0.0,0.0,1.0
2014-05-01,3,1405013,,4.0,10.4875,14.0,0.0,0.0,0.0,1.0
2014-05-01,4,1405014,,4.0,10.4875,14.0,0.0,0.0,0.0,1.0
2014-05-01,5,1405015,,4.0,10.4875,14.0,0.0,0.0,0.0,1.0
2014-05-02,1,1405021,194.877300541007,6.0,10.225,13.0,0.0,0.0,0.0,1.0
2014-05-02,2,1405022,506.773609930646,6.0,10.225,13.0,0.0,0.0,0.0,1.0
2014-05-02,3,1405023,183.845898367796,6.0,10.225,13.0,0.0,0.0,0.0,1.0
2014-05-02,4,1405024,77.6145056918161,6.0,10.225,13.0,0.0,0.0,0.0,1.0
2014-05-02,5,1405025,345.188442766659,6.0,10.225,13.0,0.0,0.0,0.0,1.0
2014-05-03,1,1405031,,3.0,11.8625,13.0,0.0,0.0,0.0,1.0
2014-05-03,2,1405032,,3.0,11.8625,13.0,0.0,0.0,0.0,1.0
2014-05-03,3,1405033,,3.0,11.8625,13.0,0.0,0.0,0.0,1.0
2014-05-03,4,1405034,,3.0,11.8625,13.0,0.0,0.0,0.0,1.0
2014-05-03,5,1405035,,3.0,11.8625,13.0,0.0,0.0,0.0,1.0
2014-05-04,1,1405041,,7.0,9.6,11.0,0.0,0.0,0.0,1.0
2014-05-04,2,1405042,,7.0,9.6,11.0,0.0,0.0,0.0,1.0
2014-05-04,3,1405043,,7.0,9.6,11.0,0.0,0.0,0.0,1.0
2014-05-04,4,1405044,,7.0,9.6,11.0,0.0,0.0,0.0,1.0
2014-05-04,5,1405045,,7.0,9.6,11.0,0.0,0.0,0.0,1.0
2014-05-05,1,1405051,344.712427419033,8.0,10.7125,6.0,21.0,0.0,0.0,1.0
2014-05-05,2,1405052,1203.43112985675,8.0,10.7125,6.0,21.0,0.0,0.0,1.0
2014-05-05,3,1405053,565.941679350249,8.0,10.7125,6.0,21.0,0.0,0.0,1.0
2014-05-05,4,1405054,293.109398326081,8.0,10.7125,6.0,21.0,0.0,0.0,1.0
2014-05-05,5,1405055,749.218709204354,8.0,10.7125,6.0,21.0,0.0,0.0,1.0
2014-05-06,1,1405061,117.634364611904,7.0,15.775,9.0,21.0,0.0,0.0,1.0
2014-05-06,2,1405062,350.107434330692,7.0,15.775,9.0,21.0,0.0,0.0,1.0
2014-05-06,3,1405063,113.629663759254,7.0,15.775,9.0,21.0,0.0,0.0,1.0
2014-05-06,4,1405064,87.8622507140459,7.0,15.775,9.0,21.0,0.0,0.0,1.0
2014-05-06,5,1405065,265.023592604083,7.0,15.775,9.0,21.0,0.0,0.0,1.0
2014-05-07,1,1405071,90.0459392081919,4.0,14.2125,15.0,65.0,0.0,0.0,1.0
2014-05-07,2,1405072,315.890695137174,4.0,14.2125,15.0,65.0,0.0,0.0,1.0
2014-05-07,3,1405073,91.0872706951132,4.0,14.2125,15.0,65.0,0.0,0.0,1.0
2014-05-07,4,1405074,92.4936971920041,4.0,14.2125,15.0,65.0,0.0,0.0,1.0
2014-05-07,5,1405075,206.372294382589,4.0,14.2125,15.0,65.0,0.0,0.0,1.0
2014-05-08,1,1405081,149.299133313087,7.0,12.45,10.0,63.0,0.0,0.0,1.0
2014-05-08,2,1405082,366.1450783331,7.0,12.45,10.0,63.0,0.0,0.0,1.0
2014-05-08,3,1405083,123.776673695357,7.0,12.45,10.0,63.0,0.0,0.0,1.0
2014-05-08,4,1405084,82.1783266012903,7.0,12.45,10.0,63.0,0.0,0.0,1.0
2014-05-08,5,1405085,266.240037647833,7.0,12.45,10.0,63.0,0.0,0.0,1.0
2014-05-09,1,1405091,93.4116822522153,6.0,12.3875,10.0,61.0,0.0,0.0,1.0
2014-05-09,2,1405092,324.860077549193,6.0,12.3875,10.0,61.0,0.0,0.0,1.0
2014-05-09,3,1405093,145.894157572286,6.0,12.3875,10.0,61.0,0.0,0.0,1.0
2014-05-09,4,1405094,66.0161743425402,6.0,12.3875,10.0,61.0,0.0,0.0,1.0
2014-05-09,5,1405095,275.258837409267,6.0,12.3875,10.0,61.0,0.0,0.0,1.0
2014-05-10,1,1405101,123.724674602317,7.0,13.275,12.0,61.0,0.0,0.0,1.0
2014-05-10,2,1405102,478.617066120892,7.0,13.275,12.0,61.0,0.0,0.0,1.0
2014-05-10,3,1405103,166.329341490019,7.0,13.275,12.0,61.0,0.0,0.0,1.0
2014-05-10,4,1405104,104.094163257842,7.0,13.275,12.0,61.0,0.0,0.0,1.0
2014-05-10,5,1405105,335.938747106641,7.0,13.275,12.0,61.0,0.0,0.0,1.0
2014-05-11,1,1405111,61.0065824620734,7.0,11.5625,12.0,63.0,0.0,0.0,1.0
2014-05-11,2,1405112,460.682512294828,7.0,11.5625,12.0,63.0,0.0,0.0,1.0
2014-05-11,3,1405113,160.191203395938,7.0,11.5625,12.0,63.0,0.0,0.0,1.0
2014-05-11,4,1405114,147.881905447336,7.0,11.5625,12.0,63.0,0.0,0.0,1.0
2014-05-11,5,1405115,361.969960059764,7.0,11.5625,12.0,63.0,0.0,0.0,1.0
2014-05-12,1,1405121,117.63724487723,7.0,12.7,14.0,63.0,0.0,0.0,1.0
2014-05-12,2,1405122,328.92733265268,7.0,12.7,14.0,63.0,0.0,0.0,1.0
2014-05-12,3,1405123,123.83551731917,7.0,12.7,14.0,63.0,0.0,0.0,1.0
2014-05-12,4,1405124,67.4955434507817,7.0,12.7,14.0,63.0,0.0,0.0,1.0
2014-05-12,5,1405125,228.702480093214,7.0,12.7,14.0,63.0,0.0,0.0,1.0
2014-05-13,1,1405131,140.036281903001,7.0,11.5625,15.0,21.0,0.0,0.0,1.0
2014-05-13,2,1405132,297.999814467772,7.0,11.5625,15.0,21.0,0.0,0.0,1.0
2014-05-13,3,1405133,118.976012937567,7.0,11.5625,15.0,21.0,0.0,0.0,1.0
2014-05-13,4,1405134,101.214069608519,7.0,11.5625,15.0,21.0,0.0,0.0,1.0
2014-05-13,5,1405135,284.656364394564,7.0,11.5625,15.0,21.0,0.0,0.0,1.0
2014-05-14,1,1405141,107.299783874075,7.0,11.5625,16.0,21.0,0.0,0.0,1.0
2014-05-14,2,1405142,314.953597620915,7.0,11.5625,16.0,21.0,0.0,0.0,1.0
2014-05-14,3,1405143,127.483930182396,7.0,11.5625,16.0,21.0,0.0,0.0,1.0
2014-05-14,4,1405144,41.4123064196756,7.0,11.5625,16.0,21.0,0.0,0.0,1.0
2014-05-14,5,1405145,264.50249229848,7.0,11.5625,16.0,21.0,0.0,0.0,1.0
2014-05-15,1,1405151,123.833393024816,2.0,13.7875,8.0,21.0,0.0,0.0,1.0
2014-05-15,2,1405152,352.418195482769,2.0,13.7875,8.0,21.0,0.0,0.0,1.0
2014-05-15,3,1405153,124.638931817625,2.0,13.7875,8.0,21.0,0.0,0.0,1.0
2014-05-15,4,1405154,63.5101290538195,2.0,13.7875,8.0,21.0,0.0,0.0,1.0
2014-05-15,5,1405155,264.770092066181,2.0,13.7875,8.0,21.0,0.0,0.0,1.0
2014-05-16,1,1405161,182.247331664509,5.0,13.8875,9.0,21.0,0.0,0.0,1.0
2014-05-16,2,1405162,422.284930999887,5.0,13.8875,9.0,21.0,0.0,0.0,1.0
2014-05-16,3,1405163,161.947276175832,5.0,13.8875,9.0,21.0,0.0,0.0,1.0
2014-05-16,4,1405164,85.4807679768228,5.0,13.8875,9.0,21.0,0.0,0.0,1.0
2014-05-16,5,1405165,373.755034015357,5.0,13.8875,9.0,21.0,0.0,0.0,1.0
2014-05-17,1,1405171,128.405482365147,0.0,16.625,8.0,0.0,0.0,0.0,1.0
2014-05-17,2,1405172,507.850100762978,0.0,16.625,8.0,0.0,0.0,0.0,1.0
2014-05-17,3,1405173,225.148891508595,0.0,16.625,8.0,0.0,0.0,0.0,1.0
2014-05-17,4,1405174,50.3660101081308,0.0,16.625,8.0,0.0,0.0,0.0,1.0
2014-05-17,5,1405175,423.072504158874,0.0,16.625,8.0,0.0,0.0,0.0,1.0
2014-05-18,1,1405181,94.9265718873585,4.0,16.5125,13.0,0.0,0.0,0.0,1.0
2014-05-18,2,1405182,598.067011591372,4.0,16.5125,13.0,0.0,0.0,0.0,1.0
2014-05-18,3,1405183,209.615126303356,4.0,16.5125,13.0,0.0,0.0,0.0,1.0
2014-05-18,4,1405184,149.244078377209,4.0,16.5125,13.0,0.0,0.0,0.0,1.0
2014-05-18,5,1405185,381.742838590355,4.0,16.5125,13.0,0.0,0.0,0.0,1.0
2014-05-19,1,1405191,108.184039506908,6.0,13.7625,8.0,61.0,0.0,0.0,1.0
2014-05-19,2,1405192,385.830427464834,6.0,13.7625,8.0,61.0,0.0,0.0,1.0
2014-05-19,3,1405193,132.991806725831,6.0,13.7625,8.0,61.0,0.0,0.0,1.0
2014-05-19,4,1405194,83.9681823631343,6.0,13.7625,8.0,61.0,0.0,0.0,1.0
2014-05-19,5,1405195,229.433619956226,6.0,13.7625,8.0,61.0,0.0,0.0,1.0
2014-05-20,1,1405201,112.779561925048,0.0,20.725,12.0,61.0,0.0,0.0,1.0
2014-05-20,2,1405202,345.526173706413,0.0,20.725,12.0,61.0,0.0,0.0,1.0
2014-05-20,3,1405203,142.282852833497,0.0,20.725,12.0,61.0,0.0,0.0,1.0
2014-05-20,4,1405204,94.5737640355796,0.0,20.725,12.0,61.0,0.0,0.0,1.0
2014-05-20,5,1405205,263.727611478052,0.0,20.725,12.0,61.0,0.0,0.0,1.0
2014-05-21,1,1405211,123.754439846218,2.0,26.8625,8.0,61.0,0.0,0.0,1.0
2014-05-21,2,1405212,356.727230834875,2.0,26.8625,8.0,61.0,0.0,0.0,1.0
2014-05-21,3,1405213,134.107923627317,2.0,26.8625,8.0,61.0,0.0,0.0,1.0
2014-05-21,4,1405214,48.2108285393945,2.0,26.8625,8.0,61.0,0.0,0.0,1.0
2014-05-21,5,1405215,227.256778174006,2.0,26.8625,8.0,61.0,0.0,0.0,1.0
2014-05-22,1,1405221,116.368035292474,0.0,26.375,8.0,61.0,0.0,0.0,1.0
2014-05-22,2,1405222,402.543178395128,0.0,26.375,8.0,61.0,0.0,0.0,1.0
2014-05-22,3,1405223,105.985885216141,0.0,26.375,8.0,61.0,0.0,0.0,1.0
2014-05-22,4,1405224,77.5543202377256,0.0,26.375,8.0,61.0,0.0,0.0,1.0
2014-05-22,5,1405225,222.80717555258,0.0,26.375,8.0,61.0,0.0,0.0,1.0
2014-05-23,1,1405231,129.753386763715,7.0,18.0125,12.0,65.0,0.0,0.0,1.0
2014-05-23,2,1405232,410.166785875368,7.0,18.0125,12.0,65.0,0.0,0.0,1.0
2014-05-23,3,1405233,157.533819763355,7.0,18.0125,12.0,65.0,0.0,0.0,1.0
2014-05-23,4,1405234,50.8008994806073,7.0,18.0125,12.0,65.0,0.0,0.0,1.0
2014-05-23,5,1405235,284.81760171622,7.0,18.0125,12.0,65.0,0.0,0.0,1.0
2014-05-24,1,1405241,117.223121200496,2.0,17.9625,8.0,65.0,0.0,0.0,1.0
2014-05-24,2,1405242,524.51228527573,2.0,17.9625,8.0,65.0,0.0,0.0,1.0
2014-05-24,3,1405243,196.118993968548,2.0,17.9625,8.0,65.0,0.0,0.0,1.0
2014-05-24,4,1405244,66.4306117273805,2.0,17.9625,8.0,65.0,0.0,0.0,1.0
2014-05-24,5,1405245,320.532138289062,2.0,17.9625,8.0,65.0,0.0,0.0,1.0
2014-05-25,1,1405251,85.7502216285052,2.0,20.4625,11.0,65.0,0.0,0.0,1.0
2014-05-25,2,1405252,597.047216641851,2.0,20.4625,11.0,65.0,0.0,0.0,1.0
2014-05-25,3,1405253,216.640710498117,2.0,20.4625,11.0,65.0,0.0,0.0,1.0
2014-05-25,4,1405254,114.943972960342,2.0,20.4625,11.0,65.0,0.0,0.0,1.0
2014-05-25,5,1405255,288.498669954929,2.0,20.4625,11.0,65.0,0.0,0.0,1.0
2014-05-26,1,1405261,117.265384467109,0.0,19.9625,13.0,65.0,0.0,0.0,1.0
2014-05-26,2,1405262,387.78920418638,0.0,19.9625,13.0,65.0,0.0,0.0,1.0
2014-05-26,3,1405263,138.556265702698,0.0,19.9625,13.0,65.0,0.0,0.0,1.0
2014-05-26,4,1405264,91.0457110069583,0.0,19.9625,13.0,65.0,0.0,0.0,1.0
2014-05-26,5,1405265,234.830421163947,0.0,19.9625,13.0,65.0,0.0,0.0,1.0
2014-05-27,1,1405271,114.85034360851,7.0,12.8875,21.0,21.0,0.0,0.0,1.0
2014-05-27,2,1405272,424.223657962549,7.0,12.8875,21.0,21.0,0.0,0.0,1.0
2014-05-27,3,1405273,142.345521877251,7.0,12.8875,21.0,21.0,0.0,0.0,1.0
2014-05-27,4,1405274,84.6280561362088,7.0,12.8875,21.0,21.0,0.0,0.0,1.0
2014-05-27,5,1405275,280.087441868984,7.0,12.8875,21.0,21.0,0.0,0.0,1.0
2014-05-28,1,1405281,190.55318445032,7.0,10.2,22.0,21.0,0.0,0.0,1.0
2014-05-28,2,1405282,440.753384253967,7.0,10.2,22.0,21.0,0.0,0.0,1.0
2014-05-28,3,1405283,196.534929868791,7.0,10.2,22.0,21.0,0.0,0.0,1.0
2014-05-28,4,1405284,,7.0,10.2,22.0,21.0,0.0,0.0,1.0
2014-05-28,5,1405285,317.665635686158,7.0,10.2,22.0,21.0,0.0,0.0,1.0
2014-05-29,1,1405291,85.879848415963,4.0,12.7,14.0,21.0,0.0,0.0,1.0
2014-05-29,2,1405292,670.064174060842,4.0,12.7,14.0,21.0,0.0,0.0,1.0
2014-05-29,3,1405293,254.295074075867,4.0,12.7,14.0,21.0,0.0,0.0,1.0
2014-05-29,4,1405294,152.709702945456,4.0,12.7,14.0,21.0,0.0,0.0,1.0
2014-05-29,5,1405295,429.25644892951,4.0,12.7,14.0,21.0,0.0,0.0,1.0
2014-05-30,1,1405301,187.239006431102,0.0,17.9625,13.0,21.0,0.0,0.0,1.0
2014-05-30,2,1405302,543.734282137968,0.0,17.9625,13.0,21.0,0.0,0.0,1.0
2014-05-30,3,1405303,264.036588750834,0.0,17.9625,13.0,21.0,0.0,0.0,1.0
2014-05-30,4,1405304,57.2454061447027,0.0,17.9625,13.0,21.0,0.0,0.0,1.0
2014-05-30,5,1405305,388.318379103362,0.0,17.9625,13.0,21.0,0.0,0.0,1.0
2014-05-31,1,1405311,171.347524831197,3.0,15.9125,15.0,21.0,0.0,0.0,1.0
2014-05-31,2,1405312,616.245915538845,3.0,15.9125,15.0,21.0,0.0,0.0,1.0
2014-05-31,3,1405313,292.141593675945,3.0,15.9125,15.0,21.0,0.0,0.0,1.0
2014-05-31,4,1405314,68.1643312002004,3.0,15.9125,15.0,21.0,0.0,0.0,1.0
2014-05-31,5,1405315,382.044405388045,3.0,15.9125,15.0,21.0,0.0,0.0,1.0
2014-06-01,1,1406011,93.4027092149433,7.0,13.825,6.0,21.0,0.0,0.0,1.0
2014-06-01,2,1406012,676.063588454464,7.0,13.825,6.0,21.0,0.0,0.0,1.0
2014-06-01,3,1406013,238.147667385848,7.0,13.825,6.0,21.0,0.0,0.0,1.0
2014-06-01,4,1406014,129.4189036507,7.0,13.825,6.0,21.0,0.0,0.0,1.0
2014-06-01,5,1406015,276.89033677768,7.0,13.825,6.0,21.0,0.0,0.0,1.0
2014-06-02,1,1406021,199.723160641356,0.0,17.625,9.0,21.0,0.0,0.0,1.0
2014-06-02,2,1406022,441.052664780553,0.0,17.625,9.0,21.0,0.0,0.0,1.0
2014-06-02,3,1406023,142.068446650007,0.0,17.625,9.0,21.0,0.0,0.0,1.0
2014-06-02,4,1406024,65.7363488821332,0.0,17.625,9.0,21.0,0.0,0.0,1.0
2014-06-02,5,1406025,292.066998952139,0.0,17.625,9.0,21.0,0.0,0.0,1.0
2014-06-03,1,1406031,142.538025704362,1.0,20.0,9.0,21.0,0.0,0.0,1.0
2014-06-03,2,1406032,416.946808829077,1.0,20.0,9.0,21.0,0.0,0.0,1.0
2014-06-03,3,1406033,161.471394704895,1.0,20.0,9.0,21.0,0.0,0.0,1.0
2014-06-03,4,1406034,62.3903661114696,1.0,20.0,9.0,21.0,0.0,0.0,1.0
2014-06-03,5,1406035,245.212148404522,1.0,20.0,9.0,21.0,0.0,0.0,1.0
2014-06-04,1,1406041,137.397470737802,1.0,21.4875,14.0,21.0,0.0,0.0,1.0
2014-06-04,2,1406042,415.711170989076,1.0,21.4875,14.0,21.0,0.0,0.0,1.0
2014-06-04,3,1406043,140.565721107956,1.0,21.4875,14.0,21.0,0.0,0.0,1.0
2014-06-04,4,1406044,53.2308769671162,1.0,21.4875,14.0,21.0,0.0,0.0,1.0
2014-06-04,5,1406045,268.264130359081,1.0,21.4875,14.0,21.0,0.0,0.0,1.0
2014-06-05,1,1406051,194.604241155943,5.0,15.0375,18.0,65.0,0.0,0.0,1.0
2014-06-05,2,1406052,390.575773242664,5.0,15.0375,18.0,65.0,0.0,0.0,1.0
2014-06-05,3,1406053,151.313296014942,5.0,15.0375,18.0,65.0,0.0,0.0,1.0
2014-06-05,4,1406054,76.2135588168066,5.0,15.0375,18.0,65.0,0.0,0.0,1.0
2014-06-05,5,1406055,309.653125934012,5.0,15.0375,18.0,65.0,0.0,0.0,1.0
2014-06-06,1,1406061,181.64230467912,3.0,19.3125,12.0,65.0,0.0,0.0,1.0
2014-06-06,2,1406062,428.95344334705,3.0,19.3125,12.0,65.0,0.0,0.0,1.0
2014-06-06,3,1406063,169.4728348911,3.0,19.3125,12.0,65.0,0.0,0.0,1.0
2014-06-06,4,1406064,,3.0,19.3125,12.0,65.0,0.0,0.0,1.0
2014-06-06,5,1406065,281.228067681119,3.0,19.3125,12.0,65.0,0.0,0.0,1.0
2014-06-07,1,1406071,199.282826637538,0.0,17.9625,8.0,65.0,0.0,0.0,1.0
2014-06-07,2,1406072,753.443538177679,0.0,17.9625,8.0,65.0,0.0,0.0,1.0
2014-06-07,3,1406073,294.192956500557,0.0,17.9625,8.0,65.0,0.0,0.0,1.0
2014-06-07,4,1406074,79.7188444198125,0.0,17.9625,8.0,65.0,0.0,0.0,1.0
2014-06-07,5,1406075,442.520092981899,0.0,17.9625,8.0,65.0,0.0,0.0,1.0
2014-06-08,1,1406081,116.13410257794,6.0,22.1,12.0,21.0,0.0,0.0,1.0
2014-06-08,2,1406082,681.186640749589,6.0,22.1,12.0,21.0,0.0,0.0,1.0
2014-06-08,3,1406083,280.533351180996,6.0,22.1,12.0,21.0,0.0,0.0,1.0
2014-06-08,4,1406084,104.453562324412,6.0,22.1,12.0,21.0,0.0,0.0,1.0
2014-06-08,5,1406085,386.974806899709,6.0,22.1,12.0,21.0,0.0,0.0,1.0
2014-06-09,1,1406091,110.83826883308,0.0,20.6625,10.0,21.0,0.0,0.0,1.0
2014-06-09,2,1406092,808.126780736088,0.0,20.6625,10.0,21.0,0.0,0.0,1.0
2014-06-09,3,1406093,304.46367931484,0.0,20.6625,10.0,21.0,0.0,0.0,1.0
2014-06-09,4,1406094,143.977898792685,0.0,20.6625,10.0,21.0,0.0,0.0,1.0
2014-06-09,5,1406095,438.305240388751,0.0,20.6625,10.0,21.0,0.0,0.0,1.0
2014-06-10,1,1406101,183.918754774297,1.0,25.7875,9.0,21.0,0.0,1.0,1.0
2014-06-10,2,1406102,481.25061409398,1.0,25.7875,9.0,21.0,0.0,1.0,1.0
2014-06-10,3,1406103,171.161365845674,1.0,25.7875,9.0,21.0,0.0,1.0,1.0
2014-06-10,4,1406104,70.2099274704429,1.0,25.7875,9.0,21.0,0.0,1.0,1.0
2014-06-10,5,1406105,255.648794014527,1.0,25.7875,9.0,21.0,0.0,1.0,1.0
2014-06-11,1,1406111,149.446544671322,7.0,20.5,8.0,61.0,0.0,0.0,1.0
2014-06-11,2,1406112,400.748048990214,7.0,20.5,8.0,61.0,0.0,0.0,1.0
2014-06-11,3,1406113,178.135623154436,7.0,20.5,8.0,61.0,0.0,0.0,1.0
2014-06-11,4,1406114,83.6581389182717,7.0,20.5,8.0,61.0,0.0,0.0,1.0
2014-06-11,5,1406115,294.969897021174,7.0,20.5,8.0,61.0,0.0,0.0,1.0
2014-06-12,1,1406121,139.828728810289,4.0,19.55,12.0,61.0,0.0,0.0,1.0
2014-06-12,2,1406122,430.923755250979,4.0,19.55,12.0,61.0,0.0,0.0,1.0
2014-06-12,3,1406123,169.739600653923,4.0,19.55,12.0,61.0,0.0,0.0,1.0
2014-06-12,4,1406124,37.4555594997625,4.0,19.55,12.0,61.0,0.0,0.0,1.0
2014-06-12,5,1406125,282.892238886454,4.0,19.55,12.0,61.0,0.0,0.0,1.0
2014-06-13,1,1406131,181.076990157327,7.0,17.45,18.0,21.0,0.0,0.0,1.0
2014-06-13,2,1406132,469.760139519046,7.0,17.45,18.0,21.0,0.0,0.0,1.0
2014-06-13,3,1406133,193.49931955084,7.0,17.45,18.0,21.0,0.0,0.0,1.0
2014-06-13,4,1406134,75.4496723357508,7.0,17.45,18.0,21.0,0.0,0.0,1.0
2014-06-13,5,1406135,340.63697845764,7.0,17.45,18.0,21.0,0.0,0.0,1.0
2014-06-14,1,1406141,198.692957520375,1.0,18.9125,13.0,21.0,0.0,0.0,1.0
2014-06-14,2,1406142,564.16430206382,1.0,18.9125,13.0,21.0,0.0,0.0,1.0
2014-06-14,3,1406143,226.966709069792,1.0,18.9125,13.0,21.0,0.0,0.0,1.0
2014-06-14,4,1406144,63.8372762263068,1.0,18.9125,13.0,21.0,0.0,0.0,1.0
2014-06-14,5,1406145,298.452306538051,1.0,18.9125,13.0,21.0,0.0,0.0,1.0
2014-06-15,1,1406151,54.0249702204705,0.0,19.275,8.0,21.0,0.0,0.0,1.0
2014-06-15,2,1406152,625.464619964173,0.0,19.275,8.0,21.0,0.0,0.0,1.0
2014-06-15,3,1406153,241.106204197457,0.0,19.275,8.0,21.0,0.0,0.0,1.0
2014-06-15,4,1406154,113.198169900375,0.0,19.275,8.0,21.0,0.0,0.0,1.0
2014-06-15,5,1406155,351.284208007361,0.0,19.275,8.0,21.0,0.0,0.0,1.0
2014-06-16,1,1406161,162.607017592405,6.0,18.3125,10.0,0.0,0.0,0.0,1.0
2014-06-16,2,1406162,433.505937817699,6.0,18.3125,10.0,0.0,0.0,0.0,1.0
2014-06-16,3,1406163,172.158776127598,6.0,18.3125,10.0,0.0,0.0,0.0,1.0
2014-06-16,4,1406164,81.5364761006443,6.0,18.3125,10.0,0.0,0.0,0.0,1.0
2014-06-16,5,1406165,265.423252443088,6.0,18.3125,10.0,0.0,0.0,0.0,1.0
2014-06-17,1,1406171,124.562218396083,1.0,20.375,7.0,0.0,0.0,0.0,1.0
2014-06-17,2,1406172,419.651602758868,1.0,20.375,7.0,0.0,0.0,0.0,1.0
2014-06-17,3,1406173,157.995568575297,1.0,20.375,7.0,0.0,0.0,0.0,1.0
2014-06-17,4,1406174,57.1245129570396,1.0,20.375,7.0,0.0,0.0,0.0,1.0
2014-06-17,5,1406175,262.931978223786,1.0,20.375,7.0,0.0,0.0,0.0,1.0
2014-06-18,1,1406181,137.865777862035,3.0,19.3,13.0,0.0,0.0,0.0,1.0
2014-06-18,2,1406182,432.574331239166,3.0,19.3,13.0,0.0,0.0,0.0,1.0
2014-06-18,3,1406183,153.068714255789,3.0,19.3,13.0,0.0,0.0,0.0,1.0
2014-06-18,4,1406184,58.7589360079372,3.0,19.3,13.0,0.0,0.0,0.0,1.0
2014-06-18,5,1406185,370.557182073761,3.0,19.3,13.0,0.0,0.0,0.0,1.0
2014-06-19,1,1406191,129.894799169399,7.0,15.2875,19.0,21.0,0.0,0.0,1.0
2014-06-19,2,1406192,429.955728270914,7.0,15.2875,19.0,21.0,0.0,0.0,1.0
2014-06-19,3,1406193,142.515967193978,7.0,15.2875,19.0,21.0,0.0,0.0,1.0
2014-06-19,4,1406194,88.1859744107587,7.0,15.2875,19.0,21.0,0.0,0.0,1.0
2014-06-19,5,1406195,360.857109541687,7.0,15.2875,19.0,21.0,0.0,0.0,1.0
2014-06-20,1,1406201,175.728748384125,7.0,15.9875,16.0,21.0,0.0,0.0,1.0
2014-06-20,2,1406202,554.710447078857,7.0,15.9875,16.0,21.0,0.0,0.0,1.0
2014-06-20,3,1406203,196.162148829113,7.0,15.9875,16.0,21.0,0.0,0.0,1.0
2014-06-20,4,1406204,53.1800832506312,7.0,15.9875,16.0,21.0,0.0,0.0,1.0
2014-06-20,5,1406205,390.42111753906,7.0,15.9875,16.0,21.0,0.0,0.0,1.0
2014-06-21,1,1406211,162.410672754329,6.0,15.5125,18.0,61.0,1.0,0.0,1.0
2014-06-21,2,1406212,691.302129885254,6.0,15.5125,18.0,61.0,1.0,0.0,1.0
2014-06-21,3,1406213,266.758833683806,6.0,15.5125,18.0,61.0,1.0,0.0,1.0
2014-06-21,4,1406214,55.3784359085427,6.0,15.5125,18.0,61.0,1.0,0.0,1.0
2014-06-21,5,1406215,398.075088856397,6.0,15.5125,18.0,61.0,1.0,0.0,1.0
2014-06-22,1,1406221,99.6276132843513,5.0,15.7,19.0,61.0,1.0,0.0,1.0
2014-06-22,2,1406222,687.127455430513,5.0,15.7,19.0,61.0,1.0,0.0,1.0
2014-06-22,3,1406223,256.961787120751,5.0,15.7,19.0,61.0,1.0,0.0,1.0
2014-06-22,4,1406224,112.87846427577,5.0,15.7,19.0,61.0,1.0,0.0,1.0
2014-06-22,5,1406225,399.756375802425,5.0,15.7,19.0,61.0,1.0,0.0,1.0
2014-06-23,1,1406231,130.997404965594,4.0,16.5,17.0,61.0,1.0,0.0,1.0
2014-06-23,2,1406232,511.714043984716,4.0,16.5,17.0,61.0,1.0,0.0,1.0
2014-06-23,3,1406233,190.742545388738,4.0,16.5,17.0,61.0,1.0,0.0,1.0
2014-06-23,4,1406234,89.1125310007438,4.0,16.5,17.0,61.0,1.0,0.0,1.0
2014-06-23,5,1406235,331.768630064753,4.0,16.5,17.0,61.0,1.0,0.0,1.0
2014-06-24,1,1406241,119.068455962972,7.0,14.3625,7.0,21.0,1.0,0.0,1.0
2014-06-24,2,1406242,508.608322070437,7.0,14.3625,7.0,21.0,1.0,0.0,1.0
2014-06-24,3,1406243,193.611313869673,7.0,14.3625,7.0,21.0,1.0,0.0,1.0
2014-06-24,4,1406244,80.6814437485115,7.0,14.3625,7.0,21.0,1.0,0.0,1.0
2014-06-24,5,1406245,293.582453806941,7.0,14.3625,7.0,21.0,1.0,0.0,1.0
2014-06-25,1,1406251,114.248639971521,0.0,18.4375,10.0,21.0,1.0,0.0,1.0
2014-06-25,2,1406252,517.169259136224,0.0,18.4375,10.0,21.0,1.0,0.0,1.0
2014-06-25,3,1406253,177.06025159912,0.0,18.4375,10.0,21.0,1.0,0.0,1.0
2014-06-25,4,1406254,74.4274080594379,0.0,18.4375,10.0,21.0,1.0,0.0,1.0
2014-06-25,5,1406255,359.294724220182,0.0,18.4375,10.0,21.0,1.0,0.0,1.0
2014-06-26,1,1406261,139.644833904018,6.0,17.575,8.0,63.0,1.0,0.0,1.0
2014-06-26,2,1406262,583.733870024269,6.0,17.575,8.0,63.0,1.0,0.0,1.0
2014-06-26,3,1406263,231.944214454895,6.0,17.575,8.0,63.0,1.0,0.0,1.0
2014-06-26,4,1406264,84.8155438313241,6.0,17.575,8.0,63.0,1.0,0.0,1.0
2014-06-26,5,1406265,379.567358758783,6.0,17.575,8.0,63.0,1.0,0.0,1.0
2014-06-27,1,1406271,149.199619823898,4.0,20.1625,7.0,95.0,1.0,0.0,1.0
2014-06-27,2,1406272,595.204307059367,4.0,20.1625,7.0,95.0,1.0,0.0,1.0
2014-06-27,3,1406273,232.1659297551,4.0,20.1625,7.0,95.0,1.0,0.0,1.0
2014-06-27,4,1406274,65.0878866069292,4.0,20.1625,7.0,95.0,1.0,0.0,1.0
2014-06-27,5,1406275,371.32461993901,4.0,20.1625,7.0,95.0,1.0,0.0,1.0
2014-06-28,1,1406281,234.368963456298,6.0,16.9625,6.0,95.0,1.0,0.0,1.0
2014-06-28,2,1406282,861.858616856627,6.0,16.9625,6.0,95.0,1.0,0.0,1.0
2014-06-28,3,1406283,396.51241111032,6.0,16.9625,6.0,95.0,1.0,0.0,1.0
2014-06-28,4,1406284,105.33599228222,6.0,16.9625,6.0,95.0,1.0,0.0,1.0
2014-06-28,5,1406285,498.133552158124,6.0,16.9625,6.0,95.0,1.0,0.0,1.0
2014-06-29,1,1406291,99.024824945212,7.0,17.3125,8.0,61.0,1.0,0.0,1.0
2014-06-29,2,1406292,770.70069957598,7.0,17.3125,8.0,61.0,1.0,0.0,1.0
2014-06-29,3,1406293,288.960776618001,7.0,17.3125,8.0,61.0,1.0,0.0,1.0
2014-06-29,4,1406294,139.687762195994,7.0,17.3125,8.0,61.0,1.0,0.0,1.0
2014-06-29,5,1406295,316.483478198112,7.0,17.3125,8.0,61.0,1.0,0.0,1.0
2014-06-30,1,1406301,171.873065791742,3.0,18.3375,12.0,61.0,0.0,0.0,1.0
2014-06-30,2,1406302,465.370251192507,3.0,18.3375,12.0,61.0,0.0,0.0,1.0
2014-06-30,3,1406303,199.516734222146,3.0,18.3375,12.0,61.0,0.0,0.0,1.0
2014-06-30,4,1406304,79.3880324911908,3.0,18.3375,12.0,61.0,0.0,0.0,1.0
2014-06-30,5,1406305,265.398277170529,3.0,18.3375,12.0,61.0,0.0,0.0,1.0
2014-07-01,1,1407011,79.4657766414776,6.0,15.6875,14.0,61.0,0.0,0.0,1.0
2014-07-01,2,1407012,394.082975399495,6.0,15.6875,14.0,61.0,0.0,0.0,1.0
2014-07-01,3,1407013,166.483219456976,6.0,15.6875,14.0,61.0,0.0,0.0,1.0
2014-07-01,4,1407014,70.9302793020307,6.0,15.6875,14.0,61.0,0.0,0.0,1.0
2014-07-01,5,1407015,316.146546755302,6.0,15.6875,14.0,61.0,0.0,0.0,1.0
2014-07-02,1,1407021,130.353573545155,6.0,17.1125,15.0,61.0,0.0,0.0,1.0
2014-07-02,2,1407022,409.989815931385,6.0,17.1125,15.0,61.0,0.0,0.0,1.0
2014-07-02,3,1407023,221.64426829774,6.0,17.1125,15.0,61.0,0.0,0.0,1.0
2014-07-02,4,1407024,72.3068065016839,6.0,17.1125,15.0,61.0,0.0,0.0,1.0
2014-07-02,5,1407025,276.124132291078,6.0,17.1125,15.0,61.0,0.0,0.0,1.0
2014-07-03,1,1407031,158.210589058586,7.0,20.4,9.0,61.0,0.0,0.0,1.0
2014-07-03,2,1407032,417.58250524734,7.0,20.4,9.0,61.0,0.0,0.0,1.0
2014-07-03,3,1407033,153.536797218509,7.0,20.4,9.0,61.0,0.0,0.0,1.0
2014-07-03,4,1407034,70.715968983487,7.0,20.4,9.0,61.0,0.0,0.0,1.0
2014-07-03,5,1407035,312.120996437591,7.0,20.4,9.0,61.0,0.0,0.0,1.0
2014-07-04,1,1407041,112.903849016111,0.0,26.9375,10.0,61.0,0.0,0.0,1.0
2014-07-04,2,1407042,438.323208441248,0.0,26.9375,10.0,61.0,0.0,0.0,1.0
2014-07-04,3,1407043,173.627443141051,0.0,26.9375,10.0,61.0,0.0,0.0,1.0
2014-07-04,4,1407044,55.6437295906243,0.0,26.9375,10.0,61.0,0.0,0.0,1.0
2014-07-04,5,1407045,237.179690906075,0.0,26.9375,10.0,61.0,0.0,0.0,1.0
2014-07-05,1,1407051,150.979319145129,6.0,24.5875,10.0,65.0,0.0,0.0,1.0
2014-07-05,2,1407052,576.842941856878,6.0,24.5875,10.0,65.0,0.0,0.0,1.0
2014-07-05,3,1407053,264.250346671558,6.0,24.5875,10.0,65.0,0.0,0.0,1.0
2014-07-05,4,1407054,59.349824147119,6.0,24.5875,10.0,65.0,0.0,0.0,1.0
2014-07-05,5,1407055,266.318604850659,6.0,24.5875,10.0,65.0,0.0,0.0,1.0
2014-07-06,1,1407061,84.8042447667398,5.0,25.2375,6.0,65.0,0.0,0.0,1.0
2014-07-06,2,1407062,538.601505202659,5.0,25.2375,6.0,65.0,0.0,0.0,1.0
2014-07-06,3,1407063,233.465594390411,5.0,25.2375,6.0,65.0,0.0,0.0,1.0
2014-07-06,4,1407064,104.998588236863,5.0,25.2375,6.0,65.0,0.0,0.0,1.0
2014-07-06,5,1407065,328.547948636354,5.0,25.2375,6.0,65.0,0.0,0.0,1.0
2014-07-07,1,1407071,142.241358541915,5.0,20.8,10.0,65.0,0.0,0.0,1.0
2014-07-07,2,1407072,464.435046624119,5.0,20.8,10.0,65.0,0.0,0.0,1.0
2014-07-07,3,1407073,178.249125100998,5.0,20.8,10.0,65.0,0.0,0.0,1.0
2014-07-07,4,1407074,115.213371214749,5.0,20.8,10.0,65.0,0.0,0.0,1.0
2014-07-07,5,1407075,250.701100019096,5.0,20.8,10.0,65.0,0.0,0.0,1.0
2014-07-08,1,1407081,109.606492090567,7.0,19.6,15.0,63.0,0.0,0.0,1.0
2014-07-08,2,1407082,497.86988009808,7.0,19.6,15.0,63.0,0.0,0.0,1.0
2014-07-08,3,1407083,168.649860088863,7.0,19.6,15.0,63.0,0.0,0.0,1.0
2014-07-08,4,1407084,87.6708765599203,7.0,19.6,15.0,63.0,0.0,0.0,1.0
2014-07-08,5,1407085,279.718738861263,7.0,19.6,15.0,63.0,0.0,0.0,1.0
2014-07-09,1,1407091,116.752191041734,0.0,24.65,24.0,5.0,0.0,0.0,1.0
2014-07-09,2,1407092,494.252899710859,0.0,24.65,24.0,5.0,0.0,0.0,1.0
2014-07-09,3,1407093,228.11907513824,0.0,24.65,24.0,5.0,0.0,0.0,1.0
2014-07-09,4,1407094,83.4772394737553,0.0,24.65,24.0,5.0,0.0,0.0,1.0
2014-07-09,5,1407095,307.646493692214,0.0,24.65,24.0,5.0,0.0,0.0,1.0
2014-07-10,1,1407101,132.724706258412,0.0,24.757142,18.0,0.0,0.0,0.0,1.0
2014-07-10,2,1407102,531.353706005132,0.0,24.757142,18.0,0.0,0.0,0.0,1.0
2014-07-10,3,1407103,223.619119116075,0.0,24.757142,18.0,0.0,0.0,0.0,1.0
2014-07-10,4,1407104,63.6686930675012,0.0,24.757142,18.0,0.0,0.0,0.0,1.0
2014-07-10,5,1407105,277.400541216063,0.0,24.757142,18.0,0.0,0.0,0.0,1.0
2014-07-11,1,1407111,180.711513583786,1.0,22.9375,18.0,0.0,0.0,0.0,1.0
2014-07-11,2,1407112,574.876667537715,1.0,22.9375,18.0,0.0,0.0,0.0,1.0
2014-07-11,3,1407113,247.381838869973,1.0,22.9375,18.0,0.0,0.0,0.0,1.0
2014-07-11,4,1407114,72.8643980994303,1.0,22.9375,18.0,0.0,0.0,0.0,1.0
2014-07-11,5,1407115,274.779696075603,1.0,22.9375,18.0,0.0,0.0,0.0,1.0
2014-07-12,1,1407121,142.331090508761,0.0,20.375,12.0,0.0,0.0,0.0,1.0
2014-07-12,2,1407122,668.279669936841,0.0,20.375,12.0,0.0,0.0,0.0,1.0
2014-07-12,3,1407123,320.066241689833,0.0,20.375,12.0,0.0,0.0,0.0,1.0
2014-07-12,4,1407124,56.7325859363001,0.0,20.375,12.0,0.0,0.0,0.0,1.0
2014-07-12,5,1407125,325.712408475341,0.0,20.375,12.0,0.0,0.0,0.0,1.0
2014-07-13,1,1407131,80.4531140833734,7.0,18.6,10.0,61.0,0.0,0.0,1.0
2014-07-13,2,1407132,755.585190097404,7.0,18.6,10.0,61.0,0.0,0.0,1.0
2014-07-13,3,1407133,273.940757145142,7.0,18.6,10.0,61.0,0.0,0.0,1.0
2014-07-13,4,1407134,140.534826137305,7.0,18.6,10.0,61.0,0.0,0.0,1.0
2014-07-13,5,1407135,354.517887131991,7.0,18.6,10.0,61.0,0.0,0.0,1.0
2014-07-14,1,1407141,153.698550894933,7.0,19.45,15.0,63.0,0.0,1.0,1.0
2014-07-14,2,1407142,549.516511042481,7.0,19.45,15.0,63.0,0.0,1.0,1.0
2014-07-14,3,1407143,253.553728025097,7.0,19.45,15.0,63.0,0.0,1.0,1.0
2014-07-14,4,1407144,80.7491612883671,7.0,19.45,15.0,63.0,0.0,1.0,1.0
2014-07-14,5,1407145,271.315673214406,7.0,19.45,15.0,63.0,0.0,1.0,1.0
2014-07-15,1,1407151,157.385041577792,6.0,22.2625,9.0,63.0,0.0,1.0,1.0
2014-07-15,2,1407152,544.627684283587,6.0,22.2625,9.0,63.0,0.0,1.0,1.0
2014-07-15,3,1407153,264.734551298798,6.0,22.2625,9.0,63.0,0.0,1.0,1.0
2014-07-15,4,1407154,60.3757248213977,6.0,22.2625,9.0,63.0,0.0,1.0,1.0
2014-07-15,5,1407155,314.481770581967,6.0,22.2625,9.0,63.0,0.0,1.0,1.0
2014-07-16,1,1407161,158.680478444563,6.0,19.4125,7.0,63.0,0.0,1.0,1.0
2014-07-16,2,1407162,558.201351317468,6.0,19.4125,7.0,63.0,0.0,1.0,1.0
2014-07-16,3,1407163,293.549360397151,6.0,19.4125,7.0,63.0,0.0,1.0,1.0
2014-07-16,4,1407164,75.7094617154365,6.0,19.4125,7.0,63.0,0.0,1.0,1.0
2014-07-16,5,1407165,323.632670176317,6.0,19.4125,7.0,63.0,0.0,1.0,1.0
2014-07-17,1,1407171,160.5229296933,4.0,22.7625,7.0,63.0,0.0,1.0,1.0
2014-07-17,2,1407172,601.547500290008,4.0,22.7625,7.0,63.0,0.0,1.0,1.0
2014-07-17,3,1407173,279.755391379459,4.0,22.7625,7.0,63.0,0.0,1.0,1.0
2014-07-17,4,1407174,44.5837021456503,4.0,22.7625,7.0,63.0,0.0,1.0,1.0
2014-07-17,5,1407175,290.371931596416,4.0,22.7625,7.0,63.0,0.0,1.0,1.0
2014-07-18,1,1407181,119.811042532772,1.0,26.05,10.0,63.0,0.0,1.0,1.0
2014-07-18,2,1407182,611.760795891468,1.0,26.05,10.0,63.0,0.0,1.0,1.0
2014-07-18,3,1407183,320.693452457975,1.0,26.05,10.0,63.0,0.0,1.0,1.0
2014-07-18,4,1407184,65.1758893086205,1.0,26.05,10.0,63.0,0.0,1.0,1.0
2014-07-18,5,1407185,279.606579712619,1.0,26.05,10.0,63.0,0.0,1.0,1.0
2014-07-19,1,1407191,144.785544515647,0.0,28.0625,13.0,63.0,0.0,1.0,1.0
2014-07-19,2,1407192,758.007682186119,0.0,28.0625,13.0,63.0,0.0,1.0,1.0
2014-07-19,3,1407193,366.459562323487,0.0,28.0625,13.0,63.0,0.0,1.0,1.0
2014-07-19,4,1407194,63.9396602318238,0.0,28.0625,13.0,63.0,0.0,1.0,1.0
2014-07-19,5,1407195,305.406505596481,0.0,28.0625,13.0,63.0,0.0,1.0,1.0
2014-07-20,1,1407201,111.990298336233,3.0,24.3125,15.0,63.0,0.0,1.0,1.0
2014-07-20,2,1407202,780.884234750352,3.0,24.3125,15.0,63.0,0.0,1.0,1.0
2014-07-20,3,1407203,339.902049984209,3.0,24.3125,15.0,63.0,0.0,1.0,1.0
2014-07-20,4,1407204,113.342961427795,3.0,24.3125,15.0,63.0,0.0,1.0,1.0
2014-07-20,5,1407205,365.530435169498,3.0,24.3125,15.0,63.0,0.0,1.0,1.0
2014-07-21,1,1407211,137.703002341753,0.0,23.4875,19.0,5.0,0.0,1.0,1.0
2014-07-21,2,1407212,603.860645292956,0.0,23.4875,19.0,5.0,0.0,1.0,1.0
2014-07-21,3,1407213,229.035975623008,0.0,23.4875,19.0,5.0,0.0,1.0,1.0
2014-07-21,4,1407214,74.3176175346207,0.0,23.4875,19.0,5.0,0.0,1.0,1.0
2014-07-21,5,1407215,384.722754951842,0.0,23.4875,19.0,5.0,0.0,1.0,1.0
2014-07-22,1,1407221,152.134170467115,0.0,24.9875,14.0,5.0,0.0,1.0,1.0
2014-07-22,2,1407222,613.026582121477,0.0,24.9875,14.0,5.0,0.0,1.0,1.0
2014-07-22,3,1407223,242.55244395064,0.0,24.9875,14.0,5.0,0.0,1.0,1.0
2014-07-22,4,1407224,64.3379713508066,0.0,24.9875,14.0,5.0,0.0,1.0,1.0
2014-07-22,5,1407225,288.485320151671,0.0,24.9875,14.0,5.0,0.0,1.0,1.0
2014-07-23,1,1407231,144.39193026197,0.0,25.0,14.0,5.0,0.0,1.0,1.0
2014-07-23,2,1407232,588.604501791308,0.0,25.0,14.0,5.0,0.0,1.0,1.0
2014-07-23,3,1407233,287.633615174458,0.0,25.0,14.0,5.0,0.0,1.0,1.0
2014-07-23,4,1407234,62.0133222629487,0.0,25.0,14.0,5.0,0.0,1.0,1.0
2014-07-23,5,1407235,299.975419228409,0.0,25.0,14.0,5.0,0.0,1.0,1.0
2014-07-24,1,1407241,163.309889093623,0.0,24.8375,11.0,5.0,0.0,1.0,1.0
2014-07-24,2,1407242,571.880975843334,0.0,24.8375,11.0,5.0,0.0,1.0,1.0
2014-07-24,3,1407243,299.289482451215,0.0,24.8375,11.0,5.0,0.0,1.0,1.0
2014-07-24,4,1407244,55.5812697700574,0.0,24.8375,11.0,5.0,0.0,1.0,1.0
2014-07-24,5,1407245,285.813397183365,0.0,24.8375,11.0,5.0,0.0,1.0,1.0
2014-07-25,1,1407251,145.131799090901,0.0,26.325,18.0,5.0,0.0,1.0,1.0
2014-07-25,2,1407252,570.629898893856,0.0,26.325,18.0,5.0,0.0,1.0,1.0
2014-07-25,3,1407253,272.241080478593,0.0,26.325,18.0,5.0,0.0,1.0,1.0
2014-07-25,4,1407254,72.4700702140274,0.0,26.325,18.0,5.0,0.0,1.0,1.0
2014-07-25,5,1407255,310.380470201733,0.0,26.325,18.0,5.0,0.0,1.0,1.0
2014-07-26,1,1407261,171.321523510186,6.0,22.375,10.0,21.0,0.0,1.0,1.0
2014-07-26,2,1407262,685.499474554993,6.0,22.375,10.0,21.0,0.0,1.0,1.0
2014-07-26,3,1407263,325.575890999292,6.0,22.375,10.0,21.0,0.0,1.0,1.0
2014-07-26,4,1407264,54.4785321030328,6.0,22.375,10.0,21.0,0.0,1.0,1.0
2014-07-26,5,1407265,318.191645962586,6.0,22.375,10.0,21.0,0.0,1.0,1.0
2014-07-27,1,1407271,90.1816334935297,3.0,25.55,12.0,21.0,0.0,1.0,1.0
2014-07-27,2,1407272,782.178370436687,3.0,25.55,12.0,21.0,0.0,1.0,1.0
2014-07-27,3,1407273,336.702952875535,3.0,25.55,12.0,21.0,0.0,1.0,1.0
2014-07-27,4,1407274,130.342134846199,3.0,25.55,12.0,21.0,0.0,1.0,1.0
2014-07-27,5,1407275,360.072361763218,3.0,25.55,12.0,21.0,0.0,1.0,1.0
2014-07-28,1,1407281,157.813837411395,0.0,24.7625,7.0,21.0,0.0,1.0,1.0
2014-07-28,2,1407282,630.170881828104,0.0,24.7625,7.0,21.0,0.0,1.0,1.0
2014-07-28,3,1407283,288.502420604966,0.0,24.7625,7.0,21.0,0.0,1.0,1.0
2014-07-28,4,1407284,68.3374949476673,0.0,24.7625,7.0,21.0,0.0,1.0,1.0
2014-07-28,5,1407285,309.221736704548,0.0,24.7625,7.0,21.0,0.0,1.0,1.0
2014-07-29,1,1407291,144.455051194281,0.0,25.35,10.0,21.0,0.0,1.0,1.0
2014-07-29,2,1407292,613.206800202833,0.0,25.35,10.0,21.0,0.0,1.0,1.0
2014-07-29,3,1407293,287.894788588307,0.0,25.35,10.0,21.0,0.0,1.0,1.0
2014-07-29,4,1407294,89.7377834900339,0.0,25.35,10.0,21.0,0.0,1.0,1.0
2014-07-29,5,1407295,324.42755442785,0.0,25.35,10.0,21.0,0.0,1.0,1.0
2014-07-30,1,1407301,137.868369774792,6.0,22.925,12.0,21.0,0.0,1.0,1.0
2014-07-30,2,1407302,621.013463682731,6.0,22.925,12.0,21.0,0.0,1.0,1.0
2014-07-30,3,1407303,322.875881063173,6.0,22.925,12.0,21.0,0.0,1.0,1.0
2014-07-30,4,1407304,,6.0,22.925,12.0,21.0,0.0,1.0,1.0
2014-07-30,5,1407305,315.984826379323,6.0,22.925,12.0,21.0,0.0,1.0,1.0
2014-07-31,1,1407311,174.333709830106,3.0,22.4375,12.0,21.0,0.0,1.0,1.0
2014-07-31,2,1407312,600.50135887024,3.0,22.4375,12.0,21.0,0.0,1.0,1.0
2014-07-31,3,1407313,309.079343268278,3.0,22.4375,12.0,21.0,0.0,1.0,1.0
2014-07-31,4,1407314,,3.0,22.4375,12.0,21.0,0.0,1.0,1.0
2014-07-31,5,1407315,342.682103904377,3.0,22.4375,12.0,21.0,0.0,1.0,1.0
2014-08-01,1,1408011,153.966193788182,1.0,26.725,8.0,21.0,0.0,1.0,1.0
2014-08-01,2,1408012,607.946169858661,1.0,26.725,8.0,21.0,0.0,1.0,1.0
2014-08-01,3,1408013,319.500774930285,1.0,26.725,8.0,21.0,0.0,1.0,1.0
2014-08-01,4,1408014,55.4922004171488,1.0,26.725,8.0,21.0,0.0,1.0,1.0
2014-08-01,5,1408015,338.081748886164,1.0,26.725,8.0,21.0,0.0,1.0,1.0
2014-08-02,1,1408021,189.444073316264,2.0,26.0875,12.0,21.0,0.0,1.0,1.0
2014-08-02,2,1408022,792.653007246797,2.0,26.0875,12.0,21.0,0.0,1.0,1.0
2014-08-02,3,1408023,371.317889627818,2.0,26.0875,12.0,21.0,0.0,1.0,1.0
2014-08-02,4,1408024,71.2444851718065,2.0,26.0875,12.0,21.0,0.0,1.0,1.0
2014-08-02,5,1408025,366.861495444026,2.0,26.0875,12.0,21.0,0.0,1.0,1.0
2014-08-03,1,1408031,75.380692980006,5.0,23.0875,9.0,63.0,0.0,1.0,1.0
2014-08-03,2,1408032,771.25128183175,5.0,23.0875,9.0,63.0,0.0,1.0,1.0
2014-08-03,3,1408033,343.43792282254,5.0,23.0875,9.0,63.0,0.0,1.0,1.0
2014-08-03,4,1408034,100.964636640682,5.0,23.0875,9.0,63.0,0.0,1.0,1.0
2014-08-03,5,1408035,290.009691273793,5.0,23.0875,9.0,63.0,0.0,1.0,1.0
2014-08-04,1,1408041,190.631341627449,6.0,22.5125,8.0,63.0,0.0,1.0,1.0
2014-08-04,2,1408042,698.072698306791,6.0,22.5125,8.0,63.0,0.0,1.0,1.0
2014-08-04,3,1408043,297.367760654552,6.0,22.5125,8.0,63.0,0.0,1.0,1.0
2014-08-04,4,1408044,79.889568584304,6.0,22.5125,8.0,63.0,0.0,1.0,1.0
2014-08-04,5,1408045,316.777899859372,6.0,22.5125,8.0,63.0,0.0,1.0,1.0
2014-08-05,1,1408051,158.481203915988,5.0,23.0875,10.0,63.0,0.0,1.0,1.0
2014-08-05,2,1408052,686.651118672334,5.0,23.0875,10.0,63.0,0.0,1.0,1.0
2014-08-05,3,1408053,368.177763746686,5.0,23.0875,10.0,63.0,0.0,1.0,1.0
2014-08-05,4,1408054,,5.0,23.0875,10.0,63.0,0.0,1.0,1.0
2014-08-05,5,1408055,309.373113154504,5.0,23.0875,10.0,63.0,0.0,1.0,1.0
2014-08-06,1,1408061,140.003286627353,0.0,22.825,10.0,63.0,0.0,1.0,1.0
2014-08-06,2,1408062,716.477063899978,0.0,22.825,10.0,63.0,0.0,1.0,1.0
2014-08-06,3,1408063,445.601241556296,0.0,22.825,10.0,63.0,0.0,1.0,1.0
2014-08-06,4,1408064,97.1130711484701,0.0,22.825,10.0,63.0,0.0,1.0,1.0
2014-08-06,5,1408065,319.569141755667,0.0,22.825,10.0,63.0,0.0,1.0,1.0
2014-08-07,1,1408071,172.493580385229,7.0,20.3125,6.0,61.0,0.0,1.0,1.0
2014-08-07,2,1408072,716.105540961349,7.0,20.3125,6.0,61.0,0.0,1.0,1.0
2014-08-07,3,1408073,369.463319760391,7.0,20.3125,6.0,61.0,0.0,1.0,1.0
2014-08-07,4,1408074,47.3199692188423,7.0,20.3125,6.0,61.0,0.0,1.0,1.0
2014-08-07,5,1408075,368.694685994019,7.0,20.3125,6.0,61.0,0.0,1.0,1.0
2014-08-08,1,1408081,194.226703064487,3.0,22.725,8.0,61.0,0.0,1.0,1.0
2014-08-08,2,1408082,758.990490310671,3.0,22.725,8.0,61.0,0.0,1.0,1.0
2014-08-08,3,1408083,403.367070559787,3.0,22.725,8.0,61.0,0.0,1.0,1.0
2014-08-08,4,1408084,,3.0,22.725,8.0,61.0,0.0,1.0,1.0
2014-08-08,5,1408085,381.207188610429,3.0,22.725,8.0,61.0,0.0,1.0,1.0
2014-08-09,1,1408091,216.790146013299,6.0,20.1,17.0,61.0,0.0,1.0,1.0
2014-08-09,2,1408092,874.906746085002,6.0,20.1,17.0,61.0,0.0,1.0,1.0
2014-08-09,3,1408093,421.552973897958,6.0,20.1,17.0,61.0,0.0,1.0,1.0
2014-08-09,4,1408094,,6.0,20.1,17.0,61.0,0.0,1.0,1.0
2014-08-09,5,1408095,445.026634851619,6.0,20.1,17.0,61.0,0.0,1.0,1.0
2014-08-10,1,1408101,98.5919510239083,6.0,23.1,12.0,61.0,0.0,1.0,1.0
2014-08-10,2,1408102,745.259273774263,6.0,23.1,12.0,61.0,0.0,1.0,1.0
2014-08-10,3,1408103,361.157964082022,6.0,23.1,12.0,61.0,0.0,1.0,1.0
2014-08-10,4,1408104,151.093936302627,6.0,23.1,12.0,61.0,0.0,1.0,1.0
2014-08-10,5,1408105,381.081855640357,6.0,23.1,12.0,61.0,0.0,1.0,1.0
2014-08-11,1,1408111,186.843287518034,4.0,20.075,13.0,21.0,0.0,1.0,1.0
2014-08-11,2,1408112,653.868277321944,4.0,20.075,13.0,21.0,0.0,1.0,1.0
2014-08-11,3,1408113,333.672393288692,4.0,20.075,13.0,21.0,0.0,1.0,1.0
2014-08-11,4,1408114,91.1963472550968,4.0,20.075,13.0,21.0,0.0,1.0,1.0
2014-08-11,5,1408115,330.315799401244,4.0,20.075,13.0,21.0,0.0,1.0,1.0
2014-08-12,1,1408121,155.633056469153,5.0,16.9125,12.0,95.0,0.0,1.0,1.0
2014-08-12,2,1408122,664.240810149929,5.0,16.9125,12.0,95.0,0.0,1.0,1.0
2014-08-12,3,1408123,358.729401264242,5.0,16.9125,12.0,95.0,0.0,1.0,1.0
2014-08-12,4,1408124,63.2167591821066,5.0,16.9125,12.0,95.0,0.0,1.0,1.0
2014-08-12,5,1408125,334.42905626527,5.0,16.9125,12.0,95.0,0.0,1.0,1.0
2014-08-13,1,1408131,129.960879412869,2.0,20.9375,10.0,95.0,0.0,1.0,1.0
2014-08-13,2,1408132,677.282564266312,2.0,20.9375,10.0,95.0,0.0,1.0,1.0
2014-08-13,3,1408133,333.616342702918,2.0,20.9375,10.0,95.0,0.0,1.0,1.0
2014-08-13,4,1408134,76.235138727592,2.0,20.9375,10.0,95.0,0.0,1.0,1.0
2014-08-13,5,1408135,410.801127074541,2.0,20.9375,10.0,95.0,0.0,1.0,1.0
2014-08-14,1,1408141,162.312059256018,7.0,18.05,10.0,65.0,0.0,1.0,1.0
2014-08-14,2,1408142,678.815717852276,7.0,18.05,10.0,65.0,0.0,1.0,1.0
2014-08-14,3,1408143,339.910400493007,7.0,18.05,10.0,65.0,0.0,1.0,1.0
2014-08-14,4,1408144,57.2280256624507,7.0,18.05,10.0,65.0,0.0,1.0,1.0
2014-08-14,5,1408145,355.666119942456,7.0,18.05,10.0,65.0,0.0,1.0,1.0
2014-08-15,1,1408151,232.668688554884,6.0,18.3625,8.0,61.0,0.0,1.0,1.0
2014-08-15,2,1408152,693.284904927365,6.0,18.3625,8.0,61.0,0.0,1.0,1.0
2014-08-15,3,1408153,335.82007347829,6.0,18.3625,8.0,61.0,0.0,1.0,1.0
2014-08-15,4,1408154,87.458687582647,6.0,18.3625,8.0,61.0,0.0,1.0,1.0
2014-08-15,5,1408155,387.526085659007,6.0,18.3625,8.0,61.0,0.0,1.0,1.0
2014-08-16,1,1408161,229.321098599377,6.0,17.2,15.0,61.0,0.0,1.0,1.0
2014-08-16,2,1408162,799.707903247338,6.0,17.2,15.0,61.0,0.0,1.0,1.0
2014-08-16,3,1408163,398.439701504847,6.0,17.2,15.0,61.0,0.0,1.0,1.0
2014-08-16,4,1408164,72.4171950384352,6.0,17.2,15.0,61.0,0.0,1.0,1.0
2014-08-16,5,1408165,434.075054526158,6.0,17.2,15.0,61.0,0.0,1.0,1.0
2014-08-17,1,1408171,,7.0,15.65,13.0,61.0,0.0,1.0,1.0
2014-08-17,2,1408172,,7.0,15.65,13.0,61.0,0.0,1.0,1.0
2014-08-17,3,1408173,,7.0,15.65,13.0,61.0,0.0,1.0,1.0
2014-08-17,4,1408174,,7.0,15.65,13.0,61.0,0.0,1.0,1.0
2014-08-17,5,1408175,,7.0,15.65,13.0,61.0,0.0,1.0,1.0
2014-08-18,1,1408181,204.943578961263,6.0,15.2,15.0,61.0,0.0,1.0,1.0
2014-08-18,2,1408182,764.810921387808,6.0,15.2,15.0,61.0,0.0,1.0,1.0
2014-08-18,3,1408183,452.006265844125,6.0,15.2,15.0,61.0,0.0,1.0,1.0
2014-08-18,4,1408184,142.146441343042,6.0,15.2,15.0,61.0,0.0,1.0,1.0
2014-08-18,5,1408185,556.679926797148,6.0,15.2,15.0,61.0,0.0,1.0,1.0
2014-08-19,1,1408191,157.516513226105,6.0,14.0875,12.0,61.0,0.0,1.0,1.0
2014-08-19,2,1408192,628.966445772187,6.0,14.0875,12.0,61.0,0.0,1.0,1.0
2014-08-19,3,1408193,292.31803993042,6.0,14.0875,12.0,61.0,0.0,1.0,1.0
2014-08-19,4,1408194,57.8173464999656,6.0,14.0875,12.0,61.0,0.0,1.0,1.0
2014-08-19,5,1408195,346.554678770709,6.0,14.0875,12.0,61.0,0.0,1.0,1.0
2014-08-20,1,1408201,175.194857952978,5.0,15.675,17.0,21.0,0.0,1.0,1.0
2014-08-20,2,1408202,643.938175647555,5.0,15.675,17.0,21.0,0.0,1.0,1.0
2014-08-20,3,1408203,266.702414649788,5.0,15.675,17.0,21.0,0.0,1.0,1.0
2014-08-20,4,1408204,79.2795151180945,5.0,15.675,17.0,21.0,0.0,1.0,1.0
2014-08-20,5,1408205,357.682821176506,5.0,15.675,17.0,21.0,0.0,1.0,1.0
2014-08-21,1,1408211,177.59614021373,5.0,16.2625,11.0,21.0,0.0,1.0,1.0
2014-08-21,2,1408212,619.405496973352,5.0,16.2625,11.0,21.0,0.0,1.0,1.0
2014-08-21,3,1408213,328.98244802647,5.0,16.2625,11.0,21.0,0.0,1.0,1.0
2014-08-21,4,1408214,129.380176748505,5.0,16.2625,11.0,21.0,0.0,1.0,1.0
2014-08-21,5,1408215,344.591031316145,5.0,16.2625,11.0,21.0,0.0,1.0,1.0
2014-08-22,1,1408221,196.422158119718,7.0,16.325,12.0,61.0,0.0,1.0,1.0
2014-08-22,2,1408222,648.097075152002,7.0,16.325,12.0,61.0,0.0,1.0,1.0
2014-08-22,3,1408223,327.903442796523,7.0,16.325,12.0,61.0,0.0,1.0,1.0
2014-08-22,4,1408224,141.593761741229,7.0,16.325,12.0,61.0,0.0,1.0,1.0
2014-08-22,5,1408225,379.972535118436,7.0,16.325,12.0,61.0,0.0,1.0,1.0
2014-08-23,1,1408231,226.633053661476,4.0,15.9875,11.0,21.0,0.0,1.0,1.0
2014-08-23,2,1408232,811.164148879375,4.0,15.9875,11.0,21.0,0.0,1.0,1.0
2014-08-23,3,1408233,436.061018707048,4.0,15.9875,11.0,21.0,0.0,1.0,1.0
2014-08-23,4,1408234,83.6088309577645,4.0,15.9875,11.0,21.0,0.0,1.0,1.0
2014-08-23,5,1408235,417.463006841929,4.0,15.9875,11.0,21.0,0.0,1.0,1.0
2014-08-24,1,1408241,151.925968486667,3.0,16.3125,20.0,21.0,0.0,0.0,1.0
2014-08-24,2,1408242,861.503164156281,3.0,16.3125,20.0,21.0,0.0,0.0,1.0
2014-08-24,3,1408243,363.974117037647,3.0,16.3125,20.0,21.0,0.0,0.0,1.0
2014-08-24,4,1408244,153.573168857594,3.0,16.3125,20.0,21.0,0.0,0.0,1.0
2014-08-24,5,1408245,458.285490286472,3.0,16.3125,20.0,21.0,0.0,0.0,1.0
2014-08-25,1,1408251,202.245341655226,5.0,14.7875,13.0,65.0,0.0,0.0,1.0
2014-08-25,2,1408252,453.730646773893,5.0,14.7875,13.0,65.0,0.0,0.0,1.0
2014-08-25,3,1408253,253.32067905636,5.0,14.7875,13.0,65.0,0.0,0.0,1.0
2014-08-25,4,1408254,86.6579211950299,5.0,14.7875,13.0,65.0,0.0,0.0,1.0
2014-08-25,5,1408255,261.569599386496,5.0,14.7875,13.0,65.0,0.0,0.0,1.0
2014-08-26,1,1408261,143.842260185182,3.0,17.325,7.0,65.0,0.0,0.0,1.0
2014-08-26,2,1408262,468.647046949547,3.0,17.325,7.0,65.0,0.0,0.0,1.0
2014-08-26,3,1408263,212.353122239622,3.0,17.325,7.0,65.0,0.0,0.0,1.0
2014-08-26,4,1408264,64.7300809868511,3.0,17.325,7.0,65.0,0.0,0.0,1.0
2014-08-26,5,1408265,297.826898355689,3.0,17.325,7.0,65.0,0.0,0.0,1.0
2014-08-27,1,1408271,141.124540763453,1.0,19.875,9.0,65.0,0.0,0.0,1.0
2014-08-27,2,1408272,552.631235154782,1.0,19.875,9.0,65.0,0.0,0.0,1.0
2014-08-27,3,1408273,203.47656887381,1.0,19.875,9.0,65.0,0.0,0.0,1.0
2014-08-27,4,1408274,91.7596012818803,1.0,19.875,9.0,65.0,0.0,0.0,1.0
2014-08-27,5,1408275,357.732101208972,1.0,19.875,9.0,65.0,0.0,0.0,1.0
2014-08-28,1,1408281,147.59794847913,0.0,19.75,9.0,0.0,0.0,0.0,1.0
2014-08-28,2,1408282,531.716288092032,0.0,19.75,9.0,0.0,0.0,0.0,1.0
2014-08-28,3,1408283,251.865349600569,0.0,19.75,9.0,0.0,0.0,0.0,1.0
2014-08-28,4,1408284,62.5912389709587,0.0,19.75,9.0,0.0,0.0,0.0,1.0
2014-08-28,5,1408285,279.80996962599,0.0,19.75,9.0,0.0,0.0,0.0,1.0
2014-08-29,1,1408291,119.001507763099,5.0,19.125,12.0,63.0,0.0,0.0,1.0
2014-08-29,2,1408292,523.697281303577,5.0,19.125,12.0,63.0,0.0,0.0,1.0
2014-08-29,3,1408293,256.780128275747,5.0,19.125,12.0,63.0,0.0,0.0,1.0
2014-08-29,4,1408294,82.0627400312176,5.0,19.125,12.0,63.0,0.0,0.0,1.0
2014-08-29,5,1408295,287.276593971779,5.0,19.125,12.0,63.0,0.0,0.0,1.0
2014-08-30,1,1408301,162.81504486744,7.0,17.75,9.0,61.0,0.0,0.0,1.0
2014-08-30,2,1408302,663.358329683797,7.0,17.75,9.0,61.0,0.0,0.0,1.0
2014-08-30,3,1408303,295.555330754378,7.0,17.75,9.0,61.0,0.0,0.0,1.0
2014-08-30,4,1408304,73.6875276947211,7.0,17.75,9.0,61.0,0.0,0.0,1.0
2014-08-30,5,1408305,308.207385097927,7.0,17.75,9.0,61.0,0.0,0.0,1.0
2014-08-31,1,1408311,136.994199378168,7.0,16.375,8.0,21.0,0.0,0.0,1.0
2014-08-31,2,1408312,636.485647070072,7.0,16.375,8.0,21.0,0.0,0.0,1.0
2014-08-31,3,1408313,253.800184477715,7.0,16.375,8.0,21.0,0.0,0.0,1.0
2014-08-31,4,1408314,173.204821790261,7.0,16.375,8.0,21.0,0.0,0.0,1.0
2014-08-31,5,1408315,399.571169014924,7.0,16.375,8.0,21.0,0.0,0.0,1.0
2014-09-01,1,1409011,192.583927536972,7.0,17.875,12.0,61.0,0.0,0.0,1.0
2014-09-01,2,1409012,482.354587353566,7.0,17.875,12.0,61.0,0.0,0.0,1.0
2014-09-01,3,1409013,226.543273328489,7.0,17.875,12.0,61.0,0.0,0.0,1.0
2014-09-01,4,1409014,,7.0,17.875,12.0,61.0,0.0,0.0,1.0
2014-09-01,5,1409015,295.524396420605,7.0,17.875,12.0,61.0,0.0,0.0,1.0
2014-09-02,1,1409021,93.4032112729648,2.0,18.375,13.0,61.0,0.0,0.0,1.0
2014-09-02,2,1409022,458.402237519055,2.0,18.375,13.0,61.0,0.0,0.0,1.0
2014-09-02,3,1409023,240.285480333537,2.0,18.375,13.0,61.0,0.0,0.0,1.0
2014-09-02,4,1409024,57.3142573687701,2.0,18.375,13.0,61.0,0.0,0.0,1.0
2014-09-02,5,1409025,288.614038229533,2.0,18.375,13.0,61.0,0.0,0.0,1.0
2014-09-03,1,1409031,128.100882145258,2.0,18.75,13.0,61.0,0.0,0.0,1.0
2014-09-03,2,1409032,472.100194205842,2.0,18.75,13.0,61.0,0.0,0.0,1.0
2014-09-03,3,1409033,234.738745605959,2.0,18.75,13.0,61.0,0.0,0.0,1.0
2014-09-03,4,1409034,87.8687082235248,2.0,18.75,13.0,61.0,0.0,0.0,1.0
2014-09-03,5,1409035,318.657254851078,2.0,18.75,13.0,61.0,0.0,0.0,1.0
2014-09-04,1,1409041,118.732274802375,0.0,20.0,15.0,61.0,0.0,0.0,1.0
2014-09-04,2,1409042,450.131647250312,0.0,20.0,15.0,61.0,0.0,0.0,1.0
2014-09-04,3,1409043,223.143360976669,0.0,20.0,15.0,61.0,0.0,0.0,1.0
2014-09-04,4,1409044,72.2598802255058,0.0,20.0,15.0,61.0,0.0,0.0,1.0
2014-09-04,5,1409045,375.152423879348,0.0,20.0,15.0,61.0,0.0,0.0,1.0
2014-09-05,1,1409051,168.798990410438,2.0,21.375,10.0,61.0,0.0,0.0,1.0
2014-09-05,2,1409052,486.120366811752,2.0,21.375,10.0,61.0,0.0,0.0,1.0
2014-09-05,3,1409053,207.795889822214,2.0,21.375,10.0,61.0,0.0,0.0,1.0
2014-09-05,4,1409054,100.039080697173,2.0,21.375,10.0,61.0,0.0,0.0,1.0
2014-09-05,5,1409055,414.188447957927,2.0,21.375,10.0,61.0,0.0,0.0,1.0
2014-09-06,1,1409061,165.47761720592,2.0,24.0,5.0,61.0,0.0,0.0,1.0
2014-09-06,2,1409062,631.796059601553,2.0,24.0,5.0,61.0,0.0,0.0,1.0
2014-09-06,3,1409063,250.55328368274,2.0,24.0,5.0,61.0,0.0,0.0,1.0
2014-09-06,4,1409064,81.5506858317984,2.0,24.0,5.0,61.0,0.0,0.0,1.0
2014-09-06,5,1409065,379.478163301917,2.0,24.0,5.0,61.0,0.0,0.0,1.0
2014-09-07,1,1409071,48.9648440975496,5.0,20.0,6.0,21.0,0.0,0.0,1.0
2014-09-07,2,1409072,611.729474874284,5.0,20.0,6.0,21.0,0.0,0.0,1.0
2014-09-07,3,1409073,268.503120177705,5.0,20.0,6.0,21.0,0.0,0.0,1.0
2014-09-07,4,1409074,121.70644713533,5.0,20.0,6.0,21.0,0.0,0.0,1.0
2014-09-07,5,1409075,305.32143010071,5.0,20.0,6.0,21.0,0.0,0.0,1.0
2014-09-08,1,1409081,177.361261107402,4.0,17.375,12.0,21.0,0.0,0.0,1.0
2014-09-08,2,1409082,362.94350360382,4.0,17.375,12.0,21.0,0.0,0.0,1.0
2014-09-08,3,1409083,181.481306520206,4.0,17.375,12.0,21.0,0.0,0.0,1.0
2014-09-08,4,1409084,76.831488372097,4.0,17.375,12.0,21.0,0.0,0.0,1.0
2014-09-08,5,1409085,235.073802916373,4.0,17.375,12.0,21.0,0.0,0.0,1.0
2014-09-09,1,1409091,128.017374563252,6.0,17.125,16.0,63.0,0.0,0.0,1.0
2014-09-09,2,1409092,417.309647321288,6.0,17.125,16.0,63.0,0.0,0.0,1.0
2014-09-09,3,1409093,194.812556589498,6.0,17.125,16.0,63.0,0.0,0.0,1.0
2014-09-09,4,1409094,44.9555309113161,6.0,17.125,16.0,63.0,0.0,0.0,1.0
2014-09-09,5,1409095,293.590296834253,6.0,17.125,16.0,63.0,0.0,0.0,1.0
2014-09-10,1,1409101,173.546299647139,2.0,18.625,12.0,63.0,0.0,0.0,1.0
2014-09-10,2,1409102,400.83119972293,2.0,18.625,12.0,63.0,0.0,0.0,1.0
2014-09-10,3,1409103,166.415961416606,2.0,18.625,12.0,63.0,0.0,0.0,1.0
2014-09-10,4,1409104,,2.0,18.625,12.0,63.0,0.0,0.0,1.0
2014-09-10,5,1409105,300.968840698784,2.0,18.625,12.0,63.0,0.0,0.0,1.0
2014-09-11,1,1409111,165.169051552497,4.0,17.375,13.0,63.0,0.0,0.0,1.0
2014-09-11,2,1409112,438.949019339398,4.0,17.375,13.0,63.0,0.0,0.0,1.0
2014-09-11,3,1409113,160.69566581164,4.0,17.375,13.0,63.0,0.0,0.0,1.0
2014-09-11,4,1409114,85.1686827007037,4.0,17.375,13.0,63.0,0.0,0.0,1.0
2014-09-11,5,1409115,279.576229303086,4.0,17.375,13.0,63.0,0.0,0.0,1.0
2014-09-12,1,1409121,130.3659563908,1.0,18.25,11.0,63.0,0.0,0.0,1.0
2014-09-12,2,1409122,394.097063724273,1.0,18.25,11.0,63.0,0.0,0.0,1.0
2014-09-12,3,1409123,163.496291050293,1.0,18.25,11.0,63.0,0.0,0.0,1.0
2014-09-12,4,1409124,86.8549239870084,1.0,18.25,11.0,63.0,0.0,0.0,1.0
2014-09-12,5,1409125,308.339123895824,1.0,18.25,11.0,63.0,0.0,0.0,1.0
2014-09-13,1,1409131,152.497010928097,7.0,17.0,12.0,63.0,0.0,0.0,1.0
2014-09-13,2,1409132,579.441847231862,7.0,17.0,12.0,63.0,0.0,0.0,1.0
2014-09-13,3,1409133,202.680233069363,7.0,17.0,12.0,63.0,0.0,0.0,1.0
2014-09-13,4,1409134,95.0356469783593,7.0,17.0,12.0,63.0,0.0,0.0,1.0
2014-09-13,5,1409135,368.08036123658,7.0,17.0,12.0,63.0,0.0,0.0,1.0
2014-09-14,1,1409141,60.5960658536456,7.0,17.625,14.0,61.0,0.0,0.0,1.0
2014-09-14,2,1409142,567.700325745729,7.0,17.625,14.0,61.0,0.0,0.0,1.0
2014-09-14,3,1409143,225.776419048427,7.0,17.625,14.0,61.0,0.0,0.0,1.0
2014-09-14,4,1409144,61.6496610362342,7.0,17.625,14.0,61.0,0.0,0.0,1.0
2014-09-14,5,1409145,308.18471248164,7.0,17.625,14.0,61.0,0.0,0.0,1.0
2014-09-15,1,1409151,154.556691403417,2.0,19.75,13.0,61.0,0.0,0.0,1.0
2014-09-15,2,1409152,329.771125793257,2.0,19.75,13.0,61.0,0.0,0.0,1.0
2014-09-15,3,1409153,168.5821507078,2.0,19.75,13.0,61.0,0.0,0.0,1.0
2014-09-15,4,1409154,65.4469957924061,2.0,19.75,13.0,61.0,0.0,0.0,1.0
2014-09-15,5,1409155,246.361952258277,2.0,19.75,13.0,61.0,0.0,0.0,1.0
2014-09-16,1,1409161,106.657464651771,0.0,20.125,13.0,61.0,0.0,0.0,1.0
2014-09-16,2,1409162,398.175977428321,0.0,20.125,13.0,61.0,0.0,0.0,1.0
2014-09-16,3,1409163,158.588637787684,0.0,20.125,13.0,61.0,0.0,0.0,1.0
2014-09-16,4,1409164,89.2613596631694,0.0,20.125,13.0,61.0,0.0,0.0,1.0
2014-09-16,5,1409165,260.556443386613,0.0,20.125,13.0,61.0,0.0,0.0,1.0
2014-09-17,1,1409171,140.230426469916,1.0,19.875,18.0,61.0,0.0,0.0,1.0
2014-09-17,2,1409172,397.847841818431,1.0,19.875,18.0,61.0,0.0,0.0,1.0
2014-09-17,3,1409173,141.710275930971,1.0,19.875,18.0,61.0,0.0,0.0,1.0
2014-09-17,4,1409174,42.4632525722224,1.0,19.875,18.0,61.0,0.0,0.0,1.0
2014-09-17,5,1409175,328.670868886296,1.0,19.875,18.0,61.0,0.0,0.0,1.0
2014-09-18,1,1409181,168.767383241785,0.0,20.5,13.0,61.0,0.0,0.0,1.0
2014-09-18,2,1409182,397.178925069403,0.0,20.5,13.0,61.0,0.0,0.0,1.0
2014-09-18,3,1409183,153.185621725663,0.0,20.5,13.0,61.0,0.0,0.0,1.0
2014-09-18,4,1409184,66.1599462279164,0.0,20.5,13.0,61.0,0.0,0.0,1.0
2014-09-18,5,1409185,310.703033895321,0.0,20.5,13.0,61.0,0.0,0.0,1.0
2014-09-19,1,1409191,140.144453118865,0.0,20.75,9.0,5.0,0.0,0.0,1.0
2014-09-19,2,1409192,402.244894589535,0.0,20.75,9.0,5.0,0.0,0.0,1.0
2014-09-19,3,1409193,181.192284839408,0.0,20.75,9.0,5.0,0.0,0.0,1.0
2014-09-19,4,1409194,67.7692374014595,0.0,20.75,9.0,5.0,0.0,0.0,1.0
2014-09-19,5,1409195,332.883133774602,0.0,20.75,9.0,5.0,0.0,0.0,1.0
2014-09-20,1,1409201,197.959086294477,3.0,19.375,7.0,10.0,0.0,0.0,1.0
2014-09-20,2,1409202,569.825965185954,3.0,19.375,7.0,10.0,0.0,0.0,1.0
2014-09-20,3,1409203,238.229987099986,3.0,19.375,7.0,10.0,0.0,0.0,1.0
2014-09-20,4,1409204,92.9711766878255,3.0,19.375,7.0,10.0,0.0,0.0,1.0
2014-09-20,5,1409205,373.742122406735,3.0,19.375,7.0,10.0,0.0,0.0,1.0
2014-09-21,1,1409211,80.5859142164798,4.0,17.0,15.0,21.0,0.0,0.0,1.0
2014-09-21,2,1409212,602.711358590014,4.0,17.0,15.0,21.0,0.0,0.0,1.0
2014-09-21,3,1409213,252.012812670797,4.0,17.0,15.0,21.0,0.0,0.0,1.0
2014-09-21,4,1409214,137.727348019177,4.0,17.0,15.0,21.0,0.0,0.0,1.0
2014-09-21,5,1409215,402.989935831425,4.0,17.0,15.0,21.0,0.0,0.0,1.0
2014-09-22,1,1409221,134.865103794751,6.0,13.0,17.0,21.0,0.0,0.0,1.0
2014-09-22,2,1409222,381.105485691034,6.0,13.0,17.0,21.0,0.0,0.0,1.0
2014-09-22,3,1409223,154.947972943461,6.0,13.0,17.0,21.0,0.0,0.0,1.0
2014-09-22,4,1409224,,6.0,13.0,17.0,21.0,0.0,0.0,1.0
2014-09-22,5,1409225,270.105696755365,6.0,13.0,17.0,21.0,0.0,0.0,1.0
2014-09-23,1,1409231,140.774695330895,4.0,14.75,6.0,21.0,0.0,0.0,1.0
2014-09-23,2,1409232,395.311723669985,4.0,14.75,6.0,21.0,0.0,0.0,1.0
2014-09-23,3,1409233,159.108501716463,4.0,14.75,6.0,21.0,0.0,0.0,1.0
2014-09-23,4,1409234,59.5734018328688,4.0,14.75,6.0,21.0,0.0,0.0,1.0
2014-09-23,5,1409235,276.659712997343,4.0,14.75,6.0,21.0,0.0,0.0,1.0
2014-09-24,1,1409241,108.711123767423,7.0,15.375,10.0,63.0,0.0,0.0,1.0
2014-09-24,2,1409242,366.573708065858,7.0,15.375,10.0,63.0,0.0,0.0,1.0
2014-09-24,3,1409243,152.306301086813,7.0,15.375,10.0,63.0,0.0,0.0,1.0
2014-09-24,4,1409244,61.6804845934115,7.0,15.375,10.0,63.0,0.0,0.0,1.0
2014-09-24,5,1409245,271.173455994606,7.0,15.375,10.0,63.0,0.0,0.0,1.0
2014-09-25,1,1409251,108.067086651751,7.0,14.5,17.0,61.0,0.0,0.0,1.0
2014-09-25,2,1409252,354.840744536323,7.0,14.5,17.0,61.0,0.0,0.0,1.0
2014-09-25,3,1409253,143.336816393684,7.0,14.5,17.0,61.0,0.0,0.0,1.0
2014-09-25,4,1409254,43.0705910015315,7.0,14.5,17.0,61.0,0.0,0.0,1.0
2014-09-25,5,1409255,298.012563106301,7.0,14.5,17.0,61.0,0.0,0.0,1.0
2014-09-26,1,1409261,117.377429960871,7.0,16.75,13.0,61.0,0.0,0.0,1.0
2014-09-26,2,1409262,379.344936641425,7.0,16.75,13.0,61.0,0.0,0.0,1.0
2014-09-26,3,1409263,144.769725122993,7.0,16.75,13.0,61.0,0.0,0.0,1.0
2014-09-26,4,1409264,64.1347190059562,7.0,16.75,13.0,61.0,0.0,0.0,1.0
2014-09-26,5,1409265,350.315063045348,7.0,16.75,13.0,61.0,0.0,0.0,1.0
2014-09-27,1,1409271,139.171163845637,2.0,16.375,14.0,61.0,0.0,0.0,1.0
2014-09-27,2,1409272,474.89364807078,2.0,16.375,14.0,61.0,0.0,0.0,1.0
2014-09-27,3,1409273,210.20969581799,2.0,16.375,14.0,61.0,0.0,0.0,1.0
2014-09-27,4,1409274,78.5482535287746,2.0,16.375,14.0,61.0,0.0,0.0,1.0
2014-09-27,5,1409275,291.624712216349,2.0,16.375,14.0,61.0,0.0,0.0,1.0
2014-09-28,1,1409281,60.4829614839036,4.0,18.5,7.0,61.0,0.0,0.0,1.0
2014-09-28,2,1409282,531.938294754594,4.0,18.5,7.0,61.0,0.0,0.0,1.0
2014-09-28,3,1409283,188.273053603534,4.0,18.5,7.0,61.0,0.0,0.0,1.0
2014-09-28,4,1409284,97.3262195437161,4.0,18.5,7.0,61.0,0.0,0.0,1.0
2014-09-28,5,1409285,259.829447609604,4.0,18.5,7.0,61.0,0.0,0.0,1.0
2014-09-29,1,1409291,146.640779180328,6.0,18.125,6.0,61.0,0.0,0.0,1.0
2014-09-29,2,1409292,383.189548824255,6.0,18.125,6.0,61.0,0.0,0.0,1.0
2014-09-29,3,1409293,159.611110099364,6.0,18.125,6.0,61.0,0.0,0.0,1.0
2014-09-29,4,1409294,56.6829857088611,6.0,18.125,6.0,61.0,0.0,0.0,1.0
2014-09-29,5,1409295,299.916302228623,6.0,18.125,6.0,61.0,0.0,0.0,1.0
2014-09-30,1,1409301,125.317010604255,7.0,16.5,5.0,61.0,0.0,0.0,1.0
2014-09-30,2,1409302,419.295409384144,7.0,16.5,5.0,61.0,0.0,0.0,1.0
2014-09-30,3,1409303,171.708864102195,7.0,16.5,5.0,61.0,0.0,0.0,1.0
2014-09-30,4,1409304,83.5718858944338,7.0,16.5,5.0,61.0,0.0,0.0,1.0
2014-09-30,5,1409305,297.20876579818,7.0,16.5,5.0,61.0,0.0,0.0,1.0
2014-10-01,1,1410011,159.473253138624,6.0,17.75,6.0,10.0,0.0,0.0,1.0
2014-10-01,2,1410012,416.001423907184,6.0,17.75,6.0,10.0,0.0,0.0,1.0
2014-10-01,3,1410013,150.620021574618,6.0,17.75,6.0,10.0,0.0,0.0,1.0
2014-10-01,4,1410014,73.4335227011685,6.0,17.75,6.0,10.0,0.0,0.0,1.0
2014-10-01,5,1410015,290.758945021528,6.0,17.75,6.0,10.0,0.0,0.0,1.0
2014-10-02,1,1410021,183.411275500045,6.0,18.0,6.0,10.0,0.0,0.0,1.0
2014-10-02,2,1410022,441.737318758307,6.0,18.0,6.0,10.0,0.0,0.0,1.0
2014-10-02,3,1410023,164.42041516337,6.0,18.0,6.0,10.0,0.0,0.0,1.0
2014-10-02,4,1410024,121.311910293281,6.0,18.0,6.0,10.0,0.0,0.0,1.0
2014-10-02,5,1410025,330.469152570208,6.0,18.0,6.0,10.0,0.0,0.0,1.0
2014-10-03,1,1410031,62.591191559266,3.0,20.0,6.0,10.0,0.0,0.0,1.0
2014-10-03,2,1410032,707.739671966281,3.0,20.0,6.0,10.0,0.0,0.0,1.0
2014-10-03,3,1410033,269.827117830639,3.0,20.0,6.0,10.0,0.0,0.0,1.0
2014-10-03,4,1410034,139.076621627262,3.0,20.0,6.0,10.0,0.0,0.0,1.0
2014-10-03,5,1410035,392.78227452548,3.0,20.0,6.0,10.0,0.0,0.0,1.0
2014-10-04,1,1410041,194.365187583031,0.0,18.5,8.0,5.0,0.0,0.0,1.0
2014-10-04,2,1410042,677.822064186239,0.0,18.5,8.0,5.0,0.0,0.0,1.0
2014-10-04,3,1410043,281.757971200957,0.0,18.5,8.0,5.0,0.0,0.0,1.0
2014-10-04,4,1410044,107.332625116256,0.0,18.5,8.0,5.0,0.0,0.0,1.0
2014-10-04,5,1410045,415.416761967546,0.0,18.5,8.0,5.0,0.0,0.0,1.0
2014-10-05,1,1410051,82.1342445154272,1.0,16.25,7.0,5.0,0.0,0.0,1.0
2014-10-05,2,1410052,773.738416673644,1.0,16.25,7.0,5.0,0.0,0.0,1.0
2014-10-05,3,1410053,233.405843203076,1.0,16.25,7.0,5.0,0.0,0.0,1.0
2014-10-05,4,1410054,153.449384381621,1.0,16.25,7.0,5.0,0.0,0.0,1.0
2014-10-05,5,1410055,278.213851451937,1.0,16.25,7.0,5.0,0.0,0.0,1.0
2014-10-06,1,1410061,178.335670094664,2.0,15.75,15.0,10.0,0.0,0.0,1.0
2014-10-06,2,1410062,469.08880026482,2.0,15.75,15.0,10.0,0.0,0.0,1.0
2014-10-06,3,1410063,228.639701182843,2.0,15.75,15.0,10.0,0.0,0.0,1.0
2014-10-06,4,1410064,121.029174320845,2.0,15.75,15.0,10.0,0.0,0.0,1.0
2014-10-06,5,1410065,292.144384912168,2.0,15.75,15.0,10.0,0.0,0.0,1.0
2014-10-07,1,1410071,141.858863346968,7.0,13.0,10.0,65.0,0.0,0.0,1.0
2014-10-07,2,1410072,484.578575879817,7.0,13.0,10.0,65.0,0.0,0.0,1.0
2014-10-07,3,1410073,220.541484826612,7.0,13.0,10.0,65.0,0.0,0.0,1.0
2014-10-07,4,1410074,98.6406413025411,7.0,13.0,10.0,65.0,0.0,0.0,1.0
2014-10-07,5,1410075,286.042301895173,7.0,13.0,10.0,65.0,0.0,0.0,1.0
2014-10-08,1,1410081,134.873921318631,6.0,14.125,10.0,61.0,0.0,0.0,1.0
2014-10-08,2,1410082,470.174747308647,6.0,14.125,10.0,61.0,0.0,0.0,1.0
2014-10-08,3,1410083,265.681560003117,6.0,14.125,10.0,61.0,0.0,0.0,1.0
2014-10-08,4,1410084,93.0857225354518,6.0,14.125,10.0,61.0,0.0,0.0,1.0
2014-10-08,5,1410085,297.885541145047,6.0,14.125,10.0,61.0,0.0,0.0,1.0
2014-10-09,1,1410091,134.324856819578,5.0,17.875,10.0,61.0,0.0,0.0,1.0
2014-10-09,2,1410092,487.357429909293,5.0,17.875,10.0,61.0,0.0,0.0,1.0
2014-10-09,3,1410093,221.056406388694,5.0,17.875,10.0,61.0,0.0,0.0,1.0
2014-10-09,4,1410094,109.984020692928,5.0,17.875,10.0,61.0,0.0,0.0,1.0
2014-10-09,5,1410095,308.549141791089,5.0,17.875,10.0,61.0,0.0,0.0,1.0
2014-10-10,1,1410101,132.317020180874,4.0,16.375,10.0,61.0,0.0,0.0,1.0
2014-10-10,2,1410102,472.068957327064,4.0,16.375,10.0,61.0,0.0,0.0,1.0
2014-10-10,3,1410103,240.813212235927,4.0,16.375,10.0,61.0,0.0,0.0,1.0
2014-10-10,4,1410104,,4.0,16.375,10.0,61.0,0.0,0.0,1.0
2014-10-10,5,1410105,350.091305190491,4.0,16.375,10.0,61.0,0.0,0.0,1.0
2014-10-11,1,1410111,181.071063711796,3.0,17.0,5.0,61.0,0.0,0.0,1.0
2014-10-11,2,1410112,570.933322929603,3.0,17.0,5.0,61.0,0.0,0.0,1.0
2014-10-11,3,1410113,268.913132488207,3.0,17.0,5.0,61.0,0.0,0.0,1.0
2014-10-11,4,1410114,115.088270399923,3.0,17.0,5.0,61.0,0.0,0.0,1.0
2014-10-11,5,1410115,413.469929038277,3.0,17.0,5.0,61.0,0.0,0.0,1.0
2014-10-12,1,1410121,97.9850226394533,5.0,15.125,7.0,20.0,0.0,0.0,1.0
2014-10-12,2,1410122,599.265107232525,5.0,15.125,7.0,20.0,0.0,0.0,1.0
2014-10-12,3,1410123,285.661904186498,5.0,15.125,7.0,20.0,0.0,0.0,1.0
2014-10-12,4,1410124,169.310379668465,5.0,15.125,7.0,20.0,0.0,0.0,1.0
2014-10-12,5,1410125,347.908417458128,5.0,15.125,7.0,20.0,0.0,0.0,1.0
2014-10-13,1,1410131,129.878383258938,7.0,12.625,12.0,63.0,0.0,1.0,1.0
2014-10-13,2,1410132,451.010836320036,7.0,12.625,12.0,63.0,0.0,1.0,1.0
2014-10-13,3,1410133,199.088646650562,7.0,12.625,12.0,63.0,0.0,1.0,1.0
2014-10-13,4,1410134,95.5543324237472,7.0,12.625,12.0,63.0,0.0,1.0,1.0
2014-10-13,5,1410135,290.088719702625,7.0,12.625,12.0,63.0,0.0,1.0,1.0
2014-10-14,1,1410141,175.011253800233,6.0,14.0,5.0,61.0,0.0,1.0,1.0
2014-10-14,2,1410142,448.670332736577,6.0,14.0,5.0,61.0,0.0,1.0,1.0
2014-10-14,3,1410143,238.238016495687,6.0,14.0,5.0,61.0,0.0,1.0,1.0
2014-10-14,4,1410144,94.2003510325564,6.0,14.0,5.0,61.0,0.0,1.0,1.0
2014-10-14,5,1410145,311.629970945777,6.0,14.0,5.0,61.0,0.0,1.0,1.0
2014-10-15,1,1410151,206.8382090708,7.0,13.875,6.0,21.0,0.0,1.0,1.0
2014-10-15,2,1410152,512.13078238518,7.0,13.875,6.0,21.0,0.0,1.0,1.0
2014-10-15,3,1410153,218.845884805721,7.0,13.875,6.0,21.0,0.0,1.0,1.0
2014-10-15,4,1410154,86.8965837803107,7.0,13.875,6.0,21.0,0.0,1.0,1.0
2014-10-15,5,1410155,316.987211749477,7.0,13.875,6.0,21.0,0.0,1.0,1.0
2014-10-16,1,1410161,147.570549356915,7.0,13.5,6.0,61.0,0.0,1.0,1.0
2014-10-16,2,1410162,442.369110603724,7.0,13.5,6.0,61.0,0.0,1.0,1.0
2014-10-16,3,1410163,208.715269211929,7.0,13.5,6.0,61.0,0.0,1.0,1.0
2014-10-16,4,1410164,88.3273776763051,7.0,13.5,6.0,61.0,0.0,1.0,1.0
2014-10-16,5,1410165,267.647733878274,7.0,13.5,6.0,61.0,0.0,1.0,1.0
2014-10-17,1,1410171,144.357853437456,7.0,14.375,10.0,65.0,0.0,1.0,1.0
2014-10-17,2,1410172,466.802718980504,7.0,14.375,10.0,65.0,0.0,1.0,1.0
2014-10-17,3,1410173,192.376184914232,7.0,14.375,10.0,65.0,0.0,1.0,1.0
2014-10-17,4,1410174,66.2492456777236,7.0,14.375,10.0,65.0,0.0,1.0,1.0
2014-10-17,5,1410175,297.577155669568,7.0,14.375,10.0,65.0,0.0,1.0,1.0
2014-10-18,1,1410181,158.152130377889,7.0,15.25,7.0,21.0,0.0,1.0,1.0
2014-10-18,2,1410182,704.513358167715,7.0,15.25,7.0,21.0,0.0,1.0,1.0
2014-10-18,3,1410183,287.15749879149,7.0,15.25,7.0,21.0,0.0,1.0,1.0
2014-10-18,4,1410184,88.9035251767277,7.0,15.25,7.0,21.0,0.0,1.0,1.0
2014-10-18,5,1410185,332.713956919627,7.0,15.25,7.0,21.0,0.0,1.0,1.0
2014-10-19,1,1410191,58.8534096103563,7.0,17.375,13.0,95.0,0.0,1.0,1.0
2014-10-19,2,1410192,641.165146886643,7.0,17.375,13.0,95.0,0.0,1.0,1.0
2014-10-19,3,1410193,234.530195285563,7.0,17.375,13.0,95.0,0.0,1.0,1.0
2014-10-19,4,1410194,113.131097897476,7.0,17.375,13.0,95.0,0.0,1.0,1.0
2014-10-19,5,1410195,322.71968105362,7.0,17.375,13.0,95.0,0.0,1.0,1.0
2014-10-20,1,1410201,158.382558902343,6.0,14.625,18.0,61.0,0.0,1.0,1.0
2014-10-20,2,1410202,384.841833056267,6.0,14.625,18.0,61.0,0.0,1.0,1.0
2014-10-20,3,1410203,175.081904091899,6.0,14.625,18.0,61.0,0.0,1.0,1.0
2014-10-20,4,1410204,71.677546297344,6.0,14.625,18.0,61.0,0.0,1.0,1.0
2014-10-20,5,1410205,297.640509637545,6.0,14.625,18.0,61.0,0.0,1.0,1.0
2014-10-21,1,1410211,125.363981222897,7.0,12.5,9.0,63.0,0.0,1.0,1.0
2014-10-21,2,1410212,407.362339131089,7.0,12.5,9.0,63.0,0.0,1.0,1.0
2014-10-21,3,1410213,184.643705972007,7.0,12.5,9.0,63.0,0.0,1.0,1.0
2014-10-21,4,1410214,60.7824435466895,7.0,12.5,9.0,63.0,0.0,1.0,1.0
2014-10-21,5,1410215,291.70454422956,7.0,12.5,9.0,63.0,0.0,1.0,1.0
2014-10-22,1,1410221,127.765051280508,6.0,13.0,12.0,0.0,0.0,1.0,1.0
2014-10-22,2,1410222,418.311469787191,6.0,13.0,12.0,0.0,0.0,1.0,1.0
2014-10-22,3,1410223,165.295512198228,6.0,13.0,12.0,0.0,0.0,1.0,1.0
2014-10-22,4,1410224,84.0627079906616,6.0,13.0,12.0,0.0,0.0,1.0,1.0
2014-10-22,5,1410225,285.171826857881,6.0,13.0,12.0,0.0,0.0,1.0,1.0
2014-10-23,1,1410231,144.21773201944,6.0,13.125,7.0,0.0,0.0,1.0,1.0
2014-10-23,2,1410232,445.284138246298,6.0,13.125,7.0,0.0,0.0,1.0,1.0
2014-10-23,3,1410233,153.061273429423,6.0,13.125,7.0,0.0,0.0,1.0,1.0
2014-10-23,4,1410234,84.836446255569,6.0,13.125,7.0,0.0,0.0,1.0,1.0
2014-10-23,5,1410235,283.177784823415,6.0,13.125,7.0,0.0,0.0,1.0,1.0
2014-10-24,1,1410241,203.173639154115,7.0,13.5,9.0,0.0,0.0,1.0,1.0
2014-10-24,2,1410242,452.520410554465,7.0,13.5,9.0,0.0,0.0,1.0,1.0
2014-10-24,3,1410243,187.233285079945,7.0,13.5,9.0,0.0,0.0,1.0,1.0
2014-10-24,4,1410244,55.0725703609042,7.0,13.5,9.0,0.0,0.0,1.0,1.0
2014-10-24,5,1410245,318.982030891719,7.0,13.5,9.0,0.0,0.0,1.0,1.0
2014-10-25,1,1410251,191.425316581712,7.0,12.125,7.0,61.0,0.0,0.0,1.0
2014-10-25,2,1410252,546.509665264924,7.0,12.125,7.0,61.0,0.0,0.0,1.0
2014-10-25,3,1410253,247.12995265692,7.0,12.125,7.0,61.0,0.0,0.0,1.0
2014-10-25,4,1410254,103.274974415436,7.0,12.125,7.0,61.0,0.0,0.0,1.0
2014-10-25,5,1410255,307.448143380371,7.0,12.125,7.0,61.0,0.0,0.0,1.0
2014-10-26,1,1410261,116.487886781866,5.0,12.75,9.0,0.0,0.0,0.0,1.0
2014-10-26,2,1410262,623.565486683245,5.0,12.75,9.0,0.0,0.0,0.0,1.0
2014-10-26,3,1410263,312.55596224519,5.0,12.75,9.0,0.0,0.0,0.0,1.0
2014-10-26,4,1410264,161.676201511044,5.0,12.75,9.0,0.0,0.0,0.0,1.0
2014-10-26,5,1410265,370.536705154412,5.0,12.75,9.0,0.0,0.0,0.0,1.0
2014-10-27,1,1410271,121.416970836256,2.0,14.5,9.0,0.0,0.0,0.0,1.0
2014-10-27,2,1410272,408.229594124628,2.0,14.5,9.0,0.0,0.0,0.0,1.0
2014-10-27,3,1410273,173.883975463993,2.0,14.5,9.0,0.0,0.0,0.0,1.0
2014-10-27,4,1410274,99.2634442963349,2.0,14.5,9.0,0.0,0.0,0.0,1.0
2014-10-27,5,1410275,310.262575184375,2.0,14.5,9.0,0.0,0.0,0.0,1.0
2014-10-28,1,1410281,136.094268676769,0.0,13.875,8.0,0.0,0.0,0.0,1.0
2014-10-28,2,1410282,467.694413731179,0.0,13.875,8.0,0.0,0.0,0.0,1.0
2014-10-28,3,1410283,271.450402165107,0.0,13.875,8.0,0.0,0.0,0.0,1.0
2014-10-28,4,1410284,81.6837671880442,0.0,13.875,8.0,0.0,0.0,0.0,1.0
2014-10-28,5,1410285,307.173402745835,0.0,13.875,8.0,0.0,0.0,0.0,1.0
2014-10-29,1,1410291,103.569554336818,7.0,8.375,7.0,20.0,0.0,0.0,1.0
2014-10-29,2,1410292,411.213305357583,7.0,8.375,7.0,20.0,0.0,0.0,1.0
2014-10-29,3,1410293,209.32399744082,7.0,8.375,7.0,20.0,0.0,0.0,1.0
2014-10-29,4,1410294,55.9060009520091,7.0,8.375,7.0,20.0,0.0,0.0,1.0
2014-10-29,5,1410295,300.108640695685,7.0,8.375,7.0,20.0,0.0,0.0,1.0
2014-10-30,1,1410301,122.18216764664,2.0,10.625,5.0,10.0,0.0,0.0,1.0
2014-10-30,2,1410302,451.617664945835,2.0,10.625,5.0,10.0,0.0,0.0,1.0
2014-10-30,3,1410303,205.584371204915,2.0,10.625,5.0,10.0,0.0,0.0,1.0
2014-10-30,4,1410304,75.6116667723772,2.0,10.625,5.0,10.0,0.0,0.0,1.0
2014-10-30,5,1410305,312.493530897156,2.0,10.625,5.0,10.0,0.0,0.0,1.0
2014-10-31,1,1410311,132.486279254048,8.0,12.875,5.0,10.0,0.0,0.0,1.0
2014-10-31,2,1410312,404.579872169049,8.0,12.875,5.0,10.0,0.0,0.0,1.0
2014-10-31,3,1410313,278.575310838118,8.0,12.875,5.0,10.0,0.0,0.0,1.0
2014-10-31,4,1410314,52.9074695440103,8.0,12.875,5.0,10.0,0.0,0.0,1.0
2014-10-31,5,1410315,303.662931280765,8.0,12.875,5.0,10.0,0.0,0.0,1.0
2014-11-01,1,1411011,142.507059241702,2.0,16.5,8.0,0.0,0.0,0.0,1.0
2014-11-01,2,1411012,501.127170965679,2.0,16.5,8.0,0.0,0.0,0.0,1.0
2014-11-01,3,1411013,266.527079383546,2.0,16.5,8.0,0.0,0.0,0.0,1.0
2014-11-01,4,1411014,79.5177877444727,2.0,16.5,8.0,0.0,0.0,0.0,1.0
2014-11-01,5,1411015,355.95764486704,2.0,16.5,8.0,0.0,0.0,0.0,1.0
2014-11-01,6,1411016,44.1953036347997,2.0,16.5,8.0,0.0,0.0,0.0,1.0
2014-11-02,1,1411021,99.288586999622,3.0,15.375,10.0,21.0,0.0,0.0,1.0
2014-11-02,2,1411022,643.077472226689,3.0,15.375,10.0,21.0,0.0,0.0,1.0
2014-11-02,3,1411023,273.830726677708,3.0,15.375,10.0,21.0,0.0,0.0,1.0
2014-11-02,4,1411024,148.665068032433,3.0,15.375,10.0,21.0,0.0,0.0,1.0
2014-11-02,5,1411025,304.404961254638,3.0,15.375,10.0,21.0,0.0,0.0,1.0
2014-11-02,6,1411026,54.444257086228,3.0,15.375,10.0,21.0,0.0,0.0,1.0
2014-11-03,1,1411031,137.822879577546,4.0,13.75,12.0,0.0,0.0,0.0,1.0
2014-11-03,2,1411032,385.893487521255,4.0,13.75,12.0,0.0,0.0,0.0,1.0
2014-11-03,3,1411033,152.462083619029,4.0,13.75,12.0,0.0,0.0,0.0,1.0
2014-11-03,4,1411034,52.609826768818,4.0,13.75,12.0,0.0,0.0,0.0,1.0
2014-11-03,5,1411035,318.359097251893,4.0,13.75,12.0,0.0,0.0,0.0,1.0
2014-11-03,6,1411036,38.5545767035567,4.0,13.75,12.0,0.0,0.0,0.0,1.0
2014-11-04,1,1411041,103.123747563607,7.0,11.625,8.0,61.0,0.0,0.0,1.0
2014-11-04,2,1411042,341.433323177735,7.0,11.625,8.0,61.0,0.0,0.0,1.0
2014-11-04,3,1411043,154.085370382359,7.0,11.625,8.0,61.0,0.0,0.0,1.0
2014-11-04,4,1411044,56.3444577705587,7.0,11.625,8.0,61.0,0.0,0.0,1.0
2014-11-04,5,1411045,311.112916993953,7.0,11.625,8.0,61.0,0.0,0.0,1.0
2014-11-04,6,1411046,23.9427538550048,7.0,11.625,8.0,61.0,0.0,0.0,1.0
2014-11-05,1,1411051,113.078967477055,7.0,9.5,11.0,61.0,0.0,0.0,1.0
2014-11-05,2,1411052,325.21061769105,7.0,9.5,11.0,61.0,0.0,0.0,1.0
2014-11-05,3,1411053,159.090625700351,7.0,9.5,11.0,61.0,0.0,0.0,1.0
2014-11-05,4,1411054,79.5612659468646,7.0,9.5,11.0,61.0,0.0,0.0,1.0
2014-11-05,5,1411055,293.386428880751,7.0,9.5,11.0,61.0,0.0,0.0,1.0
2014-11-05,6,1411056,51.4135955980293,7.0,9.5,11.0,61.0,0.0,0.0,1.0
2014-11-06,1,1411061,138.399464430445,5.0,8.875,10.0,0.0,0.0,0.0,1.0
2014-11-06,2,1411062,367.7203968189,5.0,8.875,10.0,0.0,0.0,0.0,1.0
2014-11-06,3,1411063,146.243073140116,5.0,8.875,10.0,0.0,0.0,0.0,1.0
2014-11-06,4,1411064,61.5654831293085,5.0,8.875,10.0,0.0,0.0,0.0,1.0
2014-11-06,5,1411065,302.471760829603,5.0,8.875,10.0,0.0,0.0,0.0,1.0
2014-11-06,6,1411066,44.904409068341,5.0,8.875,10.0,0.0,0.0,0.0,1.0
2014-11-07,1,1411071,125.3258349714,0.0,8.625,9.0,10.0,0.0,0.0,1.0
2014-11-07,2,1411072,352.071739490799,0.0,8.625,9.0,10.0,0.0,0.0,1.0
2014-11-07,3,1411073,147.571392484558,0.0,8.625,9.0,10.0,0.0,0.0,1.0
2014-11-07,4,1411074,63.3356111115402,0.0,8.625,9.0,10.0,0.0,0.0,1.0
2014-11-07,5,1411075,331.374093763533,0.0,8.625,9.0,10.0,0.0,0.0,1.0
2014-11-07,6,1411076,58.3979457835337,0.0,8.625,9.0,10.0,0.0,0.0,1.0
2014-11-08,1,1411081,165.663474985222,6.0,10.25,8.0,10.0,0.0,0.0,1.0
2014-11-08,2,1411082,521.988816053164,6.0,10.25,8.0,10.0,0.0,0.0,1.0
2014-11-08,3,1411083,228.618970821628,6.0,10.25,8.0,10.0,0.0,0.0,1.0
2014-11-08,4,1411084,67.0208643146814,6.0,10.25,8.0,10.0,0.0,0.0,1.0
2014-11-08,5,1411085,300.671884481524,6.0,10.25,8.0,10.0,0.0,0.0,1.0
2014-11-08,6,1411086,25.30769024498,6.0,10.25,8.0,10.0,0.0,0.0,1.0
2014-11-09,1,1411091,118.446930009839,3.0,10.625,8.0,10.0,0.0,0.0,1.0
2014-11-09,2,1411092,686.670651764737,3.0,10.625,8.0,10.0,0.0,0.0,1.0
2014-11-09,3,1411093,299.926171597523,3.0,10.625,8.0,10.0,0.0,0.0,1.0
2014-11-09,4,1411094,140.81601620882,3.0,10.625,8.0,10.0,0.0,0.0,1.0
2014-11-09,5,1411095,376.124018092964,3.0,10.625,8.0,10.0,0.0,0.0,1.0
2014-11-09,6,1411096,60.7173201489965,3.0,10.625,8.0,10.0,0.0,0.0,1.0
2014-11-10,1,1411101,132.450933802593,6.0,8.75,7.0,61.0,0.0,0.0,1.0
2014-11-10,2,1411102,316.334010323171,6.0,8.75,7.0,61.0,0.0,0.0,1.0
2014-11-10,3,1411103,135.031553992339,6.0,8.75,7.0,61.0,0.0,0.0,1.0
2014-11-10,4,1411104,71.5877599076694,6.0,8.75,7.0,61.0,0.0,0.0,1.0
2014-11-10,5,1411105,260.94958385302,6.0,8.75,7.0,61.0,0.0,0.0,1.0
2014-11-10,6,1411106,26.7954419057105,6.0,8.75,7.0,61.0,0.0,0.0,1.0
2014-11-11,1,1411111,122.885078853966,2.0,8.625,7.0,10.0,0.0,0.0,1.0
2014-11-11,2,1411112,297.976942376189,2.0,8.625,7.0,10.0,0.0,0.0,1.0
2014-11-11,3,1411113,120.901976854138,2.0,8.625,7.0,10.0,0.0,0.0,1.0
2014-11-11,4,1411114,69.4491859213357,2.0,8.625,7.0,10.0,0.0,0.0,1.0
2014-11-11,5,1411115,274.567367361137,2.0,8.625,7.0,10.0,0.0,0.0,1.0
2014-11-11,6,1411116,66.2692316252081,2.0,8.625,7.0,10.0,0.0,0.0,1.0
2014-11-12,1,1411121,95.3481999188746,7.0,9.75,10.0,10.0,0.0,0.0,1.0
2014-11-12,2,1411122,341.294225591248,7.0,9.75,10.0,10.0,0.0,0.0,1.0
2014-11-12,3,1411123,118.807593053289,7.0,9.75,10.0,10.0,0.0,0.0,1.0
2014-11-12,4,1411124,55.9875188664014,7.0,9.75,10.0,10.0,0.0,0.0,1.0
2014-11-12,5,1411125,271.038875100822,7.0,9.75,10.0,10.0,0.0,0.0,1.0
2014-11-12,6,1411126,60.3046304170933,7.0,9.75,10.0,10.0,0.0,0.0,1.0
2014-11-13,1,1411131,143.750350209673,7.0,10.75,4.0,28.0,0.0,0.0,1.0
2014-11-13,2,1411132,313.889092710271,7.0,10.75,4.0,28.0,0.0,0.0,1.0
2014-11-13,3,1411133,141.896558357674,7.0,10.75,4.0,28.0,0.0,0.0,1.0
2014-11-13,4,1411134,72.5288404761461,7.0,10.75,4.0,28.0,0.0,0.0,1.0
2014-11-13,5,1411135,300.536047097898,7.0,10.75,4.0,28.0,0.0,0.0,1.0
2014-11-13,6,1411136,63.2351828959052,7.0,10.75,4.0,28.0,0.0,0.0,1.0
2014-11-14,1,1411141,133.77429991274,7.0,10.75,10.0,10.0,0.0,0.0,1.0
2014-11-14,2,1411142,333.817583254463,7.0,10.75,10.0,10.0,0.0,0.0,1.0
2014-11-14,3,1411143,120.276344081256,7.0,10.75,10.0,10.0,0.0,0.0,1.0
2014-11-14,4,1411144,69.9956456436556,7.0,10.75,10.0,10.0,0.0,0.0,1.0
2014-11-14,5,1411145,270.170738666878,7.0,10.75,10.0,10.0,0.0,0.0,1.0
2014-11-14,6,1411146,59.0315464290955,7.0,10.75,10.0,10.0,0.0,0.0,1.0
2014-11-15,1,1411151,157.956829595601,8.0,9.25,14.0,10.0,0.0,0.0,1.0
2014-11-15,2,1411152,422.089000189331,8.0,9.25,14.0,10.0,0.0,0.0,1.0
2014-11-15,3,1411153,167.04077705486,8.0,9.25,14.0,10.0,0.0,0.0,1.0
2014-11-15,4,1411154,68.7913641000038,8.0,9.25,14.0,10.0,0.0,0.0,1.0
2014-11-15,5,1411155,272.111564708918,8.0,9.25,14.0,10.0,0.0,0.0,1.0
2014-11-15,6,1411156,41.7599504315043,8.0,9.25,14.0,10.0,0.0,0.0,1.0
2014-11-16,1,1411161,69.2794517983636,7.0,8.0,14.0,61.0,0.0,0.0,1.0
2014-11-16,2,1411162,657.334905297112,7.0,8.0,14.0,61.0,0.0,0.0,1.0
2014-11-16,3,1411163,201.424733292503,7.0,8.0,14.0,61.0,0.0,0.0,1.0
2014-11-16,4,1411164,84.7844611971686,7.0,8.0,14.0,61.0,0.0,0.0,1.0
2014-11-16,5,1411165,302.56395917644,7.0,8.0,14.0,61.0,0.0,0.0,1.0
2014-11-16,6,1411166,74.0088295785316,7.0,8.0,14.0,61.0,0.0,0.0,1.0
2014-11-17,1,1411171,138.752246637463,7.0,9.625,7.0,10.0,0.0,0.0,1.0
2014-11-17,2,1411172,332.904975201731,7.0,9.625,7.0,10.0,0.0,0.0,1.0
2014-11-17,3,1411173,142.187975485762,7.0,9.625,7.0,10.0,0.0,0.0,1.0
2014-11-17,4,1411174,101.570428265055,7.0,9.625,7.0,10.0,0.0,0.0,1.0
2014-11-17,5,1411175,291.791673557402,7.0,9.625,7.0,10.0,0.0,0.0,1.0
2014-11-17,6,1411176,,7.0,9.625,7.0,10.0,0.0,0.0,1.0
2014-11-18,1,1411181,134.68843263499,7.0,8.875,13.0,61.0,0.0,0.0,1.0
2014-11-18,2,1411182,263.379736825833,7.0,8.875,13.0,61.0,0.0,0.0,1.0
2014-11-18,3,1411183,153.386557030339,7.0,8.875,13.0,61.0,0.0,0.0,1.0
2014-11-18,4,1411184,55.795195679035,7.0,8.875,13.0,61.0,0.0,0.0,1.0
2014-11-18,5,1411185,217.233982595645,7.0,8.875,13.0,61.0,0.0,0.0,1.0
2014-11-18,6,1411186,19.7783554460711,7.0,8.875,13.0,61.0,0.0,0.0,1.0
2014-11-19,1,1411191,131.262024072649,7.0,8.5,11.0,61.0,0.0,0.0,1.0
2014-11-19,2,1411192,289.909258530776,7.0,8.5,11.0,61.0,0.0,0.0,1.0
2014-11-19,3,1411193,116.091362635133,7.0,8.5,11.0,61.0,0.0,0.0,1.0
2014-11-19,4,1411194,,7.0,8.5,11.0,61.0,0.0,0.0,1.0
2014-11-19,5,1411195,218.316894752112,7.0,8.5,11.0,61.0,0.0,0.0,1.0
2014-11-19,6,1411196,29.2620026644154,7.0,8.5,11.0,61.0,0.0,0.0,1.0
2014-11-20,1,1411201,131.314789763352,5.0,6.125,7.0,0.0,0.0,0.0,1.0
2014-11-20,2,1411202,281.963424468143,5.0,6.125,7.0,0.0,0.0,0.0,1.0
2014-11-20,3,1411203,122.334994595738,5.0,6.125,7.0,0.0,0.0,0.0,1.0
2014-11-20,4,1411204,53.0426254821259,5.0,6.125,7.0,0.0,0.0,0.0,1.0
2014-11-20,5,1411205,247.239241255711,5.0,6.125,7.0,0.0,0.0,0.0,1.0
2014-11-20,6,1411206,56.2274579096792,5.0,6.125,7.0,0.0,0.0,0.0,1.0
2014-11-21,1,1411211,142.895603194534,6.0,6.5,5.0,61.0,0.0,0.0,1.0
2014-11-21,2,1411212,319.57590091164,6.0,6.5,5.0,61.0,0.0,0.0,1.0
2014-11-21,3,1411213,154.17927135207,6.0,6.5,5.0,61.0,0.0,0.0,1.0
2014-11-21,4,1411214,60.7169885432116,6.0,6.5,5.0,61.0,0.0,0.0,1.0
2014-11-21,5,1411215,274.884916134966,6.0,6.5,5.0,61.0,0.0,0.0,1.0
2014-11-21,6,1411216,88.9610411986744,6.0,6.5,5.0,61.0,0.0,0.0,1.0
2014-11-22,1,1411221,92.6616360079896,7.0,5.75,9.0,61.0,0.0,0.0,1.0
2014-11-22,2,1411222,453.568987542716,7.0,5.75,9.0,61.0,0.0,0.0,1.0
2014-11-22,3,1411223,185.123069490112,7.0,5.75,9.0,61.0,0.0,0.0,1.0
2014-11-22,4,1411224,54.6530484698612,7.0,5.75,9.0,61.0,0.0,0.0,1.0
2014-11-22,5,1411225,268.133001971901,7.0,5.75,9.0,61.0,0.0,0.0,1.0
2014-11-22,6,1411226,35.0737287217727,7.0,5.75,9.0,61.0,0.0,0.0,1.0
2014-11-23,1,1411231,88.8532704507342,6.0,6.75,7.0,21.0,0.0,0.0,1.0
2014-11-23,2,1411232,669.96766227908,6.0,6.75,7.0,21.0,0.0,0.0,1.0
2014-11-23,3,1411233,260.295502050464,6.0,6.75,7.0,21.0,0.0,0.0,1.0
2014-11-23,4,1411234,155.339006239265,6.0,6.75,7.0,21.0,0.0,0.0,1.0
2014-11-23,5,1411235,339.335191808283,6.0,6.75,7.0,21.0,0.0,0.0,1.0
2014-11-23,6,1411236,52.3718362768318,6.0,6.75,7.0,21.0,0.0,0.0,1.0
2014-11-24,1,1411241,135.495058395216,3.0,9.375,10.0,0.0,0.0,0.0,1.0
2014-11-24,2,1411242,308.910885833847,3.0,9.375,10.0,0.0,0.0,0.0,1.0
2014-11-24,3,1411243,144.604223952278,3.0,9.375,10.0,0.0,0.0,0.0,1.0
2014-11-24,4,1411244,61.4807696110531,3.0,9.375,10.0,0.0,0.0,0.0,1.0
2014-11-24,5,1411245,253.979105531988,3.0,9.375,10.0,0.0,0.0,0.0,1.0
2014-11-24,6,1411246,40.7631123393519,3.0,9.375,10.0,0.0,0.0,0.0,1.0
2014-11-25,1,1411251,125.776456029191,0.0,6.875,4.0,0.0,0.0,0.0,1.0
2014-11-25,2,1411252,296.604331640713,0.0,6.875,4.0,0.0,0.0,0.0,1.0
2014-11-25,3,1411253,162.109721535091,0.0,6.875,4.0,0.0,0.0,0.0,1.0
2014-11-25,4,1411254,68.322231294165,0.0,6.875,4.0,0.0,0.0,0.0,1.0
2014-11-25,5,1411255,247.035921813103,0.0,6.875,4.0,0.0,0.0,0.0,1.0
2014-11-25,6,1411256,62.0455462711679,0.0,6.875,4.0,0.0,0.0,0.0,1.0
2014-11-26,1,1411261,98.5421347532514,3.0,5.625,8.0,0.0,0.0,0.0,1.0
2014-11-26,2,1411262,289.631522698695,3.0,5.625,8.0,0.0,0.0,0.0,1.0
2014-11-26,3,1411263,136.466308797577,3.0,5.625,8.0,0.0,0.0,0.0,1.0
2014-11-26,4,1411264,85.6876758075335,3.0,5.625,8.0,0.0,0.0,0.0,1.0
2014-11-26,5,1411265,262.253249103266,3.0,5.625,8.0,0.0,0.0,0.0,1.0
2014-11-26,6,1411266,66.3334945304324,3.0,5.625,8.0,0.0,0.0,0.0,1.0
2014-11-27,1,1411271,114.36674051771,0.0,4.5,10.0,10.0,0.0,0.0,1.0
2014-11-27,2,1411272,295.530738816532,0.0,4.5,10.0,10.0,0.0,0.0,1.0
2014-11-27,3,1411273,133.929603775867,0.0,4.5,10.0,10.0,0.0,0.0,1.0
2014-11-27,4,1411274,76.7515840608809,0.0,4.5,10.0,10.0,0.0,0.0,1.0
2014-11-27,5,1411275,240.231661734869,0.0,4.5,10.0,10.0,0.0,0.0,1.0
2014-11-27,6,1411276,63.8333927968917,0.0,4.5,10.0,10.0,0.0,0.0,1.0
2014-11-28,1,1411281,125.770265298128,6.0,1.625,16.0,10.0,0.0,0.0,1.0
2014-11-28,2,1411282,304.300653670483,6.0,1.625,16.0,10.0,0.0,0.0,1.0
2014-11-28,3,1411283,136.272146510191,6.0,1.625,16.0,10.0,0.0,0.0,1.0
2014-11-28,4,1411284,81.8689054559593,6.0,1.625,16.0,10.0,0.0,0.0,1.0
2014-11-28,5,1411285,247.752074639689,6.0,1.625,16.0,10.0,0.0,0.0,1.0
2014-11-28,6,1411286,87.7747366712683,6.0,1.625,16.0,10.0,0.0,0.0,1.0
2014-11-29,1,1411291,143.276224653699,8.0,1.0,10.0,5.0,0.0,0.0,1.0
2014-11-29,2,1411292,409.329550481107,8.0,1.0,10.0,5.0,0.0,0.0,1.0
2014-11-29,3,1411293,180.203086819412,8.0,1.0,10.0,5.0,0.0,0.0,1.0
2014-11-29,4,1411294,72.0348065153357,8.0,1.0,10.0,5.0,0.0,0.0,1.0
2014-11-29,5,1411295,302.043216833243,8.0,1.0,10.0,5.0,0.0,0.0,1.0
2014-11-29,6,1411296,96.2641065476009,8.0,1.0,10.0,5.0,0.0,0.0,1.0
2014-11-30,1,1411301,70.5238191319592,8.0,0.0,11.0,10.0,0.0,0.0,1.0
2014-11-30,2,1411302,663.600383039894,8.0,0.0,11.0,10.0,0.0,0.0,1.0
2014-11-30,3,1411303,209.357217817955,8.0,0.0,11.0,10.0,0.0,0.0,1.0
2014-11-30,4,1411304,141.988989801749,8.0,0.0,11.0,10.0,0.0,0.0,1.0
2014-11-30,5,1411305,363.220371450019,8.0,0.0,11.0,10.0,0.0,0.0,1.0
2014-11-30,6,1411306,73.7361861778039,8.0,0.0,11.0,10.0,0.0,0.0,1.0
2014-12-01,1,1412011,128.454115308343,7.0,-2.0,13.0,10.0,0.0,0.0,1.0
2014-12-01,2,1412012,270.594408452574,7.0,-2.0,13.0,10.0,0.0,0.0,1.0
2014-12-01,3,1412013,119.427926175146,7.0,-2.0,13.0,10.0,0.0,0.0,1.0
2014-12-01,4,1412014,76.6177603369995,7.0,-2.0,13.0,10.0,0.0,0.0,1.0
2014-12-01,5,1412015,256.608163788753,7.0,-2.0,13.0,10.0,0.0,0.0,1.0
2014-12-01,6,1412016,69.3729485294007,7.0,-2.0,13.0,10.0,0.0,0.0,1.0
2014-12-02,1,1412021,154.242632883405,8.0,-3.0,7.0,10.0,0.0,0.0,1.0
2014-12-02,2,1412022,275.978325664349,8.0,-3.0,7.0,10.0,0.0,0.0,1.0
2014-12-02,3,1412023,114.344792372048,8.0,-3.0,7.0,10.0,0.0,0.0,1.0
2014-12-02,4,1412024,59.393866963155,8.0,-3.0,7.0,10.0,0.0,0.0,1.0
2014-12-02,5,1412025,265.933688534948,8.0,-3.0,7.0,10.0,0.0,0.0,1.0
2014-12-02,6,1412026,83.8656432583178,8.0,-3.0,7.0,10.0,0.0,0.0,1.0
2014-12-03,1,1412031,133.99080245511,7.0,0.625,10.0,10.0,0.0,0.0,1.0
2014-12-03,2,1412032,263.707717313025,7.0,0.625,10.0,10.0,0.0,0.0,1.0
2014-12-03,3,1412033,107.966860484541,7.0,0.625,10.0,10.0,0.0,0.0,1.0
2014-12-03,4,1412034,80.1027639864662,7.0,0.625,10.0,10.0,0.0,0.0,1.0
2014-12-03,5,1412035,246.937134202885,7.0,0.625,10.0,10.0,0.0,0.0,1.0
2014-12-03,6,1412036,77.7390714956598,7.0,0.625,10.0,10.0,0.0,0.0,1.0
2014-12-04,1,1412041,124.167763102648,8.0,3.75,9.0,61.0,0.0,0.0,1.0
2014-12-04,2,1412042,277.730660490861,8.0,3.75,9.0,61.0,0.0,0.0,1.0
2014-12-04,3,1412043,118.980588328359,8.0,3.75,9.0,61.0,0.0,0.0,1.0
2014-12-04,4,1412044,69.3476196125306,8.0,3.75,9.0,61.0,0.0,0.0,1.0
2014-12-04,5,1412045,251.03575101957,8.0,3.75,9.0,61.0,0.0,0.0,1.0
2014-12-04,6,1412046,67.7872034072278,8.0,3.75,9.0,61.0,0.0,0.0,1.0
2014-12-05,1,1412051,83.5104305885102,7.0,2.0,7.0,61.0,0.0,0.0,1.0
2014-12-05,2,1412052,251.296113439956,7.0,2.0,7.0,61.0,0.0,0.0,1.0
2014-12-05,3,1412053,102.714262360814,7.0,2.0,7.0,61.0,0.0,0.0,1.0
2014-12-05,4,1412054,,7.0,2.0,7.0,61.0,0.0,0.0,1.0
2014-12-05,5,1412055,249.466067004435,7.0,2.0,7.0,61.0,0.0,0.0,1.0
2014-12-05,6,1412056,86.1390388088521,7.0,2.0,7.0,61.0,0.0,0.0,1.0
2014-12-06,1,1412061,127.894073901772,2.0,5.75,7.0,10.0,0.0,0.0,1.0
2014-12-06,2,1412062,425.235714224439,2.0,5.75,7.0,10.0,0.0,0.0,1.0
2014-12-06,3,1412063,137.072212637344,2.0,5.75,7.0,10.0,0.0,0.0,1.0
2014-12-06,4,1412064,59.2833325563655,2.0,5.75,7.0,10.0,0.0,0.0,1.0
2014-12-06,5,1412065,291.61851167121,2.0,5.75,7.0,10.0,0.0,0.0,1.0
2014-12-06,6,1412066,172.865984852132,2.0,5.75,7.0,10.0,0.0,0.0,1.0
2014-12-07,1,1412071,75.5129227390682,7.0,4.875,12.0,61.0,0.0,0.0,1.0
2014-12-07,2,1412072,579.742464536357,7.0,4.875,12.0,61.0,0.0,0.0,1.0
2014-12-07,3,1412073,176.398838359498,7.0,4.875,12.0,61.0,0.0,0.0,1.0
2014-12-07,4,1412074,133.440216757033,7.0,4.875,12.0,61.0,0.0,0.0,1.0
2014-12-07,5,1412075,276.651944705429,7.0,4.875,12.0,61.0,0.0,0.0,1.0
2014-12-07,6,1412076,81.806920744225,7.0,4.875,12.0,61.0,0.0,0.0,1.0
2014-12-08,1,1412081,102.678761832615,7.0,3.25,8.0,61.0,0.0,0.0,1.0
2014-12-08,2,1412082,256.596029206385,7.0,3.25,8.0,61.0,0.0,0.0,1.0
2014-12-08,3,1412083,85.1221580572805,7.0,3.25,8.0,61.0,0.0,0.0,1.0
2014-12-08,4,1412084,40.9779581868443,7.0,3.25,8.0,61.0,0.0,0.0,1.0
2014-12-08,5,1412085,235.384838232977,7.0,3.25,8.0,61.0,0.0,0.0,1.0
2014-12-08,6,1412086,67.1101512202498,7.0,3.25,8.0,61.0,0.0,0.0,1.0
2014-12-09,1,1412091,110.476546068652,8.0,2.125,9.0,45.0,0.0,0.0,1.0
2014-12-09,2,1412092,264.881624734699,8.0,2.125,9.0,45.0,0.0,0.0,1.0
2014-12-09,3,1412093,110.188826181187,8.0,2.125,9.0,45.0,0.0,0.0,1.0
2014-12-09,4,1412094,71.1545600771389,8.0,2.125,9.0,45.0,0.0,0.0,1.0
2014-12-09,5,1412095,272.828962614376,8.0,2.125,9.0,45.0,0.0,0.0,1.0
2014-12-09,6,1412096,72.9658764560199,8.0,2.125,9.0,45.0,0.0,0.0,1.0
2014-12-10,1,1412101,99.9187171842705,5.0,4.875,13.0,61.0,0.0,0.0,1.0
2014-12-10,2,1412102,252.699007927617,5.0,4.875,13.0,61.0,0.0,0.0,1.0
2014-12-10,3,1412103,95.9446077675599,5.0,4.875,13.0,61.0,0.0,0.0,1.0
2014-12-10,4,1412104,85.9499222101757,5.0,4.875,13.0,61.0,0.0,0.0,1.0
2014-12-10,5,1412105,269.416456604745,5.0,4.875,13.0,61.0,0.0,0.0,1.0
2014-12-10,6,1412106,117.568348791125,5.0,4.875,13.0,61.0,0.0,0.0,1.0
2014-12-11,1,1412111,109.754570057738,7.0,4.0,12.0,95.0,0.0,0.0,1.0
2014-12-11,2,1412112,283.467086138155,7.0,4.0,12.0,95.0,0.0,0.0,1.0
2014-12-11,3,1412113,86.8158104283075,7.0,4.0,12.0,95.0,0.0,0.0,1.0
2014-12-11,4,1412114,53.6926089868534,7.0,4.0,12.0,95.0,0.0,0.0,1.0
2014-12-11,5,1412115,232.671537573173,7.0,4.0,12.0,95.0,0.0,0.0,1.0
2014-12-11,6,1412116,59.1710326829849,7.0,4.0,12.0,95.0,0.0,0.0,1.0
2014-12-12,1,1412121,109.142671748118,7.0,7.25,18.0,61.0,0.0,0.0,1.0
2014-12-12,2,1412122,236.144754325065,7.0,7.25,18.0,61.0,0.0,0.0,1.0
2014-12-12,3,1412123,87.4546226090543,7.0,7.25,18.0,61.0,0.0,0.0,1.0
2014-12-12,4,1412124,56.9193409036062,7.0,7.25,18.0,61.0,0.0,0.0,1.0
2014-12-12,5,1412125,173.922125269844,7.0,7.25,18.0,61.0,0.0,0.0,1.0
2014-12-12,6,1412126,50.5219587418013,7.0,7.25,18.0,61.0,0.0,0.0,1.0
2014-12-13,1,1412131,124.956684401136,5.0,4.75,10.0,61.0,0.0,0.0,1.0
2014-12-13,2,1412132,401.072721907004,5.0,4.75,10.0,61.0,0.0,0.0,1.0
2014-12-13,3,1412133,141.532178681449,5.0,4.75,10.0,61.0,0.0,0.0,1.0
2014-12-13,4,1412134,60.1931934071604,5.0,4.75,10.0,61.0,0.0,0.0,1.0
2014-12-13,5,1412135,318.659955256217,5.0,4.75,10.0,61.0,0.0,0.0,1.0
2014-12-13,6,1412136,84.1653777121234,5.0,4.75,10.0,61.0,0.0,0.0,1.0
2014-12-14,1,1412141,102.80557310108,4.0,3.5,9.0,10.0,0.0,0.0,1.0
2014-12-14,2,1412142,588.469539344584,4.0,3.5,9.0,10.0,0.0,0.0,1.0
2014-12-14,3,1412143,199.263307540614,4.0,3.5,9.0,10.0,0.0,0.0,1.0
2014-12-14,4,1412144,106.105028003448,4.0,3.5,9.0,10.0,0.0,0.0,1.0
2014-12-14,5,1412145,310.473797597408,4.0,3.5,9.0,10.0,0.0,0.0,1.0
2014-12-14,6,1412146,119.152733340066,4.0,3.5,9.0,10.0,0.0,0.0,1.0
2014-12-15,1,1412151,96.3136936339829,7.0,4.75,11.0,61.0,0.0,0.0,1.0
2014-12-15,2,1412152,243.234625513043,7.0,4.75,11.0,61.0,0.0,0.0,1.0
2014-12-15,3,1412153,84.7009602246491,7.0,4.75,11.0,61.0,0.0,0.0,1.0
2014-12-15,4,1412154,78.4292318376585,7.0,4.75,11.0,61.0,0.0,0.0,1.0
2014-12-15,5,1412155,221.061393791211,7.0,4.75,11.0,61.0,0.0,0.0,1.0
2014-12-15,6,1412156,82.8957232240362,7.0,4.75,11.0,61.0,0.0,0.0,1.0
2014-12-16,1,1412161,97.7685842370004,8.0,4.625,12.0,61.0,0.0,0.0,1.0
2014-12-16,2,1412162,280.87425993814,8.0,4.625,12.0,61.0,0.0,0.0,1.0
2014-12-16,3,1412163,90.6244258825429,8.0,4.625,12.0,61.0,0.0,0.0,1.0
2014-12-16,4,1412164,45.3937627400903,8.0,4.625,12.0,61.0,0.0,0.0,1.0
2014-12-16,5,1412165,289.654771100684,8.0,4.625,12.0,61.0,0.0,0.0,1.0
2014-12-16,6,1412166,78.9261429216086,8.0,4.625,12.0,61.0,0.0,0.0,1.0
2014-12-17,1,1412171,102.856835442046,7.0,3.625,10.0,61.0,0.0,0.0,1.0
2014-12-17,2,1412172,269.192321020123,7.0,3.625,10.0,61.0,0.0,0.0,1.0
2014-12-17,3,1412173,92.8686371290321,7.0,3.625,10.0,61.0,0.0,0.0,1.0
2014-12-17,4,1412174,63.2545637804788,7.0,3.625,10.0,61.0,0.0,0.0,1.0
2014-12-17,5,1412175,278.732408832816,7.0,3.625,10.0,61.0,0.0,0.0,1.0
2014-12-17,6,1412176,82.1046513283604,7.0,3.625,10.0,61.0,0.0,0.0,1.0
2014-12-18,1,1412181,112.769700687238,7.0,10.0,11.0,61.0,0.0,0.0,1.0
2014-12-18,2,1412182,303.352792801362,7.0,10.0,11.0,61.0,0.0,0.0,1.0
2014-12-18,3,1412183,98.9204200179679,7.0,10.0,11.0,61.0,0.0,0.0,1.0
2014-12-18,4,1412184,,7.0,10.0,11.0,61.0,0.0,0.0,1.0
2014-12-18,5,1412185,271.097103833216,7.0,10.0,11.0,61.0,0.0,0.0,1.0
2014-12-18,6,1412186,83.5148847689683,7.0,10.0,11.0,61.0,0.0,0.0,1.0
2014-12-19,1,1412191,100.434605432296,5.0,8.125,15.0,61.0,0.0,0.0,1.0
2014-12-19,2,1412192,307.884791280942,5.0,8.125,15.0,61.0,0.0,0.0,1.0
2014-12-19,3,1412193,82.7764794714156,5.0,8.125,15.0,61.0,0.0,0.0,1.0
2014-12-19,4,1412194,,5.0,8.125,15.0,61.0,0.0,0.0,1.0
2014-12-19,5,1412195,242.849725209084,5.0,8.125,15.0,61.0,0.0,0.0,1.0
2014-12-19,6,1412196,89.4640327456231,5.0,8.125,15.0,61.0,0.0,0.0,1.0
2014-12-20,1,1412201,92.9765497836537,6.0,5.375,24.0,21.0,0.0,0.0,1.0
2014-12-20,2,1412202,384.797857820002,6.0,5.375,24.0,21.0,0.0,0.0,1.0
2014-12-20,3,1412203,136.332087094635,6.0,5.375,24.0,21.0,0.0,0.0,1.0
2014-12-20,4,1412204,,6.0,5.375,24.0,21.0,0.0,0.0,1.0
2014-12-20,5,1412205,178.07254058997,6.0,5.375,24.0,21.0,0.0,0.0,1.0
2014-12-20,6,1412206,40.4652488409206,6.0,5.375,24.0,21.0,0.0,0.0,1.0
2014-12-21,1,1412211,74.1776353738615,6.0,6.625,14.0,21.0,0.0,0.0,1.0
2014-12-21,2,1412212,508.555021590987,6.0,6.625,14.0,21.0,0.0,0.0,1.0
2014-12-21,3,1412213,154.631949040196,6.0,6.625,14.0,21.0,0.0,0.0,1.0
2014-12-21,4,1412214,91.0345897314189,6.0,6.625,14.0,21.0,0.0,0.0,1.0
2014-12-21,5,1412215,253.045516822484,6.0,6.625,14.0,21.0,0.0,0.0,1.0
2014-12-21,6,1412216,38.6855509856721,6.0,6.625,14.0,21.0,0.0,0.0,1.0
2014-12-22,1,1412221,166.062608421996,7.0,9.75,21.0,63.0,0.0,1.0,1.0
2014-12-22,2,1412222,320.634871026775,7.0,9.75,21.0,63.0,0.0,1.0,1.0
2014-12-22,3,1412223,121.78829220581,7.0,9.75,21.0,63.0,0.0,1.0,1.0
2014-12-22,4,1412224,62.8453957199584,7.0,9.75,21.0,63.0,0.0,1.0,1.0
2014-12-22,5,1412225,230.826153750681,7.0,9.75,21.0,63.0,0.0,1.0,1.0
2014-12-22,6,1412226,148.202392082476,7.0,9.75,21.0,63.0,0.0,1.0,1.0
2014-12-23,1,1412231,184.21718934313,7.0,9.125,19.0,61.0,0.0,1.0,1.0
2014-12-23,2,1412232,408.003200633712,7.0,9.125,19.0,61.0,0.0,1.0,1.0
2014-12-23,3,1412233,87.4855416799814,7.0,9.125,19.0,61.0,0.0,1.0,1.0
2014-12-23,4,1412234,,7.0,9.125,19.0,61.0,0.0,1.0,1.0
2014-12-23,5,1412235,224.558853830953,7.0,9.125,19.0,61.0,0.0,1.0,1.0
2014-12-23,6,1412236,113.864501586991,7.0,9.125,19.0,61.0,0.0,1.0,1.0
2014-12-24,1,1412241,289.724706873301,5.0,7.75,21.0,61.0,0.0,1.0,1.0
2014-12-24,2,1412242,477.653662285463,5.0,7.75,21.0,61.0,0.0,1.0,1.0
2014-12-24,3,1412243,100.716513467206,5.0,7.75,21.0,61.0,0.0,1.0,1.0
2014-12-24,4,1412244,,5.0,7.75,21.0,61.0,0.0,1.0,1.0
2014-12-24,5,1412245,268.806966002035,5.0,7.75,21.0,61.0,0.0,1.0,1.0
2014-12-24,6,1412246,60.9934806252716,5.0,7.75,21.0,61.0,0.0,1.0,1.0
2014-12-25,1,1412251,,7.0,3.125,17.0,71.0,0.0,1.0,1.0
2014-12-25,2,1412252,,7.0,3.125,17.0,71.0,0.0,1.0,1.0
2014-12-25,3,1412253,,7.0,3.125,17.0,71.0,0.0,1.0,1.0
2014-12-25,4,1412254,,7.0,3.125,17.0,71.0,0.0,1.0,1.0
2014-12-25,5,1412255,,7.0,3.125,17.0,71.0,0.0,1.0,1.0
2014-12-25,6,1412256,,7.0,3.125,17.0,71.0,0.0,1.0,1.0
2014-12-26,1,1412261,,6.0,0.0,6.0,22.0,0.0,1.0,1.0
2014-12-26,2,1412262,,6.0,0.0,6.0,22.0,0.0,1.0,1.0
2014-12-26,3,1412263,,6.0,0.0,6.0,22.0,0.0,1.0,1.0
2014-12-26,4,1412264,,6.0,0.0,6.0,22.0,0.0,1.0,1.0
2014-12-26,5,1412265,,6.0,0.0,6.0,22.0,0.0,1.0,1.0
2014-12-26,6,1412266,,6.0,0.0,6.0,22.0,0.0,1.0,1.0
2014-12-27,1,1412271,133.160219555693,3.0,-0.25,8.0,22.0,0.0,1.0,1.0
2014-12-27,2,1412272,513.661678925283,3.0,-0.25,8.0,22.0,0.0,1.0,1.0
2014-12-27,3,1412273,184.816622133556,3.0,-0.25,8.0,22.0,0.0,1.0,1.0
2014-12-27,4,1412274,78.5755131710058,3.0,-0.25,8.0,22.0,0.0,1.0,1.0
2014-12-27,5,1412275,286.92402318367,3.0,-0.25,8.0,22.0,0.0,1.0,1.0
2014-12-27,6,1412276,26.1583061455218,3.0,-0.25,8.0,22.0,0.0,1.0,1.0
2014-12-28,1,1412281,65.5011765409885,1.0,-0.5,7.0,0.0,0.0,1.0,1.0
2014-12-28,2,1412282,623.538032623429,1.0,-0.5,7.0,0.0,0.0,1.0,1.0
2014-12-28,3,1412283,165.516327951762,1.0,-0.5,7.0,0.0,0.0,1.0,1.0
2014-12-28,4,1412284,136.001447208449,1.0,-0.5,7.0,0.0,0.0,1.0,1.0
2014-12-28,5,1412285,226.105265011128,1.0,-0.5,7.0,0.0,0.0,1.0,1.0
2014-12-28,6,1412286,79.6840824625434,1.0,-0.5,7.0,0.0,0.0,1.0,1.0
2014-12-29,1,1412291,159.353174871792,5.0,0.75,10.0,0.0,0.0,1.0,1.0
2014-12-29,2,1412292,458.033861425878,5.0,0.75,10.0,0.0,0.0,1.0,1.0
2014-12-29,3,1412293,195.187828407006,5.0,0.75,10.0,0.0,0.0,1.0,1.0
2014-12-29,4,1412294,,5.0,0.75,10.0,0.0,0.0,1.0,1.0
2014-12-29,5,1412295,303.672763265607,5.0,0.75,10.0,0.0,0.0,1.0,1.0
2014-12-29,6,1412296,,5.0,0.75,10.0,0.0,0.0,1.0,1.0
2014-12-30,1,1412301,171.900364677079,7.0,5.25,9.0,21.0,0.0,1.0,1.0
2014-12-30,2,1412302,581.740967169718,7.0,5.25,9.0,21.0,0.0,1.0,1.0
2014-12-30,3,1412303,204.843887483445,7.0,5.25,9.0,21.0,0.0,1.0,1.0
2014-12-30,4,1412304,,7.0,5.25,9.0,21.0,0.0,1.0,1.0
2014-12-30,5,1412305,430.336976841889,7.0,5.25,9.0,21.0,0.0,1.0,1.0
2014-12-30,6,1412306,42.2248053911652,7.0,5.25,9.0,21.0,0.0,1.0,1.0
2014-12-31,1,1412311,253.25502096677,6.0,7.375,11.0,61.0,0.0,1.0,1.0
2014-12-31,2,1412312,643.377780141136,6.0,7.375,11.0,61.0,0.0,1.0,1.0
2014-12-31,3,1412313,162.622976706613,6.0,7.375,11.0,61.0,0.0,1.0,1.0
2014-12-31,4,1412314,,6.0,7.375,11.0,61.0,0.0,1.0,1.0
2014-12-31,5,1412315,1879.46183076734,6.0,7.375,11.0,61.0,0.0,1.0,1.0
2014-12-31,6,1412316,,6.0,7.375,11.0,61.0,0.0,1.0,1.0
2015-01-01,1,1501011,,8.0,4.125,13.0,10.0,0.0,0.0,1.0
2015-01-01,2,1501012,,8.0,4.125,13.0,10.0,0.0,0.0,1.0
2015-01-01,3,1501013,,8.0,4.125,13.0,10.0,0.0,0.0,1.0
2015-01-01,4,1501014,,8.0,4.125,13.0,10.0,0.0,0.0,1.0
2015-01-01,5,1501015,,8.0,4.125,13.0,10.0,0.0,0.0,1.0
2015-01-02,1,1501021,171.436480362582,6.0,7.75,24.0,61.0,0.0,0.0,1.0
2015-01-02,2,1501022,512.177720196036,6.0,7.75,24.0,61.0,0.0,0.0,1.0
2015-01-02,3,1501023,182.12300932264296,6.0,7.75,24.0,61.0,0.0,0.0,1.0
2015-01-02,4,1501024,85.9359726763682,6.0,7.75,24.0,61.0,0.0,0.0,1.0
2015-01-02,5,1501025,300.829805798494,6.0,7.75,24.0,61.0,0.0,0.0,1.0
2015-01-03,1,1501031,146.725466464595,7.0,4.875,25.0,69.0,0.0,0.0,1.0
2015-01-03,2,1501032,495.483686243828,7.0,4.875,25.0,69.0,0.0,0.0,1.0
2015-01-03,3,1501033,170.963077720877,7.0,4.875,25.0,69.0,0.0,0.0,1.0
2015-01-03,4,1501034,74.7193728789218,7.0,4.875,25.0,69.0,0.0,0.0,1.0
2015-01-03,5,1501035,277.833431786885,7.0,4.875,25.0,69.0,0.0,0.0,1.0
2015-01-04,1,1501041,69.2618750164446,0.0,4.75,15.0,69.0,0.0,0.0,1.0
2015-01-04,2,1501042,652.43960117373,0.0,4.75,15.0,69.0,0.0,0.0,1.0
2015-01-04,3,1501043,202.305946358765,0.0,4.75,15.0,69.0,0.0,0.0,1.0
2015-01-04,4,1501044,131.61138792274,0.0,4.75,15.0,69.0,0.0,0.0,1.0
2015-01-04,5,1501045,337.565571891077,0.0,4.75,15.0,69.0,0.0,0.0,1.0
2015-01-05,1,1501051,159.498680849924,8.0,5.875,8.0,20.0,0.0,0.0,1.0
2015-01-05,2,1501052,349.399884653548,8.0,5.875,8.0,20.0,0.0,0.0,1.0
2015-01-05,3,1501053,161.989626362703,8.0,5.875,8.0,20.0,0.0,0.0,1.0
2015-01-05,4,1501054,72.7394907523189,8.0,5.875,8.0,20.0,0.0,0.0,1.0
2015-01-05,5,1501055,270.173731918039,8.0,5.875,8.0,20.0,0.0,0.0,1.0
2015-01-06,1,1501061,116.621821467299,8.0,3.625,8.0,10.0,0.0,0.0,1.0
2015-01-06,2,1501062,310.462558578491,8.0,3.625,8.0,10.0,0.0,0.0,1.0
2015-01-06,3,1501063,125.356639510072,8.0,3.625,8.0,10.0,0.0,0.0,1.0
2015-01-06,4,1501064,85.5846124596724,8.0,3.625,8.0,10.0,0.0,0.0,1.0
2015-01-06,5,1501065,265.854860102674,8.0,3.625,8.0,10.0,0.0,0.0,1.0
2015-01-07,1,1501071,116.046870294295,6.0,5.75,10.0,61.0,0.0,0.0,1.0
2015-01-07,2,1501072,289.568739500106,6.0,5.75,10.0,61.0,0.0,0.0,1.0
2015-01-07,3,1501073,115.662839057947,6.0,5.75,10.0,61.0,0.0,0.0,1.0
2015-01-07,4,1501074,86.9275104588597,6.0,5.75,10.0,61.0,0.0,0.0,1.0
2015-01-07,5,1501075,263.03524552906,6.0,5.75,10.0,61.0,0.0,0.0,1.0
2015-01-08,1,1501081,88.9219763738156,8.0,6.375,9.0,61.0,0.0,0.0,1.0
2015-01-08,2,1501082,313.907584824392,8.0,6.375,9.0,61.0,0.0,0.0,1.0
2015-01-08,3,1501083,91.4747039377377,8.0,6.375,9.0,61.0,0.0,0.0,1.0
2015-01-08,4,1501084,70.3775374736991,8.0,6.375,9.0,61.0,0.0,0.0,1.0
2015-01-08,5,1501085,230.866849428077,8.0,6.375,9.0,61.0,0.0,0.0,1.0
2015-01-09,1,1501091,89.5158553261206,6.0,7.5,25.0,63.0,0.0,0.0,1.0
2015-01-09,2,1501092,314.26237720896,6.0,7.5,25.0,63.0,0.0,0.0,1.0
2015-01-09,3,1501093,111.936085655585,6.0,7.5,25.0,63.0,0.0,0.0,1.0
2015-01-09,4,1501094,71.4384074719189,6.0,7.5,25.0,63.0,0.0,0.0,1.0
2015-01-09,5,1501095,240.167564518219,6.0,7.5,25.0,63.0,0.0,0.0,1.0
2015-01-10,1,1501101,67.954839483437,6.0,10.0,28.0,61.0,0.0,0.0,1.0
2015-01-10,2,1501102,349.344531472799,6.0,10.0,28.0,61.0,0.0,0.0,1.0
2015-01-10,3,1501103,122.265690196784,6.0,10.0,28.0,61.0,0.0,0.0,1.0
2015-01-10,4,1501104,64.1638629091181,6.0,10.0,28.0,61.0,0.0,0.0,1.0
2015-01-10,5,1501105,304.334671385998,6.0,10.0,28.0,61.0,0.0,0.0,1.0
2015-01-11,1,1501111,102.503556455298,5.0,4.25,23.0,61.0,0.0,0.0,1.0
2015-01-11,2,1501112,551.204782732623,5.0,4.25,23.0,61.0,0.0,0.0,1.0
2015-01-11,3,1501113,184.229098838524,5.0,4.25,23.0,61.0,0.0,0.0,1.0
2015-01-11,4,1501114,122.970550791976,5.0,4.25,23.0,61.0,0.0,0.0,1.0
2015-01-11,5,1501115,314.28252636958,5.0,4.25,23.0,61.0,0.0,0.0,1.0
2015-01-12,1,1501121,122.717043089708,7.0,7.5,19.0,61.0,0.0,0.0,1.0
2015-01-12,2,1501122,254.720970873776,7.0,7.5,19.0,61.0,0.0,0.0,1.0
2015-01-12,3,1501123,103.980091719935,7.0,7.5,19.0,61.0,0.0,0.0,1.0
2015-01-12,4,1501124,58.3365912420298,7.0,7.5,19.0,61.0,0.0,0.0,1.0
2015-01-12,5,1501125,183.019346130805,7.0,7.5,19.0,61.0,0.0,0.0,1.0
2015-01-13,1,1501131,86.441812930424,7.0,7.75,14.0,61.0,0.0,0.0,1.0
2015-01-13,2,1501132,253.267146283048,7.0,7.75,14.0,61.0,0.0,0.0,1.0
2015-01-13,3,1501133,98.2223034780195,7.0,7.75,14.0,61.0,0.0,0.0,1.0
2015-01-13,4,1501134,68.9972825054419,7.0,7.75,14.0,61.0,0.0,0.0,1.0
2015-01-13,5,1501135,248.091361140205,7.0,7.75,14.0,61.0,0.0,0.0,1.0
2015-01-14,1,1501141,72.7918398175921,6.0,3.125,16.0,71.0,0.0,0.0,1.0
2015-01-14,2,1501142,229.38414618971,6.0,3.125,16.0,71.0,0.0,0.0,1.0
2015-01-14,3,1501143,99.415923686111,6.0,3.125,16.0,71.0,0.0,0.0,1.0
2015-01-14,4,1501144,70.4651659015092,6.0,3.125,16.0,71.0,0.0,0.0,1.0
2015-01-14,5,1501145,235.49178387272,6.0,3.125,16.0,71.0,0.0,0.0,1.0
2015-01-15,1,1501151,93.7671799134285,7.0,6.75,14.0,61.0,0.0,0.0,1.0
2015-01-15,2,1501152,251.148387388712,7.0,6.75,14.0,61.0,0.0,0.0,1.0
2015-01-15,3,1501153,79.0898875141396,7.0,6.75,14.0,61.0,0.0,0.0,1.0
2015-01-15,4,1501154,69.4440159990795,7.0,6.75,14.0,61.0,0.0,0.0,1.0
2015-01-15,5,1501155,255.715603348889,7.0,6.75,14.0,61.0,0.0,0.0,1.0
2015-01-16,1,1501161,131.913950068001,6.0,6.75,13.0,0.0,0.0,0.0,1.0
2015-01-16,2,1501162,314.442179091712,6.0,6.75,13.0,0.0,0.0,0.0,1.0
2015-01-16,3,1501163,135.042115386384,6.0,6.75,13.0,0.0,0.0,0.0,1.0
2015-01-16,4,1501164,78.3484660148403,6.0,6.75,13.0,0.0,0.0,0.0,1.0
2015-01-16,5,1501165,294.576404705863,6.0,6.75,13.0,0.0,0.0,0.0,1.0
2015-01-17,1,1501171,115.086208812258,1.0,4.25,12.0,21.0,0.0,0.0,1.0
2015-01-17,2,1501172,447.611692815639,1.0,4.25,12.0,21.0,0.0,0.0,1.0
2015-01-17,3,1501173,144.697761867106,1.0,4.25,12.0,21.0,0.0,0.0,1.0
2015-01-17,4,1501174,101.780919085691,1.0,4.25,12.0,21.0,0.0,0.0,1.0
2015-01-17,5,1501175,382.824611402643,1.0,4.25,12.0,21.0,0.0,0.0,1.0
2015-01-18,1,1501181,47.8910511689248,8.0,2.0,9.0,61.0,0.0,0.0,1.0
2015-01-18,2,1501182,615.895161452642,8.0,2.0,9.0,61.0,0.0,0.0,1.0
2015-01-18,3,1501183,181.247790389923,8.0,2.0,9.0,61.0,0.0,0.0,1.0
2015-01-18,4,1501184,204.693311193378,8.0,2.0,9.0,61.0,0.0,0.0,1.0
2015-01-18,5,1501185,325.12197864382,8.0,2.0,9.0,61.0,0.0,0.0,1.0
2015-01-19,1,1501191,138.935449172918,7.0,1.0,5.0,71.0,0.0,0.0,1.0
2015-01-19,2,1501192,287.12848916472,7.0,1.0,5.0,71.0,0.0,0.0,1.0
2015-01-19,3,1501193,106.522532414392,7.0,1.0,5.0,71.0,0.0,0.0,1.0
2015-01-19,4,1501194,63.0120526976263,7.0,1.0,5.0,71.0,0.0,0.0,1.0
2015-01-19,5,1501195,243.750686660054,7.0,1.0,5.0,71.0,0.0,0.0,1.0
2015-01-20,1,1501201,116.932538278351,7.0,-0.375,4.0,77.0,0.0,0.0,1.0
2015-01-20,2,1501202,297.627496877784,7.0,-0.375,4.0,77.0,0.0,0.0,1.0
2015-01-20,3,1501203,115.880593765192,7.0,-0.375,4.0,77.0,0.0,0.0,1.0
2015-01-20,4,1501204,73.0375497476955,7.0,-0.375,4.0,77.0,0.0,0.0,1.0
2015-01-20,5,1501205,309.385357960923,7.0,-0.375,4.0,77.0,0.0,0.0,1.0
2015-01-21,1,1501211,90.1034587863099,8.0,-1.125,4.0,10.0,0.0,0.0,1.0
2015-01-21,2,1501212,285.545986768458,8.0,-1.125,4.0,10.0,0.0,0.0,1.0
2015-01-21,3,1501213,115.517804650047,8.0,-1.125,4.0,10.0,0.0,0.0,1.0
2015-01-21,4,1501214,63.1553176365701,8.0,-1.125,4.0,10.0,0.0,0.0,1.0
2015-01-21,5,1501215,271.986313846711,8.0,-1.125,4.0,10.0,0.0,0.0,1.0
2015-01-22,1,1501221,135.950512983467,7.0,-1.375,3.0,49.0,0.0,0.0,1.0
2015-01-22,2,1501222,265.194435459988,7.0,-1.375,3.0,49.0,0.0,0.0,1.0
2015-01-22,3,1501223,113.37969263442,7.0,-1.375,3.0,49.0,0.0,0.0,1.0
2015-01-22,4,1501224,61.8038023909784,7.0,-1.375,3.0,49.0,0.0,0.0,1.0
2015-01-22,5,1501225,299.101267021608,7.0,-1.375,3.0,49.0,0.0,0.0,1.0
2015-01-23,1,1501231,130.976061288992,8.0,-1.25,5.0,20.0,0.0,0.0,1.0
2015-01-23,2,1501232,279.183609587953,8.0,-1.25,5.0,20.0,0.0,0.0,1.0
2015-01-23,3,1501233,99.976780581078,8.0,-1.25,5.0,20.0,0.0,0.0,1.0
2015-01-23,4,1501234,68.559045168997,8.0,-1.25,5.0,20.0,0.0,0.0,1.0
2015-01-23,5,1501235,275.460914012407,8.0,-1.25,5.0,20.0,0.0,0.0,1.0
2015-01-24,1,1501241,140.03186322028,7.0,-0.5,10.0,71.0,0.0,0.0,1.0
2015-01-24,2,1501242,415.166425975778,7.0,-0.5,10.0,71.0,0.0,0.0,1.0
2015-01-24,3,1501243,133.804409424965,7.0,-0.5,10.0,71.0,0.0,0.0,1.0
2015-01-24,4,1501244,54.0561105891749,7.0,-0.5,10.0,71.0,0.0,0.0,1.0
2015-01-24,5,1501245,376.785950449622,7.0,-0.5,10.0,71.0,0.0,0.0,1.0
2015-01-25,1,1501251,94.493388512183,6.0,2.875,6.0,71.0,0.0,0.0,1.0
2015-01-25,2,1501252,555.586060097281,6.0,2.875,6.0,71.0,0.0,0.0,1.0
2015-01-25,3,1501253,182.842935108665,6.0,2.875,6.0,71.0,0.0,0.0,1.0
2015-01-25,4,1501254,176.90180258166,6.0,2.875,6.0,71.0,0.0,0.0,1.0
2015-01-25,5,1501255,432.111683660143,6.0,2.875,6.0,71.0,0.0,0.0,1.0
2015-01-26,1,1501261,150.51678717379,7.0,3.375,10.0,61.0,0.0,0.0,1.0
2015-01-26,2,1501262,285.783235454514,7.0,3.375,10.0,61.0,0.0,0.0,1.0
2015-01-26,3,1501263,94.8677658759417,7.0,3.375,10.0,61.0,0.0,0.0,1.0
2015-01-26,4,1501264,62.7936586310808,7.0,3.375,10.0,61.0,0.0,0.0,1.0
2015-01-26,5,1501265,214.316488368471,7.0,3.375,10.0,61.0,0.0,0.0,1.0
2015-01-27,1,1501271,141.518792699705,2.0,4.875,13.0,61.0,0.0,0.0,1.0
2015-01-27,2,1501272,286.802025247007,2.0,4.875,13.0,61.0,0.0,0.0,1.0
2015-01-27,3,1501273,127.229895506694,2.0,4.875,13.0,61.0,0.0,0.0,1.0
2015-01-27,4,1501274,78.6674035279493,2.0,4.875,13.0,61.0,0.0,0.0,1.0
2015-01-27,5,1501275,259.895021701426,2.0,4.875,13.0,61.0,0.0,0.0,1.0
2015-01-28,1,1501281,124.273404481234,7.0,4.875,17.0,61.0,0.0,0.0,1.0
2015-01-28,2,1501282,318.608712118946,7.0,4.875,17.0,61.0,0.0,0.0,1.0
2015-01-28,3,1501283,119.389750342982,7.0,4.875,17.0,61.0,0.0,0.0,1.0
2015-01-28,4,1501284,54.1152141456079,7.0,4.875,17.0,61.0,0.0,0.0,1.0
2015-01-28,5,1501285,290.420362377553,7.0,4.875,17.0,61.0,0.0,0.0,1.0
2015-01-29,1,1501291,129.932530553471,7.0,1.5,12.0,75.0,0.0,0.0,1.0
2015-01-29,2,1501292,276.548941252601,7.0,1.5,12.0,75.0,0.0,0.0,1.0
2015-01-29,3,1501293,130.868669740543,7.0,1.5,12.0,75.0,0.0,0.0,1.0
2015-01-29,4,1501294,66.4012476272315,7.0,1.5,12.0,75.0,0.0,0.0,1.0
2015-01-29,5,1501295,298.873227773722,7.0,1.5,12.0,75.0,0.0,0.0,1.0
2015-01-30,1,1501301,100.75421525386,7.0,1.125,6.0,75.0,0.0,0.0,1.0
2015-01-30,2,1501302,315.018937970584,7.0,1.125,6.0,75.0,0.0,0.0,1.0
2015-01-30,3,1501303,159.093345754654,7.0,1.125,6.0,75.0,0.0,0.0,1.0
2015-01-30,4,1501304,67.652941573495,7.0,1.125,6.0,75.0,0.0,0.0,1.0
2015-01-30,5,1501305,301.211380864112,7.0,1.125,6.0,75.0,0.0,0.0,1.0
2015-01-31,1,1501311,129.039421255357,7.0,-2.375,7.0,49.0,0.0,0.0,1.0
2015-01-31,2,1501312,433.183884520481,7.0,-2.375,7.0,49.0,0.0,0.0,1.0
2015-01-31,3,1501313,168.031157476338,7.0,-2.375,7.0,49.0,0.0,0.0,1.0
2015-01-31,4,1501314,66.4961056765624,7.0,-2.375,7.0,49.0,0.0,0.0,1.0
2015-01-31,5,1501315,442.294446547651,7.0,-2.375,7.0,49.0,0.0,0.0,1.0
2015-02-01,1,1502011,92.189837282486,7.0,-0.25,9.0,75.0,0.0,0.0,1.0
2015-02-01,2,1502012,633.309542257817,7.0,-0.25,9.0,75.0,0.0,0.0,1.0
2015-02-01,3,1502013,187.804159224486,7.0,-0.25,9.0,75.0,0.0,0.0,1.0
2015-02-01,4,1502014,214.869292194541,7.0,-0.25,9.0,75.0,0.0,0.0,1.0
2015-02-01,5,1502015,388.585353237256,7.0,-0.25,9.0,75.0,0.0,0.0,1.0
2015-02-02,1,1502021,159.254353701805,6.0,1.0,10.0,22.0,0.0,1.0,1.0
2015-02-02,2,1502022,338.327210161774,6.0,1.0,10.0,22.0,0.0,1.0,1.0
2015-02-02,3,1502023,117.759219302661,6.0,1.0,10.0,22.0,0.0,1.0,1.0
2015-02-02,4,1502024,123.697766488052,6.0,1.0,10.0,22.0,0.0,1.0,1.0
2015-02-02,5,1502025,317.407641410708,6.0,1.0,10.0,22.0,0.0,1.0,1.0
2015-02-03,1,1502031,112.095171542871,7.0,-1.0,10.0,77.0,0.0,1.0,1.0
2015-02-03,2,1502032,258.959088520931,7.0,-1.0,10.0,77.0,0.0,1.0,1.0
2015-02-03,3,1502033,117.984827108186,7.0,-1.0,10.0,77.0,0.0,1.0,1.0
2015-02-03,4,1502034,104.342988837394,7.0,-1.0,10.0,77.0,0.0,1.0,1.0
2015-02-03,5,1502035,289.847839834235,7.0,-1.0,10.0,77.0,0.0,1.0,1.0
2015-02-04,1,1502041,111.66941350432,6.0,-1.875,9.0,0.0,0.0,0.0,1.0
2015-02-04,2,1502042,255.937860472559,6.0,-1.875,9.0,0.0,0.0,0.0,1.0
2015-02-04,3,1502043,92.2056862044036,6.0,-1.875,9.0,0.0,0.0,0.0,1.0
2015-02-04,4,1502044,127.095636994155,6.0,-1.875,9.0,0.0,0.0,0.0,1.0
2015-02-04,5,1502045,294.315633387072,6.0,-1.875,9.0,0.0,0.0,0.0,1.0
2015-02-05,1,1502051,133.827962608871,5.0,0.75,10.0,22.0,0.0,0.0,1.0
2015-02-05,2,1502052,277.511618112389,5.0,0.75,10.0,22.0,0.0,0.0,1.0
2015-02-05,3,1502053,78.9008139226001,5.0,0.75,10.0,22.0,0.0,0.0,1.0
2015-02-05,4,1502054,106.882617972076,5.0,0.75,10.0,22.0,0.0,0.0,1.0
2015-02-05,5,1502055,297.882645346675,5.0,0.75,10.0,22.0,0.0,0.0,1.0
2015-02-06,1,1502061,136.337106368056,2.0,-0.5,6.0,22.0,0.0,0.0,1.0
2015-02-06,2,1502062,312.249043728816,2.0,-0.5,6.0,22.0,0.0,0.0,1.0
2015-02-06,3,1502063,115.704976585312,2.0,-0.5,6.0,22.0,0.0,0.0,1.0
2015-02-06,4,1502064,219.523814146721,2.0,-0.5,6.0,22.0,0.0,0.0,1.0
2015-02-06,5,1502065,385.500566451671,2.0,-0.5,6.0,22.0,0.0,0.0,1.0
2015-02-07,1,1502071,130.642229801113,7.0,4.125,18.0,20.0,0.0,0.0,1.0
2015-02-07,2,1502072,381.572014473511,7.0,4.125,18.0,20.0,0.0,0.0,1.0
2015-02-07,3,1502073,140.836707362583,7.0,4.125,18.0,20.0,0.0,0.0,1.0
2015-02-07,4,1502074,136.049442310194,7.0,4.125,18.0,20.0,0.0,0.0,1.0
2015-02-07,5,1502075,349.157579410765,7.0,4.125,18.0,20.0,0.0,0.0,1.0
2015-02-08,1,1502081,62.750062992056,1.0,3.375,14.0,20.0,0.0,0.0,1.0
2015-02-08,2,1502082,531.337730533032,1.0,3.375,14.0,20.0,0.0,0.0,1.0
2015-02-08,3,1502083,178.816699756959,1.0,3.375,14.0,20.0,0.0,0.0,1.0
2015-02-08,4,1502084,256.535701898324,1.0,3.375,14.0,20.0,0.0,0.0,1.0
2015-02-08,5,1502085,470.166189255824,1.0,3.375,14.0,20.0,0.0,0.0,1.0
2015-02-09,1,1502091,112.747460478504,7.0,6.875,13.0,61.0,0.0,0.0,1.0
2015-02-09,2,1502092,281.177822022831,7.0,6.875,13.0,61.0,0.0,0.0,1.0
2015-02-09,3,1502093,79.404680687591,7.0,6.875,13.0,61.0,0.0,0.0,1.0
2015-02-09,4,1502094,121.963218496309,7.0,6.875,13.0,61.0,0.0,0.0,1.0
2015-02-09,5,1502095,258.736139221055,7.0,6.875,13.0,61.0,0.0,0.0,1.0
2015-02-10,1,1502101,94.7581535487495,7.0,7.625,11.0,61.0,0.0,0.0,1.0
2015-02-10,2,1502102,266.498461599989,7.0,7.625,11.0,61.0,0.0,0.0,1.0
2015-02-10,3,1502103,103.738973554113,7.0,7.625,11.0,61.0,0.0,0.0,1.0
2015-02-10,4,1502104,124.082529993763,7.0,7.625,11.0,61.0,0.0,0.0,1.0
2015-02-10,5,1502105,259.000724136407,7.0,7.625,11.0,61.0,0.0,0.0,1.0
2015-02-11,1,1502111,94.7022920091949,8.0,4.0,5.0,61.0,0.0,0.0,1.0
2015-02-11,2,1502112,283.832157618276,8.0,4.0,5.0,61.0,0.0,0.0,1.0
2015-02-11,3,1502113,99.6609741429996,8.0,4.0,5.0,61.0,0.0,0.0,1.0
2015-02-11,4,1502114,133.991008009117,8.0,4.0,5.0,61.0,0.0,0.0,1.0
2015-02-11,5,1502115,275.502444506022,8.0,4.0,5.0,61.0,0.0,0.0,1.0
2015-02-12,1,1502121,99.5801689919554,8.0,2.0,4.0,10.0,0.0,0.0,1.0
2015-02-12,2,1502122,245.235034353123,8.0,2.0,4.0,10.0,0.0,0.0,1.0
2015-02-12,3,1502123,80.5417984183017,8.0,2.0,4.0,10.0,0.0,0.0,1.0
2015-02-12,4,1502124,105.109162581464,8.0,2.0,4.0,10.0,0.0,0.0,1.0
2015-02-12,5,1502125,259.722071852511,8.0,2.0,4.0,10.0,0.0,0.0,1.0
2015-02-13,1,1502131,91.3547288868634,8.0,1.25,6.0,10.0,0.0,0.0,1.0
2015-02-13,2,1502132,250.608335314639,8.0,1.25,6.0,10.0,0.0,0.0,1.0
2015-02-13,3,1502133,106.163072731659,8.0,1.25,6.0,10.0,0.0,0.0,1.0
2015-02-13,4,1502134,164.114000189702,8.0,1.25,6.0,10.0,0.0,0.0,1.0
2015-02-13,5,1502135,315.198418349884,8.0,1.25,6.0,10.0,0.0,0.0,1.0
2015-02-14,1,1502141,62.2346006049711,7.0,1.625,9.0,28.0,0.0,0.0,1.0
2015-02-14,2,1502142,417.742376983156,7.0,1.625,9.0,28.0,0.0,0.0,1.0
2015-02-14,3,1502143,143.371302913962,7.0,1.625,9.0,28.0,0.0,0.0,1.0
2015-02-14,4,1502144,190.148450615832,7.0,1.625,9.0,28.0,0.0,0.0,1.0
2015-02-14,5,1502145,394.074973494992,7.0,1.625,9.0,28.0,0.0,0.0,1.0
2015-02-15,1,1502151,96.7929953706798,7.0,3.125,16.0,10.0,0.0,0.0,1.0
2015-02-15,2,1502152,481.860668097093,7.0,3.125,16.0,10.0,0.0,0.0,1.0
2015-02-15,3,1502153,173.243830006668,7.0,3.125,16.0,10.0,0.0,0.0,1.0
2015-02-15,4,1502154,197.39238538863,7.0,3.125,16.0,10.0,0.0,0.0,1.0
2015-02-15,5,1502155,360.747312180387,7.0,3.125,16.0,10.0,0.0,0.0,1.0
2015-02-16,1,1502161,118.255475071685,8.0,2.0,9.0,10.0,0.0,0.0,1.0
2015-02-16,2,1502162,286.888417666815,8.0,2.0,9.0,10.0,0.0,0.0,1.0
2015-02-16,3,1502163,126.326268412728,8.0,2.0,9.0,10.0,0.0,0.0,1.0
2015-02-16,4,1502164,97.6035128733651,8.0,2.0,9.0,10.0,0.0,0.0,1.0
2015-02-16,5,1502165,285.836214390694,8.0,2.0,9.0,10.0,0.0,0.0,1.0
2015-02-17,1,1502171,118.509639861913,6.0,1.125,7.0,45.0,0.0,0.0,1.0
2015-02-17,2,1502172,262.907455009083,6.0,1.125,7.0,45.0,0.0,0.0,1.0
2015-02-17,3,1502173,113.350935013155,6.0,1.125,7.0,45.0,0.0,0.0,1.0
2015-02-17,4,1502174,136.83107870616,6.0,1.125,7.0,45.0,0.0,0.0,1.0
2015-02-17,5,1502175,305.542955060461,6.0,1.125,7.0,45.0,0.0,0.0,1.0
2015-02-18,1,1502181,123.267817249283,3.0,5.5,12.0,10.0,0.0,0.0,1.0
2015-02-18,2,1502182,248.327220948223,3.0,5.5,12.0,10.0,0.0,0.0,1.0
2015-02-18,3,1502183,81.7131255419403,3.0,5.5,12.0,10.0,0.0,0.0,1.0
2015-02-18,4,1502184,98.7240235777811,3.0,5.5,12.0,10.0,0.0,0.0,1.0
2015-02-18,5,1502185,276.652206222818,3.0,5.5,12.0,10.0,0.0,0.0,1.0
2015-02-19,1,1502191,123.69090336092,0.0,6.25,13.0,5.0,0.0,0.0,1.0
2015-02-19,2,1502192,284.788201346631,0.0,6.25,13.0,5.0,0.0,0.0,1.0
2015-02-19,3,1502193,96.8477619511367,0.0,6.25,13.0,5.0,0.0,0.0,1.0
2015-02-19,4,1502194,144.886196208494,0.0,6.25,13.0,5.0,0.0,0.0,1.0
2015-02-19,5,1502195,321.730863755787,0.0,6.25,13.0,5.0,0.0,0.0,1.0
2015-02-20,1,1502201,117.287703917599,8.0,3.875,11.0,71.0,0.0,0.0,1.0
2015-02-20,2,1502202,313.931874526489,8.0,3.875,11.0,71.0,0.0,0.0,1.0
2015-02-20,3,1502203,106.086454562447,8.0,3.875,11.0,71.0,0.0,0.0,1.0
2015-02-20,4,1502204,138.979259617537,8.0,3.875,11.0,71.0,0.0,0.0,1.0
2015-02-20,5,1502205,265.719910475798,8.0,3.875,11.0,71.0,0.0,0.0,1.0
2015-02-21,1,1502211,107.174143505865,7.0,3.875,16.0,61.0,0.0,0.0,1.0
2015-02-21,2,1502212,389.388938515412,7.0,3.875,16.0,61.0,0.0,0.0,1.0
2015-02-21,3,1502213,124.81765406962,7.0,3.875,16.0,61.0,0.0,0.0,1.0
2015-02-21,4,1502214,111.305294286303,7.0,3.875,16.0,61.0,0.0,0.0,1.0
2015-02-21,5,1502215,276.812334391166,7.0,3.875,16.0,61.0,0.0,0.0,1.0
2015-02-22,1,1502221,70.4631468349699,5.0,5.25,13.0,0.0,0.0,0.0,1.0
2015-02-22,2,1502222,560.280256054484,5.0,5.25,13.0,0.0,0.0,0.0,1.0
2015-02-22,3,1502223,189.394297054986,5.0,5.25,13.0,0.0,0.0,0.0,1.0
2015-02-22,4,1502224,329.636553747233,5.0,5.25,13.0,0.0,0.0,0.0,1.0
2015-02-22,5,1502225,465.661982102677,5.0,5.25,13.0,0.0,0.0,0.0,1.0
2015-02-23,1,1502231,66.8925102653853,7.0,4.5,12.0,61.0,0.0,0.0,1.0
2015-02-23,2,1502232,222.509783508774,7.0,4.5,12.0,61.0,0.0,0.0,1.0
2015-02-23,3,1502233,94.7593504073171,7.0,4.5,12.0,61.0,0.0,0.0,1.0
2015-02-23,4,1502234,65.2802336107391,7.0,4.5,12.0,61.0,0.0,0.0,1.0
2015-02-23,5,1502235,209.048085196786,7.0,4.5,12.0,61.0,0.0,0.0,1.0
2015-02-24,1,1502241,105.730056008902,7.0,5.625,12.0,61.0,0.0,0.0,1.0
2015-02-24,2,1502242,243.882700841609,7.0,5.625,12.0,61.0,0.0,0.0,1.0
2015-02-24,3,1502243,81.9621637813295,7.0,5.625,12.0,61.0,0.0,0.0,1.0
2015-02-24,4,1502244,85.4723306797636,7.0,5.625,12.0,61.0,0.0,0.0,1.0
2015-02-24,5,1502245,235.546367715921,7.0,5.625,12.0,61.0,0.0,0.0,1.0
2015-02-25,1,1502251,81.6177684403834,5.0,5.875,10.0,61.0,0.0,0.0,1.0
2015-02-25,2,1502252,247.265053559437,5.0,5.875,10.0,61.0,0.0,0.0,1.0
2015-02-25,3,1502253,104.962981551613,5.0,5.875,10.0,61.0,0.0,0.0,1.0
2015-02-25,4,1502254,66.5001800170103,5.0,5.875,10.0,61.0,0.0,0.0,1.0
2015-02-25,5,1502255,248.748539126529,5.0,5.875,10.0,61.0,0.0,0.0,1.0
2015-02-26,1,1502261,104.017958777385,5.0,6.625,10.0,0.0,0.0,0.0,1.0
2015-02-26,2,1502262,245.520846652551,5.0,6.625,10.0,0.0,0.0,0.0,1.0
2015-02-26,3,1502263,61.8286141075604,5.0,6.625,10.0,0.0,0.0,0.0,1.0
2015-02-26,4,1502264,53.8573258596081,5.0,6.625,10.0,0.0,0.0,0.0,1.0
2015-02-26,5,1502265,203.846174479151,5.0,6.625,10.0,0.0,0.0,0.0,1.0
2015-02-27,1,1502271,101.514216092369,7.0,4.5,9.0,61.0,0.0,0.0,1.0
2015-02-27,2,1502272,268.705012903315,7.0,4.5,9.0,61.0,0.0,0.0,1.0
2015-02-27,3,1502273,107.787737695716,7.0,4.5,9.0,61.0,0.0,0.0,1.0
2015-02-27,4,1502274,90.6234358309477,7.0,4.5,9.0,61.0,0.0,0.0,1.0
2015-02-27,5,1502275,212.664119358187,7.0,4.5,9.0,61.0,0.0,0.0,1.0
2015-02-28,1,1502281,99.5688944630867,3.0,5.625,10.0,0.0,0.0,0.0,1.0
2015-02-28,2,1502282,343.067931178869,3.0,5.625,10.0,0.0,0.0,0.0,1.0
2015-02-28,3,1502283,131.146672361349,3.0,5.625,10.0,0.0,0.0,0.0,1.0
2015-02-28,4,1502284,66.7494991172986,3.0,5.625,10.0,0.0,0.0,0.0,1.0
2015-02-28,5,1502285,298.020877734513,3.0,5.625,10.0,0.0,0.0,0.0,1.0
2015-03-01,1,1503011,45.7343245346269,7.0,6.75,15.0,61.0,0.0,0.0,1.0
2015-03-01,2,1503012,435.076835491745,7.0,6.75,15.0,61.0,0.0,0.0,1.0
2015-03-01,3,1503013,174.178021471163,7.0,6.75,15.0,61.0,0.0,0.0,1.0
2015-03-01,4,1503014,115.774341903804,7.0,6.75,15.0,61.0,0.0,0.0,1.0
2015-03-01,5,1503015,288.61976876178,7.0,6.75,15.0,61.0,0.0,0.0,1.0
2015-03-02,1,1503021,104.963808490064,6.0,5.125,23.0,61.0,0.0,0.0,1.0
2015-03-02,2,1503022,254.485164508834,6.0,5.125,23.0,61.0,0.0,0.0,1.0
2015-03-02,3,1503023,82.7182341803118,6.0,5.125,23.0,61.0,0.0,0.0,1.0
2015-03-02,4,1503024,71.9084682586098,6.0,5.125,23.0,61.0,0.0,0.0,1.0
2015-03-02,5,1503025,186.087523297592,6.0,5.125,23.0,61.0,0.0,0.0,1.0
2015-03-03,1,1503031,96.3163361056603,6.0,5.0,14.0,61.0,0.0,0.0,1.0
2015-03-03,2,1503032,270.361598110118,6.0,5.0,14.0,61.0,0.0,0.0,1.0
2015-03-03,3,1503033,77.4418733695842,6.0,5.0,14.0,61.0,0.0,0.0,1.0
2015-03-03,4,1503034,46.549832303522,6.0,5.0,14.0,61.0,0.0,0.0,1.0
2015-03-03,5,1503035,233.360645977411,6.0,5.0,14.0,61.0,0.0,0.0,1.0
2015-03-04,1,1503041,76.5028628068188,6.0,5.0,18.0,61.0,0.0,0.0,1.0
2015-03-04,2,1503042,246.332586657334,6.0,5.0,18.0,61.0,0.0,0.0,1.0
2015-03-04,3,1503043,102.301053538414,6.0,5.0,18.0,61.0,0.0,0.0,1.0
2015-03-04,4,1503044,65.1707860093035,6.0,5.0,18.0,61.0,0.0,0.0,1.0
2015-03-04,5,1503045,227.526630558065,6.0,5.0,18.0,61.0,0.0,0.0,1.0
2015-03-05,1,1503051,115.664704258596,7.0,6.625,14.0,61.0,0.0,0.0,1.0
2015-03-05,2,1503052,275.116919242864,7.0,6.625,14.0,61.0,0.0,0.0,1.0
2015-03-05,3,1503053,117.287155134629,7.0,6.625,14.0,61.0,0.0,0.0,1.0
2015-03-05,4,1503054,65.2095428993818,7.0,6.625,14.0,61.0,0.0,0.0,1.0
2015-03-05,5,1503055,205.059139995828,7.0,6.625,14.0,61.0,0.0,0.0,1.0
2015-03-06,1,1503061,100.668607215573,7.0,8.125,12.0,20.0,0.0,0.0,1.0
2015-03-06,2,1503062,297.136244722274,7.0,8.125,12.0,20.0,0.0,0.0,1.0
2015-03-06,3,1503063,121.559740836917,7.0,8.125,12.0,20.0,0.0,0.0,1.0
2015-03-06,4,1503064,68.8019764229724,7.0,8.125,12.0,20.0,0.0,0.0,1.0
2015-03-06,5,1503065,238.613238236779,7.0,8.125,12.0,20.0,0.0,0.0,1.0
2015-03-07,1,1503071,106.704697425172,7.0,10.125,13.0,0.0,0.0,0.0,1.0
2015-03-07,2,1503072,371.471472262365,7.0,10.125,13.0,0.0,0.0,0.0,1.0
2015-03-07,3,1503073,116.290165013612,7.0,10.125,13.0,0.0,0.0,0.0,1.0
2015-03-07,4,1503074,104.606853245048,7.0,10.125,13.0,0.0,0.0,0.0,1.0
2015-03-07,5,1503075,262.806831079145,7.0,10.125,13.0,0.0,0.0,0.0,1.0
2015-03-08,1,1503081,80.654299664346,0.0,14.0,12.0,0.0,0.0,0.0,1.0
2015-03-08,2,1503082,554.721366656377,0.0,14.0,12.0,0.0,0.0,0.0,1.0
2015-03-08,3,1503083,177.593434050659,0.0,14.0,12.0,0.0,0.0,0.0,1.0
2015-03-08,4,1503084,205.57099280524,0.0,14.0,12.0,0.0,0.0,0.0,1.0
2015-03-08,5,1503085,341.796143879394,0.0,14.0,12.0,0.0,0.0,0.0,1.0
2015-03-09,1,1503091,145.517595242024,4.0,8.375,6.0,0.0,0.0,0.0,1.0
2015-03-09,2,1503092,280.114708230479,4.0,8.375,6.0,0.0,0.0,0.0,1.0
2015-03-09,3,1503093,80.1311749505893,4.0,8.375,6.0,0.0,0.0,0.0,1.0
2015-03-09,4,1503094,41.7256099434086,4.0,8.375,6.0,0.0,0.0,0.0,1.0
2015-03-09,5,1503095,261.326829122549,4.0,8.375,6.0,0.0,0.0,0.0,1.0
2015-03-10,1,1503101,120.053548888447,3.0,9.5,13.0,10.0,0.0,0.0,1.0
2015-03-10,2,1503102,279.649961183193,3.0,9.5,13.0,10.0,0.0,0.0,1.0
2015-03-10,3,1503103,130.325454800002,3.0,9.5,13.0,10.0,0.0,0.0,1.0
2015-03-10,4,1503104,81.469301222971,3.0,9.5,13.0,10.0,0.0,0.0,1.0
2015-03-10,5,1503105,232.538394821195,3.0,9.5,13.0,10.0,0.0,0.0,1.0
2015-03-11,1,1503111,77.5925278766144,0.0,9.125,12.0,10.0,0.0,0.0,1.0
2015-03-11,2,1503112,274.719950167954,0.0,9.125,12.0,10.0,0.0,0.0,1.0
2015-03-11,3,1503113,102.068111666797,0.0,9.125,12.0,10.0,0.0,0.0,1.0
2015-03-11,4,1503114,56.4990825988405,0.0,9.125,12.0,10.0,0.0,0.0,1.0
2015-03-11,5,1503115,223.970103711564,0.0,9.125,12.0,10.0,0.0,0.0,1.0
2015-03-12,1,1503121,123.321210172569,0.0,7.125,10.0,0.0,0.0,0.0,1.0
2015-03-12,2,1503122,271.057968620896,0.0,7.125,10.0,0.0,0.0,0.0,1.0
2015-03-12,3,1503123,94.0642345732726,0.0,7.125,10.0,0.0,0.0,0.0,1.0
2015-03-12,4,1503124,84.3321888197467,0.0,7.125,10.0,0.0,0.0,0.0,1.0
2015-03-12,5,1503125,210.491995601659,0.0,7.125,10.0,0.0,0.0,0.0,1.0
2015-03-13,1,1503131,104.09727840711,6.0,4.875,15.0,0.0,0.0,0.0,1.0
2015-03-13,2,1503132,263.861714656075,6.0,4.875,15.0,0.0,0.0,0.0,1.0
2015-03-13,3,1503133,100.192312221242,6.0,4.875,15.0,0.0,0.0,0.0,1.0
2015-03-13,4,1503134,101.349615757381,6.0,4.875,15.0,0.0,0.0,0.0,1.0
2015-03-13,5,1503135,237.234063735022,6.0,4.875,15.0,0.0,0.0,0.0,1.0
2015-03-14,1,1503141,98.2811856068814,7.0,5.125,15.0,0.0,0.0,0.0,1.0
2015-03-14,2,1503142,360.715430654047,7.0,5.125,15.0,0.0,0.0,0.0,1.0
2015-03-14,3,1503143,137.39060848102,7.0,5.125,15.0,0.0,0.0,0.0,1.0
2015-03-14,4,1503144,74.0860398307729,7.0,5.125,15.0,0.0,0.0,0.0,1.0
2015-03-14,5,1503145,234.545964942322,7.0,5.125,15.0,0.0,0.0,0.0,1.0
2015-03-15,1,1503151,56.9672232806217,7.0,5.75,13.0,21.0,0.0,0.0,1.0
2015-03-15,2,1503152,461.035577320529,7.0,5.75,13.0,21.0,0.0,0.0,1.0
2015-03-15,3,1503153,119.54516706624,7.0,5.75,13.0,21.0,0.0,0.0,1.0
2015-03-15,4,1503154,130.549602673201,7.0,5.75,13.0,21.0,0.0,0.0,1.0
2015-03-15,5,1503155,278.612403986462,7.0,5.75,13.0,21.0,0.0,0.0,1.0
2015-03-16,1,1503161,136.698666060069,2.0,8.625,13.0,10.0,0.0,0.0,1.0
2015-03-16,2,1503162,269.022901877525,2.0,8.625,13.0,10.0,0.0,0.0,1.0
2015-03-16,3,1503163,104.061780753424,2.0,8.625,13.0,10.0,0.0,0.0,1.0
2015-03-16,4,1503164,82.2767663365038,2.0,8.625,13.0,10.0,0.0,0.0,1.0
2015-03-16,5,1503165,252.212892372443,2.0,8.625,13.0,10.0,0.0,0.0,1.0
2015-03-17,1,1503171,136.644449549369,1.0,10.75,11.0,5.0,0.0,0.0,1.0
2015-03-17,2,1503172,296.541237199908,1.0,10.75,11.0,5.0,0.0,0.0,1.0
2015-03-17,3,1503173,97.6460875999715,1.0,10.75,11.0,5.0,0.0,0.0,1.0
2015-03-17,4,1503174,77.8012596345233,1.0,10.75,11.0,5.0,0.0,0.0,1.0
2015-03-17,5,1503175,300.476490762008,1.0,10.75,11.0,5.0,0.0,0.0,1.0
2015-03-18,1,1503181,117.213496435657,4.0,10.625,8.0,5.0,0.0,0.0,1.0
2015-03-18,2,1503182,292.981913276133,4.0,10.625,8.0,5.0,0.0,0.0,1.0
2015-03-18,3,1503183,108.643986899682,4.0,10.625,8.0,5.0,0.0,0.0,1.0
2015-03-18,4,1503184,88.7176395035293,4.0,10.625,8.0,5.0,0.0,0.0,1.0
2015-03-18,5,1503185,319.376884998689,4.0,10.625,8.0,5.0,0.0,0.0,1.0
2015-03-19,1,1503191,121.351949525045,0.0,10.375,9.0,0.0,0.0,0.0,1.0
2015-03-19,2,1503192,267.179427626967,0.0,10.375,9.0,0.0,0.0,0.0,1.0
2015-03-19,3,1503193,76.0556430358186,0.0,10.375,9.0,0.0,0.0,0.0,1.0
2015-03-19,4,1503194,82.9965111073564,0.0,10.375,9.0,0.0,0.0,0.0,1.0
2015-03-19,5,1503195,271.632339767702,0.0,10.375,9.0,0.0,0.0,0.0,1.0
2015-03-20,1,1503201,125.078492851656,7.0,5.0,9.0,45.0,0.0,0.0,1.0
2015-03-20,2,1503202,299.760479051294,7.0,5.0,9.0,45.0,0.0,0.0,1.0
2015-03-20,3,1503203,94.5632337202022,7.0,5.0,9.0,45.0,0.0,0.0,1.0
2015-03-20,4,1503204,88.6535909538115,7.0,5.0,9.0,45.0,0.0,0.0,1.0
2015-03-20,5,1503205,339.055856444566,7.0,5.0,9.0,45.0,0.0,0.0,1.0
2015-03-21,1,1503211,113.449213775737,7.0,4.5,21.0,61.0,0.0,0.0,1.0
2015-03-21,2,1503212,383.085780794877,7.0,4.5,21.0,61.0,0.0,0.0,1.0
2015-03-21,3,1503213,128.118006311446,7.0,4.5,21.0,61.0,0.0,0.0,1.0
2015-03-21,4,1503214,52.639809323213,7.0,4.5,21.0,61.0,0.0,0.0,1.0
2015-03-21,5,1503215,330.021049430432,7.0,4.5,21.0,61.0,0.0,0.0,1.0
2015-03-22,1,1503221,71.5711481513957,0.0,4.375,8.0,61.0,0.0,0.0,1.0
2015-03-22,2,1503222,489.59934551007,0.0,4.375,8.0,61.0,0.0,0.0,1.0
2015-03-22,3,1503223,124.288818099514,0.0,4.375,8.0,61.0,0.0,0.0,1.0
2015-03-22,4,1503224,131.605920044064,0.0,4.375,8.0,61.0,0.0,0.0,1.0
2015-03-22,5,1503225,379.021922086074,0.0,4.375,8.0,61.0,0.0,0.0,1.0
2015-03-23,1,1503231,129.186723027161,0.0,7.75,12.0,61.0,0.0,0.0,1.0
2015-03-23,2,1503232,292.836479169109,0.0,7.75,12.0,61.0,0.0,0.0,1.0
2015-03-23,3,1503233,97.7709681259075,0.0,7.75,12.0,61.0,0.0,0.0,1.0
2015-03-23,4,1503234,57.7729211412768,0.0,7.75,12.0,61.0,0.0,0.0,1.0
2015-03-23,5,1503235,268.604981873421,0.0,7.75,12.0,61.0,0.0,0.0,1.0
2015-03-24,1,1503241,114.539801718388,6.0,7.875,6.0,0.0,0.0,0.0,1.0
2015-03-24,2,1503242,297.037588138176,6.0,7.875,6.0,0.0,0.0,0.0,1.0
2015-03-24,3,1503243,86.518746534295,6.0,7.875,6.0,0.0,0.0,0.0,1.0
2015-03-24,4,1503244,56.0889149961493,6.0,7.875,6.0,0.0,0.0,0.0,1.0
2015-03-24,5,1503245,285.301446768427,6.0,7.875,6.0,0.0,0.0,0.0,1.0
2015-03-25,1,1503251,85.7675699240561,6.0,7.875,14.0,5.0,0.0,0.0,1.0
2015-03-25,2,1503252,335.007901867692,6.0,7.875,14.0,5.0,0.0,0.0,1.0
2015-03-25,3,1503253,100.897840106466,6.0,7.875,14.0,5.0,0.0,0.0,1.0
2015-03-25,4,1503254,75.4697183642942,6.0,7.875,14.0,5.0,0.0,0.0,1.0
2015-03-25,5,1503255,313.737446087374,6.0,7.875,14.0,5.0,0.0,0.0,1.0
2015-03-26,1,1503261,126.909561618178,7.0,7.125,9.0,0.0,0.0,0.0,1.0
2015-03-26,2,1503262,303.655812393538,7.0,7.125,9.0,0.0,0.0,0.0,1.0
2015-03-26,3,1503263,93.3229257148621,7.0,7.125,9.0,0.0,0.0,0.0,1.0
2015-03-26,4,1503264,94.1972531849185,7.0,7.125,9.0,0.0,0.0,0.0,1.0
2015-03-26,5,1503265,266.972587002293,7.0,7.125,9.0,0.0,0.0,0.0,1.0
2015-03-27,1,1503271,113.205121341153,7.0,7.0,7.0,61.0,0.0,0.0,1.0
2015-03-27,2,1503272,320.938056470297,7.0,7.0,7.0,61.0,0.0,0.0,1.0
2015-03-27,3,1503273,117.875796154693,7.0,7.0,7.0,61.0,0.0,0.0,1.0
2015-03-27,4,1503274,81.3657470530275,7.0,7.0,7.0,61.0,0.0,0.0,1.0
2015-03-27,5,1503275,293.189582126283,7.0,7.0,7.0,61.0,0.0,0.0,1.0
2015-03-28,1,1503281,177.270608855771,7.0,8.5,10.0,61.0,0.0,0.0,1.0
2015-03-28,2,1503282,428.350102346051,7.0,8.5,10.0,61.0,0.0,0.0,1.0
2015-03-28,3,1503283,145.979562367808,7.0,8.5,10.0,61.0,0.0,0.0,1.0
2015-03-28,4,1503284,120.729232683492,7.0,8.5,10.0,61.0,0.0,0.0,1.0
2015-03-28,5,1503285,394.782309943371,7.0,8.5,10.0,61.0,0.0,0.0,1.0
2015-03-29,1,1503291,56.8890738313162,7.0,8.25,12.0,61.0,0.0,0.0,1.0
2015-03-29,2,1503292,489.846609636217,7.0,8.25,12.0,61.0,0.0,0.0,1.0
2015-03-29,3,1503293,140.02511297781,7.0,8.25,12.0,61.0,0.0,0.0,1.0
2015-03-29,4,1503294,108.584974000503,7.0,8.25,12.0,61.0,0.0,0.0,1.0
2015-03-29,5,1503295,307.880143820129,7.0,8.25,12.0,61.0,0.0,0.0,1.0
2015-03-30,1,1503301,110.288515770675,6.0,6.5,29.0,61.0,0.0,1.0,1.0
2015-03-30,2,1503302,351.715484397675,6.0,6.5,29.0,61.0,0.0,1.0,1.0
2015-03-30,3,1503303,101.685038768879,6.0,6.5,29.0,61.0,0.0,1.0,1.0
2015-03-30,4,1503304,93.8107940183229,6.0,6.5,29.0,61.0,0.0,1.0,1.0
2015-03-30,5,1503305,260.7747623843,6.0,6.5,29.0,61.0,0.0,1.0,1.0
2015-03-31,1,1503311,101.620422865145,7.0,6.375,35.0,61.0,0.0,1.0,1.0
2015-03-31,2,1503312,339.71388362822,7.0,6.375,35.0,61.0,0.0,1.0,1.0
2015-03-31,3,1503313,79.3577018316481,7.0,6.375,35.0,61.0,0.0,1.0,1.0
2015-03-31,4,1503314,95.5346688510535,7.0,6.375,35.0,61.0,0.0,1.0,1.0
2015-03-31,5,1503315,249.169849496114,7.0,6.375,35.0,61.0,0.0,1.0,1.0
2015-04-01,1,1504011,134.425214341545,4.0,5.0,24.0,22.0,0.0,1.0,1.0
2015-04-01,2,1504012,373.724177525822,4.0,5.0,24.0,22.0,0.0,1.0,1.0
2015-04-01,3,1504013,151.109608356409,4.0,5.0,24.0,22.0,0.0,1.0,1.0
2015-04-01,4,1504014,69.7873283360318,4.0,5.0,24.0,22.0,0.0,1.0,1.0
2015-04-01,5,1504015,319.186205355817,4.0,5.0,24.0,22.0,0.0,1.0,1.0
2015-04-02,1,1504021,269.424940927989,6.0,6.5,19.0,61.0,0.0,1.0,1.0
2015-04-02,2,1504022,525.476422474447,6.0,6.5,19.0,61.0,0.0,1.0,1.0
2015-04-02,3,1504023,183.215551302075,6.0,6.5,19.0,61.0,0.0,1.0,1.0
2015-04-02,4,1504024,44.0544861327719,6.0,6.5,19.0,61.0,0.0,1.0,1.0
2015-04-02,5,1504025,406.353937532213,6.0,6.5,19.0,61.0,0.0,1.0,1.0
2015-04-03,1,1504031,,5.0,7.375,14.0,61.0,0.0,1.0,1.0
2015-04-03,2,1504032,,5.0,7.375,14.0,61.0,0.0,1.0,1.0
2015-04-03,3,1504033,,5.0,7.375,14.0,61.0,0.0,1.0,1.0
2015-04-03,4,1504034,,5.0,7.375,14.0,61.0,0.0,1.0,1.0
2015-04-03,5,1504035,,5.0,7.375,14.0,61.0,0.0,1.0,1.0
2015-04-04,1,1504041,274.149943740529,0.0,8.375,11.0,61.0,0.0,1.0,1.0
2015-04-04,2,1504042,624.731396612574,0.0,8.375,11.0,61.0,0.0,1.0,1.0
2015-04-04,3,1504043,262.841739078878,0.0,8.375,11.0,61.0,0.0,1.0,1.0
2015-04-04,4,1504044,,0.0,8.375,11.0,61.0,0.0,1.0,1.0
2015-04-04,5,1504045,495.482512843952,0.0,8.375,11.0,61.0,0.0,1.0,1.0
2015-04-05,1,1504051,102.981646842744,3.0,8.625,11.0,61.0,0.0,1.0,1.0
2015-04-05,2,1504052,713.240728417569,3.0,8.625,11.0,61.0,0.0,1.0,1.0
2015-04-05,3,1504053,243.89821522098,3.0,8.625,11.0,61.0,0.0,1.0,1.0
2015-04-05,4,1504054,101.154372513509,3.0,8.625,11.0,61.0,0.0,1.0,1.0
2015-04-05,5,1504055,311.448562590211,3.0,8.625,11.0,61.0,0.0,1.0,1.0
2015-04-06,1,1504061,60.1445223461642,0.0,7.75,10.0,61.0,0.0,1.0,1.0
2015-04-06,2,1504062,728.862922564967,0.0,7.75,10.0,61.0,0.0,1.0,1.0
2015-04-06,3,1504063,232.926035642952,0.0,7.75,10.0,61.0,0.0,1.0,1.0
2015-04-06,4,1504064,115.850549632261,0.0,7.75,10.0,61.0,0.0,1.0,1.0
2015-04-06,5,1504065,293.886267424832,0.0,7.75,10.0,61.0,0.0,1.0,1.0
2015-04-07,1,1504071,115.651138885906,7.0,7.75,14.0,61.0,0.0,1.0,1.0
2015-04-07,2,1504072,402.937213841427,7.0,7.75,14.0,61.0,0.0,1.0,1.0
2015-04-07,3,1504073,139.741645956969,7.0,7.75,14.0,61.0,0.0,1.0,1.0
2015-04-07,4,1504074,99.9708304210839,7.0,7.75,14.0,61.0,0.0,1.0,1.0
2015-04-07,5,1504075,242.488202056041,7.0,7.75,14.0,61.0,0.0,1.0,1.0
2015-04-08,1,1504081,89.8685552544395,2.0,12.0,11.0,61.0,0.0,1.0,1.0
2015-04-08,2,1504082,372.219387571259,2.0,12.0,11.0,61.0,0.0,1.0,1.0
2015-04-08,3,1504083,134.171856017115,2.0,12.0,11.0,61.0,0.0,1.0,1.0
2015-04-08,4,1504084,89.4854107533566,2.0,12.0,11.0,61.0,0.0,1.0,1.0
2015-04-08,5,1504085,240.166760042682,2.0,12.0,11.0,61.0,0.0,1.0,1.0
2015-04-09,1,1504091,157.556996562067,2.0,11.875,7.0,0.0,0.0,1.0,1.0
2015-04-09,2,1504092,368.140023251964,2.0,11.875,7.0,0.0,0.0,1.0,1.0
2015-04-09,3,1504093,144.665453378248,2.0,11.875,7.0,0.0,0.0,1.0,1.0
2015-04-09,4,1504094,71.4997218186786,2.0,11.875,7.0,0.0,0.0,1.0,1.0
2015-04-09,5,1504095,271.062138387226,2.0,11.875,7.0,0.0,0.0,1.0,1.0
2015-04-10,1,1504101,125.640782296666,1.0,14.125,8.0,5.0,0.0,1.0,1.0
2015-04-10,2,1504102,449.200853104077,1.0,14.125,8.0,5.0,0.0,1.0,1.0
2015-04-10,3,1504103,176.191631914365,1.0,14.125,8.0,5.0,0.0,1.0,1.0
2015-04-10,4,1504104,69.6213343156897,1.0,14.125,8.0,5.0,0.0,1.0,1.0
2015-04-10,5,1504105,273.777005049353,1.0,14.125,8.0,5.0,0.0,1.0,1.0
2015-04-11,1,1504111,149.471145855324,2.0,16.75,14.0,61.0,0.0,1.0,1.0
2015-04-11,2,1504112,435.937997165239,2.0,16.75,14.0,61.0,0.0,1.0,1.0
2015-04-11,3,1504113,241.954245467709,2.0,16.75,14.0,61.0,0.0,1.0,1.0
2015-04-11,4,1504114,75.5562497228574,2.0,16.75,14.0,61.0,0.0,1.0,1.0
2015-04-11,5,1504115,279.734031972369,2.0,16.75,14.0,61.0,0.0,1.0,1.0
2015-04-12,1,1504121,39.0548694183738,5.0,12.375,16.0,61.0,0.0,0.0,1.0
2015-04-12,2,1504122,423.167305958991,5.0,12.375,16.0,61.0,0.0,0.0,1.0
2015-04-12,3,1504123,148.003916028181,5.0,12.375,16.0,61.0,0.0,0.0,1.0
2015-04-12,4,1504124,170.691265230574,5.0,12.375,16.0,61.0,0.0,0.0,1.0
2015-04-12,5,1504125,256.220102827754,5.0,12.375,16.0,61.0,0.0,0.0,1.0
2015-04-13,1,1504131,94.5357769724487,4.0,8.875,21.0,61.0,0.0,0.0,1.0
2015-04-13,2,1504132,286.808655322632,4.0,8.875,21.0,61.0,0.0,0.0,1.0
2015-04-13,3,1504133,115.775782324593,4.0,8.875,21.0,61.0,0.0,0.0,1.0
2015-04-13,4,1504134,85.5491123404555,4.0,8.875,21.0,61.0,0.0,0.0,1.0
2015-04-13,5,1504135,228.441056194565,4.0,8.875,21.0,61.0,0.0,0.0,1.0
2015-04-14,1,1504141,95.7358790995654,7.0,10.75,17.0,61.0,0.0,0.0,1.0
2015-04-14,2,1504142,297.478196061337,7.0,10.75,17.0,61.0,0.0,0.0,1.0
2015-04-14,3,1504143,114.709486133908,7.0,10.75,17.0,61.0,0.0,0.0,1.0
2015-04-14,4,1504144,68.5181832029906,7.0,10.75,17.0,61.0,0.0,0.0,1.0
2015-04-14,5,1504145,241.794663278364,7.0,10.75,17.0,61.0,0.0,0.0,1.0
2015-04-15,1,1504151,102.93265639072,0.0,15.5,19.0,5.0,0.0,0.0,1.0
2015-04-15,2,1504152,284.427934541009,0.0,15.5,19.0,5.0,0.0,0.0,1.0
2015-04-15,3,1504153,77.9760319762046,0.0,15.5,19.0,5.0,0.0,0.0,1.0
2015-04-15,4,1504154,82.5619143946999,0.0,15.5,19.0,5.0,0.0,0.0,1.0
2015-04-15,5,1504155,267.331795587064,0.0,15.5,19.0,5.0,0.0,0.0,1.0
2015-04-16,1,1504161,90.5282058330727,6.0,9.375,16.0,21.0,0.0,0.0,1.0
2015-04-16,2,1504162,286.72764708972,6.0,9.375,16.0,21.0,0.0,0.0,1.0
2015-04-16,3,1504163,80.6127984834301,6.0,9.375,16.0,21.0,0.0,0.0,1.0
2015-04-16,4,1504164,64.3768783832988,6.0,9.375,16.0,21.0,0.0,0.0,1.0
2015-04-16,5,1504165,249.985817848774,6.0,9.375,16.0,21.0,0.0,0.0,1.0
2015-04-17,1,1504171,91.0744308710578,0.0,10.5,15.0,21.0,0.0,0.0,1.0
2015-04-17,2,1504172,314.997367966203,0.0,10.5,15.0,21.0,0.0,0.0,1.0
2015-04-17,3,1504173,95.874962983171,0.0,10.5,15.0,21.0,0.0,0.0,1.0
2015-04-17,4,1504174,85.0439789074107,0.0,10.5,15.0,21.0,0.0,0.0,1.0
2015-04-17,5,1504175,269.643570233699,0.0,10.5,15.0,21.0,0.0,0.0,1.0
2015-04-18,1,1504181,103.305896790347,0.0,10.875,8.0,21.0,0.0,0.0,1.0
2015-04-18,2,1504182,372.985639347608,0.0,10.875,8.0,21.0,0.0,0.0,1.0
2015-04-18,3,1504183,147.280675283552,0.0,10.875,8.0,21.0,0.0,0.0,1.0
2015-04-18,4,1504184,105.620424871498,0.0,10.875,8.0,21.0,0.0,0.0,1.0
2015-04-18,5,1504185,273.308983958271,0.0,10.875,8.0,21.0,0.0,0.0,1.0
2015-04-19,1,1504191,25.46219373912,0.0,10.125,11.0,21.0,0.0,0.0,1.0
2015-04-19,2,1504192,419.373474076238,0.0,10.125,11.0,21.0,0.0,0.0,1.0
2015-04-19,3,1504193,157.80717948852,0.0,10.125,11.0,21.0,0.0,0.0,1.0
2015-04-19,4,1504194,119.444010656665,0.0,10.125,11.0,21.0,0.0,0.0,1.0
2015-04-19,5,1504195,248.936886432743,0.0,10.125,11.0,21.0,0.0,0.0,1.0
2015-04-20,1,1504201,113.238537617252,0.0,14.25,9.0,21.0,0.0,0.0,1.0
2015-04-20,2,1504202,291.610305100325,0.0,14.25,9.0,21.0,0.0,0.0,1.0
2015-04-20,3,1504203,91.0940508208695,0.0,14.25,9.0,21.0,0.0,0.0,1.0
2015-04-20,4,1504204,78.2371204197756,0.0,14.25,9.0,21.0,0.0,0.0,1.0
2015-04-20,5,1504205,216.398739415418,0.0,14.25,9.0,21.0,0.0,0.0,1.0
2015-04-21,1,1504211,121.935695795117,0.0,14.625,17.0,5.0,0.0,0.0,1.0
2015-04-21,2,1504212,262.312297451446,0.0,14.625,17.0,5.0,0.0,0.0,1.0
2015-04-21,3,1504213,102.899554988628,0.0,14.625,17.0,5.0,0.0,0.0,1.0
2015-04-21,4,1504214,75.6785562086606,0.0,14.625,17.0,5.0,0.0,0.0,1.0
2015-04-21,5,1504215,236.929910073307,0.0,14.625,17.0,5.0,0.0,0.0,1.0
2015-04-22,1,1504221,115.982784302446,0.0,12.125,7.0,5.0,0.0,0.0,1.0
2015-04-22,2,1504222,281.264299329947,0.0,12.125,7.0,5.0,0.0,0.0,1.0
2015-04-22,3,1504223,95.2336165638254,0.0,12.125,7.0,5.0,0.0,0.0,1.0
2015-04-22,4,1504224,76.9287622186942,0.0,12.125,7.0,5.0,0.0,0.0,1.0
2015-04-22,5,1504225,203.609195254356,0.0,12.125,7.0,5.0,0.0,0.0,1.0
2015-04-23,1,1504231,109.647753246652,1.0,13.625,12.0,5.0,0.0,0.0,1.0
2015-04-23,2,1504232,316.964561244097,1.0,13.625,12.0,5.0,0.0,0.0,1.0
2015-04-23,3,1504233,106.231696176478,1.0,13.625,12.0,5.0,0.0,0.0,1.0
2015-04-23,4,1504234,58.6866015325717,1.0,13.625,12.0,5.0,0.0,0.0,1.0
2015-04-23,5,1504235,232.875408477088,1.0,13.625,12.0,5.0,0.0,0.0,1.0
2015-04-24,1,1504241,93.8539762667653,2.0,13.875,9.0,20.0,0.0,0.0,1.0
2015-04-24,2,1504242,311.721136965455,2.0,13.875,9.0,20.0,0.0,0.0,1.0
2015-04-24,3,1504243,102.172051099545,2.0,13.875,9.0,20.0,0.0,0.0,1.0
2015-04-24,4,1504244,72.944912850319,2.0,13.875,9.0,20.0,0.0,0.0,1.0
2015-04-24,5,1504245,212.742403753359,2.0,13.875,9.0,20.0,0.0,0.0,1.0
2015-04-25,1,1504251,121.601177999412,7.0,13.75,8.0,63.0,0.0,0.0,1.0
2015-04-25,2,1504252,450.922945775814,7.0,13.75,8.0,63.0,0.0,0.0,1.0
2015-04-25,3,1504253,129.196066694569,7.0,13.75,8.0,63.0,0.0,0.0,1.0
2015-04-25,4,1504254,86.653507954899,7.0,13.75,8.0,63.0,0.0,0.0,1.0
2015-04-25,5,1504255,247.902280079392,7.0,13.75,8.0,63.0,0.0,0.0,1.0
2015-04-26,1,1504261,71.0071270593663,8.0,7.0,11.0,61.0,0.0,0.0,1.0
2015-04-26,2,1504262,399.820571217996,8.0,7.0,11.0,61.0,0.0,0.0,1.0
2015-04-26,3,1504263,112.950650114719,8.0,7.0,11.0,61.0,0.0,0.0,1.0
2015-04-26,4,1504264,112.831158583878,8.0,7.0,11.0,61.0,0.0,0.0,1.0
2015-04-26,5,1504265,252.667352565897,8.0,7.0,11.0,61.0,0.0,0.0,1.0
2015-04-27,1,1504271,151.174833546803,4.0,10.125,11.0,61.0,0.0,0.0,1.0
2015-04-27,2,1504272,291.752346251679,4.0,10.125,11.0,61.0,0.0,0.0,1.0
2015-04-27,3,1504273,114.70001375553,4.0,10.125,11.0,61.0,0.0,0.0,1.0
2015-04-27,4,1504274,83.4751795147854,4.0,10.125,11.0,61.0,0.0,0.0,1.0
2015-04-27,5,1504275,197.564743508792,4.0,10.125,11.0,61.0,0.0,0.0,1.0
2015-04-28,1,1504281,91.0866799976838,3.0,10.25,13.0,61.0,0.0,0.0,1.0
2015-04-28,2,1504282,279.639574876652,3.0,10.25,13.0,61.0,0.0,0.0,1.0
2015-04-28,3,1504283,124.236952144972,3.0,10.25,13.0,61.0,0.0,0.0,1.0
2015-04-28,4,1504284,,3.0,10.25,13.0,61.0,0.0,0.0,1.0
2015-04-28,5,1504285,213.195052497114,3.0,10.25,13.0,61.0,0.0,0.0,1.0
2015-04-29,1,1504291,135.750739524874,5.0,12.625,12.0,61.0,0.0,0.0,1.0
2015-04-29,2,1504292,335.699732620073,5.0,12.625,12.0,61.0,0.0,0.0,1.0
2015-04-29,3,1504293,129.552575416168,5.0,12.625,12.0,61.0,0.0,0.0,1.0
2015-04-29,4,1504294,69.6885795663438,5.0,12.625,12.0,61.0,0.0,0.0,1.0
2015-04-29,5,1504295,250.927665410019,5.0,12.625,12.0,61.0,0.0,0.0,1.0
2015-04-30,1,1504301,185.547465909923,6.0,11.375,10.0,61.0,0.0,0.0,1.0
2015-04-30,2,1504302,382.494805997457,6.0,11.375,10.0,61.0,0.0,0.0,1.0
2015-04-30,3,1504303,116.009163395934,6.0,11.375,10.0,61.0,0.0,0.0,1.0
2015-04-30,4,1504304,78.2474106946107,6.0,11.375,10.0,61.0,0.0,0.0,1.0
2015-04-30,5,1504305,303.34662044021,6.0,11.375,10.0,61.0,0.0,0.0,1.0
2015-05-01,1,1505011,,6.0,10.0,6.0,21.0,0.0,0.0,1.0
2015-05-01,2,1505012,,6.0,10.0,6.0,21.0,0.0,0.0,1.0
2015-05-01,3,1505013,,6.0,10.0,6.0,21.0,0.0,0.0,1.0
2015-05-01,4,1505014,,6.0,10.0,6.0,21.0,0.0,0.0,1.0
2015-05-01,5,1505015,,6.0,10.0,6.0,21.0,0.0,0.0,1.0
2015-05-02,1,1505021,205.277811156554,3.0,11.0,12.0,0.0,0.0,0.0,1.0
2015-05-02,2,1505022,569.854066374337,3.0,11.0,12.0,0.0,0.0,0.0,1.0
2015-05-02,3,1505023,216.662099390377,3.0,11.0,12.0,0.0,0.0,0.0,1.0
2015-05-02,4,1505024,168.464543906289,3.0,11.0,12.0,0.0,0.0,0.0,1.0
2015-05-02,5,1505025,390.245200658863,3.0,11.0,12.0,0.0,0.0,0.0,1.0
2015-05-03,1,1505031,49.1824014028742,1.0,14.75,12.0,61.0,0.0,0.0,1.0
2015-05-03,2,1505032,467.833386599369,1.0,14.75,12.0,61.0,0.0,0.0,1.0
2015-05-03,3,1505033,154.503619536054,1.0,14.75,12.0,61.0,0.0,0.0,1.0
2015-05-03,4,1505034,132.20896007182,1.0,14.75,12.0,61.0,0.0,0.0,1.0
2015-05-03,5,1505035,273.752958375164,1.0,14.75,12.0,61.0,0.0,0.0,1.0
2015-05-04,1,1505041,141.916859730021,5.0,15.875,13.0,21.0,0.0,0.0,1.0
2015-05-04,2,1505042,340.579351605995,5.0,15.875,13.0,21.0,0.0,0.0,1.0
2015-05-04,3,1505043,98.8957608807515,5.0,15.875,13.0,21.0,0.0,0.0,1.0
2015-05-04,4,1505044,108.931500577338,5.0,15.875,13.0,21.0,0.0,0.0,1.0
2015-05-04,5,1505045,197.208560688196,5.0,15.875,13.0,21.0,0.0,0.0,1.0
2015-05-05,1,1505051,98.3386635883964,4.0,20.0,15.0,95.0,0.0,0.0,1.0
2015-05-05,2,1505052,295.928590213682,4.0,20.0,15.0,95.0,0.0,0.0,1.0
2015-05-05,3,1505053,81.0951589620809,4.0,20.0,15.0,95.0,0.0,0.0,1.0
2015-05-05,4,1505054,69.2603251298698,4.0,20.0,15.0,95.0,0.0,0.0,1.0
2015-05-05,5,1505055,198.684243279816,4.0,20.0,15.0,95.0,0.0,0.0,1.0
2015-05-06,1,1505061,112.613312971486,3.0,17.125,11.0,21.0,0.0,0.0,1.0
2015-05-06,2,1505062,326.950819224427,3.0,17.125,11.0,21.0,0.0,0.0,1.0
2015-05-06,3,1505063,101.849963136114,3.0,17.125,11.0,21.0,0.0,0.0,1.0
2015-05-06,4,1505064,65.0766452616253,3.0,17.125,11.0,21.0,0.0,0.0,1.0
2015-05-06,5,1505065,225.053574357765,3.0,17.125,11.0,21.0,0.0,0.0,1.0
2015-05-07,1,1505071,119.486322756166,6.0,12.0,16.0,21.0,0.0,0.0,1.0
2015-05-07,2,1505072,309.311901434242,6.0,12.0,16.0,21.0,0.0,0.0,1.0
2015-05-07,3,1505073,91.9617294778322,6.0,12.0,16.0,21.0,0.0,0.0,1.0
2015-05-07,4,1505074,60.8102412913987,6.0,12.0,16.0,21.0,0.0,0.0,1.0
2015-05-07,5,1505075,211.802247435479,6.0,12.0,16.0,21.0,0.0,0.0,1.0
2015-05-08,1,1505081,108.528740811492,2.0,11.5,11.0,21.0,0.0,0.0,1.0
2015-05-08,2,1505082,326.333702093022,2.0,11.5,11.0,21.0,0.0,0.0,1.0
2015-05-08,3,1505083,108.544660936963,2.0,11.5,11.0,21.0,0.0,0.0,1.0
2015-05-08,4,1505084,57.1956734130954,2.0,11.5,11.0,21.0,0.0,0.0,1.0
2015-05-08,5,1505085,265.721536983155,2.0,11.5,11.0,21.0,0.0,0.0,1.0
2015-05-09,1,1505091,122.939690460506,7.0,13.5,14.0,61.0,0.0,0.0,1.0
2015-05-09,2,1505092,406.907398954341,7.0,13.5,14.0,61.0,0.0,0.0,1.0
2015-05-09,3,1505093,170.599905877058,7.0,13.5,14.0,61.0,0.0,0.0,1.0
2015-05-09,4,1505094,78.2411421697545,7.0,13.5,14.0,61.0,0.0,0.0,1.0
2015-05-09,5,1505095,278.323409928638,7.0,13.5,14.0,61.0,0.0,0.0,1.0
2015-05-10,1,1505101,54.676729153515,2.0,12.75,18.0,0.0,0.0,0.0,1.0
2015-05-10,2,1505102,492.010489698116,2.0,12.75,18.0,0.0,0.0,0.0,1.0
2015-05-10,3,1505103,161.944454769077,2.0,12.75,18.0,0.0,0.0,0.0,1.0
2015-05-10,4,1505104,168.202423789623,2.0,12.75,18.0,0.0,0.0,0.0,1.0
2015-05-10,5,1505105,319.454496491185,2.0,12.75,18.0,0.0,0.0,0.0,1.0
2015-05-11,1,1505111,129.877961813861,0.0,19.75,11.0,0.0,0.0,0.0,1.0
2015-05-11,2,1505112,336.127629680071,0.0,19.75,11.0,0.0,0.0,0.0,1.0
2015-05-11,3,1505113,102.844671644941,0.0,19.75,11.0,0.0,0.0,0.0,1.0
2015-05-11,4,1505114,61.3151869370572,0.0,19.75,11.0,0.0,0.0,0.0,1.0
2015-05-11,5,1505115,205.667346687899,0.0,19.75,11.0,0.0,0.0,0.0,1.0
2015-05-12,1,1505121,94.6018729487518,7.0,14.625,14.0,63.0,0.0,0.0,1.0
2015-05-12,2,1505122,327.092157926255,7.0,14.625,14.0,63.0,0.0,0.0,1.0
2015-05-12,3,1505123,96.1947537258803,7.0,14.625,14.0,63.0,0.0,0.0,1.0
2015-05-12,4,1505124,81.3705529527208,7.0,14.625,14.0,63.0,0.0,0.0,1.0
2015-05-12,5,1505125,259.94167495408,7.0,14.625,14.0,63.0,0.0,0.0,1.0
2015-05-13,1,1505131,166.814781762185,7.0,11.875,16.0,21.0,0.0,0.0,1.0
2015-05-13,2,1505132,397.982340133214,7.0,11.875,16.0,21.0,0.0,0.0,1.0
2015-05-13,3,1505133,178.860014594185,7.0,11.875,16.0,21.0,0.0,0.0,1.0
2015-05-13,4,1505134,80.6915439319555,7.0,11.875,16.0,21.0,0.0,0.0,1.0
2015-05-13,5,1505135,246.372623277805,7.0,11.875,16.0,21.0,0.0,0.0,1.0
2015-05-14,1,1505141,53.434236162362,7.0,11.25,10.0,20.0,0.0,0.0,1.0
2015-05-14,2,1505142,490.915769119788,7.0,11.25,10.0,20.0,0.0,0.0,1.0
2015-05-14,3,1505143,164.032004782974,7.0,11.25,10.0,20.0,0.0,0.0,1.0
2015-05-14,4,1505144,143.618292078555,7.0,11.25,10.0,20.0,0.0,0.0,1.0
2015-05-14,5,1505145,309.927036397582,7.0,11.25,10.0,20.0,0.0,0.0,1.0
2015-05-15,1,1505151,147.271258346731,6.0,13.5,9.0,20.0,0.0,1.0,1.0
2015-05-15,2,1505152,513.805644101383,6.0,13.5,9.0,20.0,0.0,1.0,1.0
2015-05-15,3,1505153,190.846157649949,6.0,13.5,9.0,20.0,0.0,1.0,1.0
2015-05-15,4,1505154,80.0250209033444,6.0,13.5,9.0,20.0,0.0,1.0,1.0
2015-05-15,5,1505155,292.967837715476,6.0,13.5,9.0,20.0,0.0,1.0,1.0
2015-05-16,1,1505161,164.984948024753,7.0,10.5,11.0,61.0,0.0,0.0,1.0
2015-05-16,2,1505162,555.445636645735,7.0,10.5,11.0,61.0,0.0,0.0,1.0
2015-05-16,3,1505163,223.041083514403,7.0,10.5,11.0,61.0,0.0,0.0,1.0
2015-05-16,4,1505164,110.846941963139,7.0,10.5,11.0,61.0,0.0,0.0,1.0
2015-05-16,5,1505165,329.998465824508,7.0,10.5,11.0,61.0,0.0,0.0,1.0
2015-05-17,1,1505171,63.05558764595,3.0,12.625,17.0,21.0,0.0,0.0,1.0
2015-05-17,2,1505172,562.648232082731,3.0,12.625,17.0,21.0,0.0,0.0,1.0
2015-05-17,3,1505173,174.978926934013,3.0,12.625,17.0,21.0,0.0,0.0,1.0
2015-05-17,4,1505174,171.465540571901,3.0,12.625,17.0,21.0,0.0,0.0,1.0
2015-05-17,5,1505175,293.275532226017,3.0,12.625,17.0,21.0,0.0,0.0,1.0
2015-05-18,1,1505181,103.802316848696,6.0,11.625,8.0,61.0,0.0,0.0,1.0
2015-05-18,2,1505182,328.913429566134,6.0,11.625,8.0,61.0,0.0,0.0,1.0
2015-05-18,3,1505183,123.539420521468,6.0,11.625,8.0,61.0,0.0,0.0,1.0
2015-05-18,4,1505184,77.7209650240063,6.0,11.625,8.0,61.0,0.0,0.0,1.0
2015-05-18,5,1505185,225.832737314778,6.0,11.625,8.0,61.0,0.0,0.0,1.0
2015-05-19,1,1505191,142.786482873821,6.0,10.125,11.0,63.0,0.0,0.0,1.0
2015-05-19,2,1505192,351.146415331786,6.0,10.125,11.0,63.0,0.0,0.0,1.0
2015-05-19,3,1505193,105.471840044604,6.0,10.125,11.0,63.0,0.0,0.0,1.0
2015-05-19,4,1505194,60.9239625788419,6.0,10.125,11.0,63.0,0.0,0.0,1.0
2015-05-19,5,1505195,282.589418894077,6.0,10.125,11.0,63.0,0.0,0.0,1.0
2015-05-20,1,1505201,92.0360687468511,5.0,12.25,9.0,63.0,0.0,0.0,1.0
2015-05-20,2,1505202,356.207676664304,5.0,12.25,9.0,63.0,0.0,0.0,1.0
2015-05-20,3,1505203,101.255561525615,5.0,12.25,9.0,63.0,0.0,0.0,1.0
2015-05-20,4,1505204,39.6292101082508,5.0,12.25,9.0,63.0,0.0,0.0,1.0
2015-05-20,5,1505205,219.800270156995,5.0,12.25,9.0,63.0,0.0,0.0,1.0
2015-05-21,1,1505211,147.957523681187,6.0,12.625,10.0,61.0,0.0,0.0,1.0
2015-05-21,2,1505212,348.534145245022,6.0,12.625,10.0,61.0,0.0,0.0,1.0
2015-05-21,3,1505213,124.516554568504,6.0,12.625,10.0,61.0,0.0,0.0,1.0
2015-05-21,4,1505214,72.2913067539047,6.0,12.625,10.0,61.0,0.0,0.0,1.0
2015-05-21,5,1505215,281.519362391549,6.0,12.625,10.0,61.0,0.0,0.0,1.0
2015-05-22,1,1505221,146.094397822298,4.0,17.0,12.0,61.0,0.0,0.0,1.0
2015-05-22,2,1505222,374.702368065499,4.0,17.0,12.0,61.0,0.0,0.0,1.0
2015-05-22,3,1505223,146.521590810863,4.0,17.0,12.0,61.0,0.0,0.0,1.0
2015-05-22,4,1505224,72.6752390870334,4.0,17.0,12.0,61.0,0.0,0.0,1.0
2015-05-22,5,1505225,263.214787734799,4.0,17.0,12.0,61.0,0.0,0.0,1.0
2015-05-23,1,1505231,212.693141838497,5.0,13.375,8.0,0.0,0.0,0.0,1.0
2015-05-23,2,1505232,506.664209994684,5.0,13.375,8.0,0.0,0.0,0.0,1.0
2015-05-23,3,1505233,234.957626970933,5.0,13.375,8.0,0.0,0.0,0.0,1.0
2015-05-23,4,1505234,,5.0,13.375,8.0,0.0,0.0,0.0,1.0
2015-05-23,5,1505235,336.087101364585,5.0,13.375,8.0,0.0,0.0,0.0,1.0
2015-05-24,1,1505241,125.559999732516,2.0,14.375,8.0,0.0,0.0,0.0,1.0
2015-05-24,2,1505242,602.379870231082,2.0,14.375,8.0,0.0,0.0,0.0,1.0
2015-05-24,3,1505243,238.55018095415,2.0,14.375,8.0,0.0,0.0,0.0,1.0
2015-05-24,4,1505244,160.036018067072,2.0,14.375,8.0,0.0,0.0,0.0,1.0
2015-05-24,5,1505245,301.519589889275,2.0,14.375,8.0,0.0,0.0,0.0,1.0
2015-05-25,1,1505251,93.8478895546048,7.0,11.75,10.0,61.0,0.0,0.0,1.0
2015-05-25,2,1505252,621.867778874006,7.0,11.75,10.0,61.0,0.0,0.0,1.0
2015-05-25,3,1505253,247.362274318026,7.0,11.75,10.0,61.0,0.0,0.0,1.0
2015-05-25,4,1505254,102.105379903525,7.0,11.75,10.0,61.0,0.0,0.0,1.0
2015-05-25,5,1505255,388.133249077524,7.0,11.75,10.0,61.0,0.0,0.0,1.0
2015-05-26,1,1505261,126.885645229909,6.0,13.0,14.0,21.0,0.0,0.0,1.0
2015-05-26,2,1505262,381.669744982195,6.0,13.0,14.0,21.0,0.0,0.0,1.0
2015-05-26,3,1505263,143.902124921962,6.0,13.0,14.0,21.0,0.0,0.0,1.0
2015-05-26,4,1505264,33.907482932934,6.0,13.0,14.0,21.0,0.0,0.0,1.0
2015-05-26,5,1505265,220.472002758105,6.0,13.0,14.0,21.0,0.0,0.0,1.0
2015-05-27,1,1505271,102.221242794941,7.0,12.625,13.0,61.0,0.0,0.0,1.0
2015-05-27,2,1505272,358.895155316917,7.0,12.625,13.0,61.0,0.0,0.0,1.0
2015-05-27,3,1505273,119.585121426913,7.0,12.625,13.0,61.0,0.0,0.0,1.0
2015-05-27,4,1505274,59.5507929294823,7.0,12.625,13.0,61.0,0.0,0.0,1.0
2015-05-27,5,1505275,210.016061677086,7.0,12.625,13.0,61.0,0.0,0.0,1.0
2015-05-28,1,1505281,113.871596753032,6.0,13.125,12.0,63.0,0.0,0.0,1.0
2015-05-28,2,1505282,340.514414991475,6.0,13.125,12.0,63.0,0.0,0.0,1.0
2015-05-28,3,1505283,141.838393882903,6.0,13.125,12.0,63.0,0.0,0.0,1.0
2015-05-28,4,1505284,,6.0,13.125,12.0,63.0,0.0,0.0,1.0
2015-05-28,5,1505285,267.45399550279,6.0,13.125,12.0,63.0,0.0,0.0,1.0
2015-05-29,1,1505291,132.425641438842,6.0,14.625,8.0,61.0,0.0,0.0,1.0
2015-05-29,2,1505292,365.087905303626,6.0,14.625,8.0,61.0,0.0,0.0,1.0
2015-05-29,3,1505293,131.050800847681,6.0,14.625,8.0,61.0,0.0,0.0,1.0
2015-05-29,4,1505294,61.0068815520603,6.0,14.625,8.0,61.0,0.0,0.0,1.0
2015-05-29,5,1505295,250.764288305739,6.0,14.625,8.0,61.0,0.0,0.0,1.0
2015-05-30,1,1505301,120.295569303579,4.0,11.625,15.0,61.0,0.0,0.0,1.0
2015-05-30,2,1505302,456.734340691111,4.0,11.625,15.0,61.0,0.0,0.0,1.0
2015-05-30,3,1505303,177.88318176972,4.0,11.625,15.0,61.0,0.0,0.0,1.0
2015-05-30,4,1505304,68.8696177994846,4.0,11.625,15.0,61.0,0.0,0.0,1.0
2015-05-30,5,1505305,278.950388727743,4.0,11.625,15.0,61.0,0.0,0.0,1.0
2015-05-31,1,1505311,53.2747806032447,7.0,14.5,10.0,61.0,0.0,0.0,1.0
2015-05-31,2,1505312,457.52825918325,7.0,14.5,10.0,61.0,0.0,0.0,1.0
2015-05-31,3,1505313,167.824076578166,7.0,14.5,10.0,61.0,0.0,0.0,1.0
2015-05-31,4,1505314,111.389483740734,7.0,14.5,10.0,61.0,0.0,0.0,1.0
2015-05-31,5,1505315,227.62624446804,7.0,14.5,10.0,61.0,0.0,0.0,1.0
2015-06-01,1,1506011,131.799875274321,5.0,14.25,16.0,61.0,0.0,0.0,1.0
2015-06-01,2,1506012,335.912287877592,5.0,14.25,16.0,61.0,0.0,0.0,1.0
2015-06-01,3,1506013,116.16860416703,5.0,14.25,16.0,61.0,0.0,0.0,1.0
2015-06-01,4,1506014,77.1155538824316,5.0,14.25,16.0,61.0,0.0,0.0,1.0
2015-06-01,5,1506015,275.002697730945,5.0,14.25,16.0,61.0,0.0,0.0,1.0
2015-06-02,1,1506021,96.0309134237217,7.0,14.25,14.0,61.0,0.0,0.0,1.0
2015-06-02,2,1506022,412.209593794446,7.0,14.25,14.0,61.0,0.0,0.0,1.0
2015-06-02,3,1506023,132.861613332833,7.0,14.25,14.0,61.0,0.0,0.0,1.0
2015-06-02,4,1506024,57.1617006882767,7.0,14.25,14.0,61.0,0.0,0.0,1.0
2015-06-02,5,1506025,247.548656142778,7.0,14.25,14.0,61.0,0.0,0.0,1.0
2015-06-03,1,1506031,92.2734256379415,6.0,15.25,18.0,21.0,0.0,0.0,1.0
2015-06-03,2,1506032,350.831237309121,6.0,15.25,18.0,21.0,0.0,0.0,1.0
2015-06-03,3,1506033,118.973513836699,6.0,15.25,18.0,21.0,0.0,0.0,1.0
2015-06-03,4,1506034,,6.0,15.25,18.0,21.0,0.0,0.0,1.0
2015-06-03,5,1506035,257.703580420418,6.0,15.25,18.0,21.0,0.0,0.0,1.0
2015-06-04,1,1506041,157.745638949818,0.0,16.375,9.0,0.0,0.0,0.0,1.0
2015-06-04,2,1506042,366.195368742098,0.0,16.375,9.0,0.0,0.0,0.0,1.0
2015-06-04,3,1506043,147.299840903324,0.0,16.375,9.0,0.0,0.0,0.0,1.0
2015-06-04,4,1506044,73.4353393085373,0.0,16.375,9.0,0.0,0.0,0.0,1.0
2015-06-04,5,1506045,250.238837010149,0.0,16.375,9.0,0.0,0.0,0.0,1.0
2015-06-05,1,1506051,90.8260563665041,0.0,22.625,9.0,0.0,0.0,0.0,1.0
2015-06-05,2,1506052,418.393781746112,0.0,22.625,9.0,0.0,0.0,0.0,1.0
2015-06-05,3,1506053,163.498578067888,0.0,22.625,9.0,0.0,0.0,0.0,1.0
2015-06-05,4,1506054,70.9256465264533,0.0,22.625,9.0,0.0,0.0,0.0,1.0
2015-06-05,5,1506055,275.492979753843,0.0,22.625,9.0,0.0,0.0,0.0,1.0
2015-06-06,1,1506061,160.016912242355,3.0,18.5,19.0,10.0,0.0,0.0,1.0
2015-06-06,2,1506062,553.131050767354,3.0,18.5,19.0,10.0,0.0,0.0,1.0
2015-06-06,3,1506063,251.617849812226,3.0,18.5,19.0,10.0,0.0,0.0,1.0
2015-06-06,4,1506064,38.2539728445697,3.0,18.5,19.0,10.0,0.0,0.0,1.0
2015-06-06,5,1506065,279.003577524238,3.0,18.5,19.0,10.0,0.0,0.0,1.0
2015-06-07,1,1506071,81.0228908423745,4.0,16.625,15.0,10.0,0.0,0.0,1.0
2015-06-07,2,1506072,527.885017948989,4.0,16.625,15.0,10.0,0.0,0.0,1.0
2015-06-07,3,1506073,175.770248988223,4.0,16.625,15.0,10.0,0.0,0.0,1.0
2015-06-07,4,1506074,95.8647639075632,4.0,16.625,15.0,10.0,0.0,0.0,1.0
2015-06-07,5,1506075,377.303279079248,4.0,16.625,15.0,10.0,0.0,0.0,1.0
2015-06-08,1,1506081,118.620010509136,6.0,14.375,12.0,10.0,0.0,0.0,1.0
2015-06-08,2,1506082,344.695569756106,6.0,14.375,12.0,10.0,0.0,0.0,1.0
2015-06-08,3,1506083,151.080049836377,6.0,14.375,12.0,10.0,0.0,0.0,1.0
2015-06-08,4,1506084,86.6465529107892,6.0,14.375,12.0,10.0,0.0,0.0,1.0
2015-06-08,5,1506085,304.658991750827,6.0,14.375,12.0,10.0,0.0,0.0,1.0
2015-06-09,1,1506091,103.751614199022,3.0,15.25,8.0,10.0,0.0,0.0,1.0
2015-06-09,2,1506092,315.123749367531,3.0,15.25,8.0,10.0,0.0,0.0,1.0
2015-06-09,3,1506093,140.029285146903,3.0,15.25,8.0,10.0,0.0,0.0,1.0
2015-06-09,4,1506094,66.3940872308056,3.0,15.25,8.0,10.0,0.0,0.0,1.0
2015-06-09,5,1506095,264.199647754648,3.0,15.25,8.0,10.0,0.0,0.0,1.0
2015-06-10,1,1506101,109.672600519434,0.0,18.0,7.0,10.0,0.0,0.0,1.0
2015-06-10,2,1506102,338.309487845224,0.0,18.0,7.0,10.0,0.0,0.0,1.0
2015-06-10,3,1506103,108.416922856521,0.0,18.0,7.0,10.0,0.0,0.0,1.0
2015-06-10,4,1506104,49.6396291126612,0.0,18.0,7.0,10.0,0.0,0.0,1.0
2015-06-10,5,1506105,245.462484326112,0.0,18.0,7.0,10.0,0.0,0.0,1.0
2015-06-11,1,1506111,82.2394493227455,1.0,16.0,10.0,10.0,0.0,0.0,1.0
2015-06-11,2,1506112,357.852893336956,1.0,16.0,10.0,10.0,0.0,0.0,1.0
2015-06-11,3,1506113,121.550989282568,1.0,16.0,10.0,10.0,0.0,0.0,1.0
2015-06-11,4,1506114,49.4898173390129,1.0,16.0,10.0,10.0,0.0,0.0,1.0
2015-06-11,5,1506115,223.06624282412,1.0,16.0,10.0,10.0,0.0,0.0,1.0
2015-06-12,1,1506121,110.933345275547,0.0,20.25,10.0,10.0,0.0,0.0,1.0
2015-06-12,2,1506122,349.536158182539,0.0,20.25,10.0,10.0,0.0,0.0,1.0
2015-06-12,3,1506123,142.809454024055,0.0,20.25,10.0,10.0,0.0,0.0,1.0
2015-06-12,4,1506124,58.3419957356269,0.0,20.25,10.0,10.0,0.0,0.0,1.0
2015-06-12,5,1506125,278.611793604903,0.0,20.25,10.0,10.0,0.0,0.0,1.0
2015-06-13,1,1506131,149.304738265576,6.0,21.875,12.0,61.0,0.0,0.0,1.0
2015-06-13,2,1506132,559.888089847911,6.0,21.875,12.0,61.0,0.0,0.0,1.0
2015-06-13,3,1506133,242.025878557973,6.0,21.875,12.0,61.0,0.0,0.0,1.0
2015-06-13,4,1506134,55.5502705629424,6.0,21.875,12.0,61.0,0.0,0.0,1.0
2015-06-13,5,1506135,238.309203727899,6.0,21.875,12.0,61.0,0.0,0.0,1.0
2015-06-14,1,1506141,54.200791257504,7.0,14.375,12.0,61.0,0.0,0.0,1.0
2015-06-14,2,1506142,486.138237737853,7.0,14.375,12.0,61.0,0.0,0.0,1.0
2015-06-14,3,1506143,191.003479398523,7.0,14.375,12.0,61.0,0.0,0.0,1.0
2015-06-14,4,1506144,94.7426227820596,7.0,14.375,12.0,61.0,0.0,0.0,1.0
2015-06-14,5,1506145,308.096883557457,7.0,14.375,12.0,61.0,0.0,0.0,1.0
2015-06-15,1,1506151,142.542446445232,8.0,13.625,11.0,21.0,0.0,0.0,1.0
2015-06-15,2,1506152,350.589558421955,8.0,13.625,11.0,21.0,0.0,0.0,1.0
2015-06-15,3,1506153,146.513955766517,8.0,13.625,11.0,21.0,0.0,0.0,1.0
2015-06-15,4,1506154,93.9081036308009,8.0,13.625,11.0,21.0,0.0,0.0,1.0
2015-06-15,5,1506155,289.287204370205,8.0,13.625,11.0,21.0,0.0,0.0,1.0
2015-06-16,1,1506161,79.09829297271379,7.0,13.625,14.0,21.0,0.0,0.0,1.0
2015-06-16,2,1506162,349.888222729503,7.0,13.625,14.0,21.0,0.0,0.0,1.0
2015-06-16,3,1506163,115.199444682387,7.0,13.625,14.0,21.0,0.0,0.0,1.0
2015-06-16,4,1506164,54.8703592495813,7.0,13.625,14.0,21.0,0.0,0.0,1.0
2015-06-16,5,1506165,249.827665172029,7.0,13.625,14.0,21.0,0.0,0.0,1.0
2015-06-17,1,1506171,97.5436336746583,7.0,16.5,9.0,61.0,0.0,0.0,1.0
2015-06-17,2,1506172,380.305703300813,7.0,16.5,9.0,61.0,0.0,0.0,1.0
2015-06-17,3,1506173,138.272896315851,7.0,16.5,9.0,61.0,0.0,0.0,1.0
2015-06-17,4,1506174,86.403424601373,7.0,16.5,9.0,61.0,0.0,0.0,1.0
2015-06-17,5,1506175,260.357543159185,7.0,16.5,9.0,61.0,0.0,0.0,1.0
2015-06-18,1,1506181,140.824064614319,7.0,13.25,13.0,61.0,0.0,0.0,1.0
2015-06-18,2,1506182,332.820567048363,7.0,13.25,13.0,61.0,0.0,0.0,1.0
2015-06-18,3,1506183,132.829460804496,7.0,13.25,13.0,61.0,0.0,0.0,1.0
2015-06-18,4,1506184,,7.0,13.25,13.0,61.0,0.0,0.0,1.0
2015-06-18,5,1506185,269.272420702957,7.0,13.25,13.0,61.0,0.0,0.0,1.0
2015-06-19,1,1506191,119.985803432121,7.0,14.25,14.0,61.0,0.0,0.0,1.0
2015-06-19,2,1506192,346.690336157535,7.0,14.25,14.0,61.0,0.0,0.0,1.0
2015-06-19,3,1506193,149.93941661601,7.0,14.25,14.0,61.0,0.0,0.0,1.0
2015-06-19,4,1506194,85.6920848289348,7.0,14.25,14.0,61.0,0.0,0.0,1.0
2015-06-19,5,1506195,271.496146564196,7.0,14.25,14.0,61.0,0.0,0.0,1.0
2015-06-20,1,1506201,146.634813820399,5.0,17.125,13.0,61.0,1.0,0.0,1.0
2015-06-20,2,1506202,571.278131371528,5.0,17.125,13.0,61.0,1.0,0.0,1.0
2015-06-20,3,1506203,220.298734884554,5.0,17.125,13.0,61.0,1.0,0.0,1.0
2015-06-20,4,1506204,,5.0,17.125,13.0,61.0,1.0,0.0,1.0
2015-06-20,5,1506205,280.186941692026,5.0,17.125,13.0,61.0,1.0,0.0,1.0
2015-06-21,1,1506211,77.1354317914719,6.0,15.75,6.0,61.0,1.0,0.0,1.0
2015-06-21,2,1506212,553.599170821681,6.0,15.75,6.0,61.0,1.0,0.0,1.0
2015-06-21,3,1506213,206.347777642486,6.0,15.75,6.0,61.0,1.0,0.0,1.0
2015-06-21,4,1506214,79.6238577111724,6.0,15.75,6.0,61.0,1.0,0.0,1.0
2015-06-21,5,1506215,235.514638799317,6.0,15.75,6.0,61.0,1.0,0.0,1.0
2015-06-22,1,1506221,135.938737758693,5.0,13.5,8.0,61.0,1.0,0.0,1.0
2015-06-22,2,1506222,412.309330067662,5.0,13.5,8.0,61.0,1.0,0.0,1.0
2015-06-22,3,1506223,183.964615046141,5.0,13.5,8.0,61.0,1.0,0.0,1.0
2015-06-22,4,1506224,95.7934490225752,5.0,13.5,8.0,61.0,1.0,0.0,1.0
2015-06-22,5,1506225,254.862522218275,5.0,13.5,8.0,61.0,1.0,0.0,1.0
2015-06-23,1,1506231,122.481453982781,5.0,16.5,10.0,21.0,1.0,0.0,1.0
2015-06-23,2,1506232,423.1358501964,5.0,16.5,10.0,21.0,1.0,0.0,1.0
2015-06-23,3,1506233,172.407057152837,5.0,16.5,10.0,21.0,1.0,0.0,1.0
2015-06-23,4,1506234,59.3399435978971,5.0,16.5,10.0,21.0,1.0,0.0,1.0
2015-06-23,5,1506235,270.726957416684,5.0,16.5,10.0,21.0,1.0,0.0,1.0
2015-06-24,1,1506241,128.059192073461,8.0,12.625,14.0,61.0,1.0,0.0,1.0
2015-06-24,2,1506242,479.943327331225,8.0,12.625,14.0,61.0,1.0,0.0,1.0
2015-06-24,3,1506243,179.618053020787,8.0,12.625,14.0,61.0,1.0,0.0,1.0
2015-06-24,4,1506244,136.751450668224,8.0,12.625,14.0,61.0,1.0,0.0,1.0
2015-06-24,5,1506245,300.990362700812,8.0,12.625,14.0,61.0,1.0,0.0,1.0
2015-06-25,1,1506251,178.518522583761,6.0,17.125,8.0,21.0,1.0,0.0,1.0
2015-06-25,2,1506252,484.513720535521,6.0,17.125,8.0,21.0,1.0,0.0,1.0
2015-06-25,3,1506253,169.658267286,6.0,17.125,8.0,21.0,1.0,0.0,1.0
2015-06-25,4,1506254,76.9256449556744,6.0,17.125,8.0,21.0,1.0,0.0,1.0
2015-06-25,5,1506255,271.335895693763,6.0,17.125,8.0,21.0,1.0,0.0,1.0
2015-06-26,1,1506261,148.837350354137,7.0,19.25,5.0,61.0,1.0,0.0,1.0
2015-06-26,2,1506262,517.667163948615,7.0,19.25,5.0,61.0,1.0,0.0,1.0
2015-06-26,3,1506263,181.11146289077,7.0,19.25,5.0,61.0,1.0,0.0,1.0
2015-06-26,4,1506264,133.675162322483,7.0,19.25,5.0,61.0,1.0,0.0,1.0
2015-06-26,5,1506265,304.239937730854,7.0,19.25,5.0,61.0,1.0,0.0,1.0
2015-06-27,1,1506271,169.797038127635,7.0,19.375,16.0,61.0,1.0,0.0,1.0
2015-06-27,2,1506272,708.700690129254,7.0,19.375,16.0,61.0,1.0,0.0,1.0
2015-06-27,3,1506273,274.594255311076,7.0,19.375,16.0,61.0,1.0,0.0,1.0
2015-06-27,4,1506274,51.4184892058944,7.0,19.375,16.0,61.0,1.0,0.0,1.0
2015-06-27,5,1506275,428.433111120672,7.0,19.375,16.0,61.0,1.0,0.0,1.0
2015-06-28,1,1506281,77.928316055467,2.0,19.875,10.0,61.0,1.0,0.0,1.0
2015-06-28,2,1506282,686.349904220686,2.0,19.875,10.0,61.0,1.0,0.0,1.0
2015-06-28,3,1506283,248.020004494018,2.0,19.875,10.0,61.0,1.0,0.0,1.0
2015-06-28,4,1506284,92.6062037819606,2.0,19.875,10.0,61.0,1.0,0.0,1.0
2015-06-28,5,1506285,309.491842337963,2.0,19.875,10.0,61.0,1.0,0.0,1.0
2015-06-29,1,1506291,167.270204460311,3.0,21.5,12.0,61.0,0.0,0.0,1.0
2015-06-29,2,1506292,455.623242772356,3.0,21.5,12.0,61.0,0.0,0.0,1.0
2015-06-29,3,1506293,194.136671031459,3.0,21.5,12.0,61.0,0.0,0.0,1.0
2015-06-29,4,1506294,60.5706678690791,3.0,21.5,12.0,61.0,0.0,0.0,1.0
2015-06-29,5,1506295,304.800400892429,3.0,21.5,12.0,61.0,0.0,0.0,1.0
2015-06-30,1,1506301,148.605225316688,3.0,20.25,9.0,61.0,0.0,0.0,1.0
2015-06-30,2,1506302,456.688693628606,3.0,20.25,9.0,61.0,0.0,0.0,1.0
2015-06-30,3,1506303,208.082577987922,3.0,20.25,9.0,61.0,0.0,0.0,1.0
2015-06-30,4,1506304,59.7582110810299,3.0,20.25,9.0,61.0,0.0,0.0,1.0
2015-06-30,5,1506305,289.298377908159,3.0,20.25,9.0,61.0,0.0,0.0,1.0
2015-07-01,1,1507011,120.186667934639,0.0,23.125,13.0,61.0,0.0,0.0,1.0
2015-07-01,2,1507012,430.397456895632,0.0,23.125,13.0,61.0,0.0,0.0,1.0
2015-07-01,3,1507013,197.623339824018,0.0,23.125,13.0,61.0,0.0,0.0,1.0
2015-07-01,4,1507014,42.5236610258434,0.0,23.125,13.0,61.0,0.0,0.0,1.0
2015-07-01,5,1507015,216.683347382259,0.0,23.125,13.0,61.0,0.0,0.0,1.0
2015-07-02,1,1507021,146.638389294812,0.0,27.375,12.0,61.0,0.0,0.0,1.0
2015-07-02,2,1507022,380.075233434005,0.0,27.375,12.0,61.0,0.0,0.0,1.0
2015-07-02,3,1507023,197.917442499618,0.0,27.375,12.0,61.0,0.0,0.0,1.0
2015-07-02,4,1507024,71.149958216457,0.0,27.375,12.0,61.0,0.0,0.0,1.0
2015-07-02,5,1507025,207.500950654484,0.0,27.375,12.0,61.0,0.0,0.0,1.0
2015-07-03,1,1507031,144.951813259044,1.0,25.625,10.0,61.0,0.0,0.0,1.0
2015-07-03,2,1507032,432.888287340422,1.0,25.625,10.0,61.0,0.0,0.0,1.0
2015-07-03,3,1507033,160.204702317167,1.0,25.625,10.0,61.0,0.0,0.0,1.0
2015-07-03,4,1507034,74.2683455483615,1.0,25.625,10.0,61.0,0.0,0.0,1.0
2015-07-03,5,1507035,294.970876106508,1.0,25.625,10.0,61.0,0.0,0.0,1.0
2015-07-04,1,1507041,147.076833346115,0.0,26.5,10.0,61.0,0.0,0.0,1.0
2015-07-04,2,1507042,667.545326269141,0.0,26.5,10.0,61.0,0.0,0.0,1.0
2015-07-04,3,1507043,247.071452490507,0.0,26.5,10.0,61.0,0.0,0.0,1.0
2015-07-04,4,1507044,41.0811107814817,0.0,26.5,10.0,61.0,0.0,0.0,1.0
2015-07-04,5,1507045,315.830779238922,0.0,26.5,10.0,61.0,0.0,0.0,1.0
2015-07-05,1,1507051,42.8195772957965,4.0,25.25,9.0,21.0,0.0,0.0,1.0
2015-07-05,2,1507052,571.220211930273,4.0,25.25,9.0,21.0,0.0,0.0,1.0
2015-07-05,3,1507053,259.904234971271,4.0,25.25,9.0,21.0,0.0,0.0,1.0
2015-07-05,4,1507054,80.5139509839903,4.0,25.25,9.0,21.0,0.0,0.0,1.0
2015-07-05,5,1507055,308.145249811727,4.0,25.25,9.0,21.0,0.0,0.0,1.0
2015-07-06,1,1507061,152.361597385545,3.0,19.875,16.0,21.0,0.0,0.0,1.0
2015-07-06,2,1507062,435.547290335414,3.0,19.875,16.0,21.0,0.0,0.0,1.0
2015-07-06,3,1507063,180.976011570668,3.0,19.875,16.0,21.0,0.0,0.0,1.0
2015-07-06,4,1507064,119.169151042856,3.0,19.875,16.0,21.0,0.0,0.0,1.0
2015-07-06,5,1507065,252.941627806535,3.0,19.875,16.0,21.0,0.0,0.0,1.0
2015-07-07,1,1507071,84.0059287460532,4.0,24.75,9.0,61.0,0.0,0.0,1.0
2015-07-07,2,1507072,424.75865459342,4.0,24.75,9.0,61.0,0.0,0.0,1.0
2015-07-07,3,1507073,205.786503054919,4.0,24.75,9.0,61.0,0.0,0.0,1.0
2015-07-07,4,1507074,43.289934535011,4.0,24.75,9.0,61.0,0.0,0.0,1.0
2015-07-07,5,1507075,248.53982558714,4.0,24.75,9.0,61.0,0.0,0.0,1.0
2015-07-08,1,1507081,102.368510926785,6.0,16.625,16.0,63.0,0.0,0.0,1.0
2015-07-08,2,1507082,406.197372488758,6.0,16.625,16.0,63.0,0.0,0.0,1.0
2015-07-08,3,1507083,192.61324743982,6.0,16.625,16.0,63.0,0.0,0.0,1.0
2015-07-08,4,1507084,104.939046568831,6.0,16.625,16.0,63.0,0.0,0.0,1.0
2015-07-08,5,1507085,299.243550702973,6.0,16.625,16.0,63.0,0.0,0.0,1.0
2015-07-09,1,1507091,135.630723416396,6.0,14.375,24.0,61.0,0.0,0.0,1.0
2015-07-09,2,1507092,400.061396607868,6.0,14.375,24.0,61.0,0.0,0.0,1.0
2015-07-09,3,1507093,164.223975843097,6.0,14.375,24.0,61.0,0.0,0.0,1.0
2015-07-09,4,1507094,54.2685877298114,6.0,14.375,24.0,61.0,0.0,0.0,1.0
2015-07-09,5,1507095,281.697843843677,6.0,14.375,24.0,61.0,0.0,0.0,1.0
2015-07-10,1,1507101,124.786803993428,3.0,16.125,18.0,21.0,0.0,0.0,1.0
2015-07-10,2,1507102,419.920725517909,3.0,16.125,18.0,21.0,0.0,0.0,1.0
2015-07-10,3,1507103,175.415571182845,3.0,16.125,18.0,21.0,0.0,0.0,1.0
2015-07-10,4,1507104,88.3126393798284,3.0,16.125,18.0,21.0,0.0,0.0,1.0
2015-07-10,5,1507105,296.230038738281,3.0,16.125,18.0,21.0,0.0,0.0,1.0
2015-07-11,1,1507111,130.113145531335,6.0,17.75,9.0,21.0,0.0,0.0,1.0
2015-07-11,2,1507112,579.775873809484,6.0,17.75,9.0,21.0,0.0,0.0,1.0
2015-07-11,3,1507113,259.589585454307,6.0,17.75,9.0,21.0,0.0,0.0,1.0
2015-07-11,4,1507114,55.7657711821206,6.0,17.75,9.0,21.0,0.0,0.0,1.0
2015-07-11,5,1507115,278.282264047648,6.0,17.75,9.0,21.0,0.0,0.0,1.0
2015-07-12,1,1507121,88.6540564733359,7.0,19.25,12.0,61.0,0.0,0.0,1.0
2015-07-12,2,1507122,638.240827319641,7.0,19.25,12.0,61.0,0.0,0.0,1.0
2015-07-12,3,1507123,226.576988477566,7.0,19.25,12.0,61.0,0.0,0.0,1.0
2015-07-12,4,1507124,107.211344510388,7.0,19.25,12.0,61.0,0.0,0.0,1.0
2015-07-12,5,1507125,262.303945351064,7.0,19.25,12.0,61.0,0.0,0.0,1.0
2015-07-13,1,1507131,139.54366165469,6.0,19.375,11.0,61.0,0.0,0.0,1.0
2015-07-13,2,1507132,484.644303422986,6.0,19.375,11.0,61.0,0.0,0.0,1.0
2015-07-13,3,1507133,178.246604676721,6.0,19.375,11.0,61.0,0.0,0.0,1.0
2015-07-13,4,1507134,99.8210032219416,6.0,19.375,11.0,61.0,0.0,0.0,1.0
2015-07-13,5,1507135,260.211558815196,6.0,19.375,11.0,61.0,0.0,0.0,1.0
2015-07-14,1,1507141,130.501224284384,3.0,19.625,9.0,0.0,0.0,0.0,1.0
2015-07-14,2,1507142,494.642623603643,3.0,19.625,9.0,0.0,0.0,0.0,1.0
2015-07-14,3,1507143,241.122838912105,3.0,19.625,9.0,0.0,0.0,0.0,1.0
2015-07-14,4,1507144,70.3072462225753,3.0,19.625,9.0,0.0,0.0,0.0,1.0
2015-07-14,5,1507145,256.913088405191,3.0,19.625,9.0,0.0,0.0,0.0,1.0
2015-07-15,1,1507151,107.10110548093,3.0,20.125,14.0,0.0,0.0,0.0,1.0
2015-07-15,2,1507152,517.878028741276,3.0,20.125,14.0,0.0,0.0,0.0,1.0
2015-07-15,3,1507153,239.988521470692,3.0,20.125,14.0,0.0,0.0,0.0,1.0
2015-07-15,4,1507154,77.1698083779948,3.0,20.125,14.0,0.0,0.0,0.0,1.0
2015-07-15,5,1507155,305.043050526266,3.0,20.125,14.0,0.0,0.0,0.0,1.0
2015-07-16,1,1507161,137.546863233232,4.0,18.75,7.0,0.0,0.0,0.0,1.0
2015-07-16,2,1507162,498.959441029325,4.0,18.75,7.0,0.0,0.0,0.0,1.0
2015-07-16,3,1507163,221.649707015925,4.0,18.75,7.0,0.0,0.0,0.0,1.0
2015-07-16,4,1507164,54.5100626424489,4.0,18.75,7.0,0.0,0.0,0.0,1.0
2015-07-16,5,1507165,214.084788068538,4.0,18.75,7.0,0.0,0.0,0.0,1.0
2015-07-17,1,1507171,59.6756480447039,4.0,23.25,12.0,21.0,0.0,0.0,1.0
2015-07-17,2,1507172,533.38199646267,4.0,23.25,12.0,21.0,0.0,0.0,1.0
2015-07-17,3,1507173,230.878548082359,4.0,23.25,12.0,21.0,0.0,0.0,1.0
2015-07-17,4,1507174,56.8413279185917,4.0,23.25,12.0,21.0,0.0,0.0,1.0
2015-07-17,5,1507175,235.351081587218,4.0,23.25,12.0,21.0,0.0,0.0,1.0
2015-07-18,1,1507181,103.421875467186,2.0,20.875,16.0,21.0,0.0,0.0,1.0
2015-07-18,2,1507182,677.199908361688,2.0,20.875,16.0,21.0,0.0,0.0,1.0
2015-07-18,3,1507183,276.149969844093,2.0,20.875,16.0,21.0,0.0,0.0,1.0
2015-07-18,4,1507184,55.3054194821743,2.0,20.875,16.0,21.0,0.0,0.0,1.0
2015-07-18,5,1507185,274.337912432376,2.0,20.875,16.0,21.0,0.0,0.0,1.0
2015-07-19,1,1507191,72.7912616085759,7.0,14.5,5.0,63.0,0.0,0.0,1.0
2015-07-19,2,1507192,713.948758860807,7.0,14.5,5.0,63.0,0.0,0.0,1.0
2015-07-19,3,1507193,298.356080226216,7.0,14.5,5.0,63.0,0.0,0.0,1.0
2015-07-19,4,1507194,78.8699766727403,7.0,14.5,5.0,63.0,0.0,0.0,1.0
2015-07-19,5,1507195,366.640210113571,7.0,14.5,5.0,63.0,0.0,0.0,1.0
2015-07-20,1,1507201,112.088314087437,6.0,18.375,12.0,20.0,0.0,1.0,1.0
2015-07-20,2,1507202,566.157537334118,6.0,18.375,12.0,20.0,0.0,1.0,1.0
2015-07-20,3,1507203,212.208013890009,6.0,18.375,12.0,20.0,0.0,1.0,1.0
2015-07-20,4,1507204,69.7667264646809,6.0,18.375,12.0,20.0,0.0,1.0,1.0
2015-07-20,5,1507205,243.511157551047,6.0,18.375,12.0,20.0,0.0,1.0,1.0
2015-07-21,1,1507211,110.3163345983,3.0,21.375,16.0,0.0,0.0,1.0,1.0
2015-07-21,2,1507212,556.009113808745,3.0,21.375,16.0,0.0,0.0,1.0,1.0
2015-07-21,3,1507213,211.333116743005,3.0,21.375,16.0,0.0,0.0,1.0,1.0
2015-07-21,4,1507214,84.9804801228085,3.0,21.375,16.0,0.0,0.0,1.0,1.0
2015-07-21,5,1507215,300.049805092917,3.0,21.375,16.0,0.0,0.0,1.0,1.0
2015-07-22,1,1507221,142.22779347136,2.0,23.75,12.0,0.0,0.0,1.0,1.0
2015-07-22,2,1507222,597.576041552763,2.0,23.75,12.0,0.0,0.0,1.0,1.0
2015-07-22,3,1507223,254.371952847912,2.0,23.75,12.0,0.0,0.0,1.0,1.0
2015-07-22,4,1507224,,2.0,23.75,12.0,0.0,0.0,1.0,1.0
2015-07-22,5,1507225,268.939645752758,2.0,23.75,12.0,0.0,0.0,1.0,1.0
2015-07-23,1,1507231,203.264125340781,5.0,18.375,12.0,61.0,0.0,1.0,1.0
2015-07-23,2,1507232,600.414019091748,5.0,18.375,12.0,61.0,0.0,1.0,1.0
2015-07-23,3,1507233,247.826303732974,5.0,18.375,12.0,61.0,0.0,1.0,1.0
2015-07-23,4,1507234,63.5138560687825,5.0,18.375,12.0,61.0,0.0,1.0,1.0
2015-07-23,5,1507235,261.951424968471,5.0,18.375,12.0,61.0,0.0,1.0,1.0
2015-07-24,1,1507241,190.774205174228,7.0,19.375,10.0,61.0,0.0,1.0,1.0
2015-07-24,2,1507242,578.637666776062,7.0,19.375,10.0,61.0,0.0,1.0,1.0
2015-07-24,3,1507243,298.052943490147,7.0,19.375,10.0,61.0,0.0,1.0,1.0
2015-07-24,4,1507244,36.344812080423,7.0,19.375,10.0,61.0,0.0,1.0,1.0
2015-07-24,5,1507245,332.284651666931,7.0,19.375,10.0,61.0,0.0,1.0,1.0
2015-07-25,1,1507251,153.059769404023,6.0,20.0,10.0,95.0,0.0,1.0,1.0
2015-07-25,2,1507252,672.206275477328,6.0,20.0,10.0,95.0,0.0,1.0,1.0
2015-07-25,3,1507253,251.567269387341,6.0,20.0,10.0,95.0,0.0,1.0,1.0
2015-07-25,4,1507254,63.9464915592845,6.0,20.0,10.0,95.0,0.0,1.0,1.0
2015-07-25,5,1507255,254.280510145513,6.0,20.0,10.0,95.0,0.0,1.0,1.0
2015-07-26,1,1507261,128.285416683932,5.0,16.75,19.0,61.0,0.0,1.0,1.0
2015-07-26,2,1507262,705.589263265344,5.0,16.75,19.0,61.0,0.0,1.0,1.0
2015-07-26,3,1507263,282.734202808242,5.0,16.75,19.0,61.0,0.0,1.0,1.0
2015-07-26,4,1507264,132.027901406403,5.0,16.75,19.0,61.0,0.0,1.0,1.0
2015-07-26,5,1507265,372.811026662913,5.0,16.75,19.0,61.0,0.0,1.0,1.0
2015-07-27,1,1507271,133.375781082704,7.0,15.875,8.0,61.0,0.0,1.0,1.0
2015-07-27,2,1507272,596.420841559454,7.0,15.875,8.0,61.0,0.0,1.0,1.0
2015-07-27,3,1507273,254.815545241132,7.0,15.875,8.0,61.0,0.0,1.0,1.0
2015-07-27,4,1507274,71.2222741062861,7.0,15.875,8.0,61.0,0.0,1.0,1.0
2015-07-27,5,1507275,294.634099970476,7.0,15.875,8.0,61.0,0.0,1.0,1.0
2015-07-28,1,1507281,145.923878713879,7.0,17.375,15.0,63.0,0.0,1.0,1.0
2015-07-28,2,1507282,597.787732789746,7.0,17.375,15.0,63.0,0.0,1.0,1.0
2015-07-28,3,1507283,246.812365432227,7.0,17.375,15.0,63.0,0.0,1.0,1.0
2015-07-28,4,1507284,61.0012081922165,7.0,17.375,15.0,63.0,0.0,1.0,1.0
2015-07-28,5,1507285,343.727054343196,7.0,17.375,15.0,63.0,0.0,1.0,1.0
2015-07-29,1,1507291,158.819215783308,5.0,14.875,12.0,61.0,0.0,1.0,1.0
2015-07-29,2,1507292,579.295922313804,5.0,14.875,12.0,61.0,0.0,1.0,1.0
2015-07-29,3,1507293,249.35234686611,5.0,14.875,12.0,61.0,0.0,1.0,1.0
2015-07-29,4,1507294,78.9879320465411,5.0,14.875,12.0,61.0,0.0,1.0,1.0
2015-07-29,5,1507295,392.988955408933,5.0,14.875,12.0,61.0,0.0,1.0,1.0
2015-07-30,1,1507301,146.484382697433,7.0,14.0,16.0,61.0,0.0,1.0,1.0
2015-07-30,2,1507302,565.527307888753,7.0,14.0,16.0,61.0,0.0,1.0,1.0
2015-07-30,3,1507303,242.660499067924,7.0,14.0,16.0,61.0,0.0,1.0,1.0
2015-07-30,4,1507304,47.0294957006938,7.0,14.0,16.0,61.0,0.0,1.0,1.0
2015-07-30,5,1507305,320.141775558388,7.0,14.0,16.0,61.0,0.0,1.0,1.0
2015-07-31,1,1507311,161.092565120206,7.0,15.875,15.0,61.0,0.0,1.0,1.0
2015-07-31,2,1507312,642.086323539373,7.0,15.875,15.0,61.0,0.0,1.0,1.0
2015-07-31,3,1507313,283.048417124278,7.0,15.875,15.0,61.0,0.0,1.0,1.0
2015-07-31,4,1507314,69.5510324443147,7.0,15.875,15.0,61.0,0.0,1.0,1.0
2015-07-31,5,1507315,337.099137665563,7.0,15.875,15.0,61.0,0.0,1.0,1.0
2015-08-01,1,1508011,218.255357934206,0.0,17.625,12.0,61.0,0.0,1.0,1.0
2015-08-01,2,1508012,713.621778934724,0.0,17.625,12.0,61.0,0.0,1.0,1.0
2015-08-01,3,1508013,334.423781150557,0.0,17.625,12.0,61.0,0.0,1.0,1.0
2015-08-01,4,1508014,61.4951926235269,0.0,17.625,12.0,61.0,0.0,1.0,1.0
2015-08-01,5,1508015,325.032374764974,0.0,17.625,12.0,61.0,0.0,1.0,1.0
2015-08-02,1,1508021,79.8524484948349,0.0,21.5,8.0,61.0,0.0,1.0,1.0
2015-08-02,2,1508022,781.185854004288,0.0,21.5,8.0,61.0,0.0,1.0,1.0
2015-08-02,3,1508023,295.678869316227,0.0,21.5,8.0,61.0,0.0,1.0,1.0
2015-08-02,4,1508024,102.92536559936,0.0,21.5,8.0,61.0,0.0,1.0,1.0
2015-08-02,5,1508025,313.031624705495,0.0,21.5,8.0,61.0,0.0,1.0,1.0
2015-08-03,1,1508031,146.571539190605,0.0,26.0,7.0,61.0,0.0,1.0,1.0
2015-08-03,2,1508032,626.831725112069,0.0,26.0,7.0,61.0,0.0,1.0,1.0
2015-08-03,3,1508033,281.888462974889,0.0,26.0,7.0,61.0,0.0,1.0,1.0
2015-08-03,4,1508034,96.1541463695526,0.0,26.0,7.0,61.0,0.0,1.0,1.0
2015-08-03,5,1508035,278.341445348085,0.0,26.0,7.0,61.0,0.0,1.0,1.0
2015-08-04,1,1508041,181.610236114437,2.0,26.5,15.0,61.0,0.0,1.0,1.0
2015-08-04,2,1508042,601.373326416756,2.0,26.5,15.0,61.0,0.0,1.0,1.0
2015-08-04,3,1508043,309.17321482985,2.0,26.5,15.0,61.0,0.0,1.0,1.0
2015-08-04,4,1508044,51.9802446049876,2.0,26.5,15.0,61.0,0.0,1.0,1.0
2015-08-04,5,1508045,309.251750426175,2.0,26.5,15.0,61.0,0.0,1.0,1.0
2015-08-05,1,1508051,159.979977487315,2.0,21.75,8.0,21.0,0.0,1.0,1.0
2015-08-05,2,1508052,616.704465064561,2.0,21.75,8.0,21.0,0.0,1.0,1.0
2015-08-05,3,1508053,339.639983055885,2.0,21.75,8.0,21.0,0.0,1.0,1.0
2015-08-05,4,1508054,61.4146095346043,2.0,21.75,8.0,21.0,0.0,1.0,1.0
2015-08-05,5,1508055,301.947104892243,2.0,21.75,8.0,21.0,0.0,1.0,1.0
2015-08-06,1,1508061,205.307474929514,1.0,27.625,6.0,21.0,0.0,1.0,1.0
2015-08-06,2,1508062,637.800836478639,1.0,27.625,6.0,21.0,0.0,1.0,1.0
2015-08-06,3,1508063,298.46095836567,1.0,27.625,6.0,21.0,0.0,1.0,1.0
2015-08-06,4,1508064,68.1438694841095,1.0,27.625,6.0,21.0,0.0,1.0,1.0
2015-08-06,5,1508065,307.464976007498,1.0,27.625,6.0,21.0,0.0,1.0,1.0
2015-08-07,1,1508071,161.405348220657,4.0,20.0,9.0,63.0,0.0,1.0,1.0
2015-08-07,2,1508072,663.665647701062,4.0,20.0,9.0,63.0,0.0,1.0,1.0
2015-08-07,3,1508073,323.842230895475,4.0,20.0,9.0,63.0,0.0,1.0,1.0
2015-08-07,4,1508074,67.65120769016,4.0,20.0,9.0,63.0,0.0,1.0,1.0
2015-08-07,5,1508075,328.525075362716,4.0,20.0,9.0,63.0,0.0,1.0,1.0
2015-08-08,1,1508081,257.886451180439,6.0,19.125,10.0,63.0,0.0,1.0,1.0
2015-08-08,2,1508082,708.839463184239,6.0,19.125,10.0,63.0,0.0,1.0,1.0
2015-08-08,3,1508083,341.525699924904,6.0,19.125,10.0,63.0,0.0,1.0,1.0
2015-08-08,4,1508084,72.3812282167448,6.0,19.125,10.0,63.0,0.0,1.0,1.0
2015-08-08,5,1508085,419.863249187707,6.0,19.125,10.0,63.0,0.0,1.0,1.0
2015-08-09,1,1508091,99.38449711713059,0.0,21.0,10.0,63.0,0.0,1.0,1.0
2015-08-09,2,1508092,591.671146288595,0.0,21.0,10.0,63.0,0.0,1.0,1.0
2015-08-09,3,1508093,287.13259851044,0.0,21.0,10.0,63.0,0.0,1.0,1.0
2015-08-09,4,1508094,128.387177448355,0.0,21.0,10.0,63.0,0.0,1.0,1.0
2015-08-09,5,1508095,381.295172610081,0.0,21.0,10.0,63.0,0.0,1.0,1.0
2015-08-10,1,1508101,107.823834818728,3.0,22.5,8.0,21.0,0.0,1.0,1.0
2015-08-10,2,1508102,594.76210118618,3.0,22.5,8.0,21.0,0.0,1.0,1.0
2015-08-10,3,1508103,326.181200375735,3.0,22.5,8.0,21.0,0.0,1.0,1.0
2015-08-10,4,1508104,62.9166913762778,3.0,22.5,8.0,21.0,0.0,1.0,1.0
2015-08-10,5,1508105,310.788118274661,3.0,22.5,8.0,21.0,0.0,1.0,1.0
2015-08-11,1,1508111,111.719493582218,4.0,22.125,7.0,21.0,0.0,1.0,1.0
2015-08-11,2,1508112,544.020362022611,4.0,22.125,7.0,21.0,0.0,1.0,1.0
2015-08-11,3,1508113,281.806632304885,4.0,22.125,7.0,21.0,0.0,1.0,1.0
2015-08-11,4,1508114,91.8656187305806,4.0,22.125,7.0,21.0,0.0,1.0,1.0
2015-08-11,5,1508115,270.359419222473,4.0,22.125,7.0,21.0,0.0,1.0,1.0
2015-08-12,1,1508121,105.910085115263,5.0,19.125,9.0,21.0,0.0,1.0,1.0
2015-08-12,2,1508122,545.01956668171,5.0,19.125,9.0,21.0,0.0,1.0,1.0
2015-08-12,3,1508123,253.319885412416,5.0,19.125,9.0,21.0,0.0,1.0,1.0
2015-08-12,4,1508124,142.966081963688,5.0,19.125,9.0,21.0,0.0,1.0,1.0
2015-08-12,5,1508125,376.975331769286,5.0,19.125,9.0,21.0,0.0,1.0,1.0
2015-08-13,1,1508131,130.032330328273,0.0,20.75,13.0,0.0,0.0,1.0,1.0
2015-08-13,2,1508132,583.360345249005,0.0,20.75,13.0,0.0,0.0,1.0,1.0
2015-08-13,3,1508133,276.603435380993,0.0,20.75,13.0,0.0,0.0,1.0,1.0
2015-08-13,4,1508134,75.4048924839092,0.0,20.75,13.0,0.0,0.0,1.0,1.0
2015-08-13,5,1508135,325.869900482332,0.0,20.75,13.0,0.0,0.0,1.0,1.0
2015-08-14,1,1508141,136.48598470265,4.0,24.0,14.0,0.0,0.0,1.0,1.0
2015-08-14,2,1508142,554.667565714253,4.0,24.0,14.0,0.0,0.0,1.0,1.0
2015-08-14,3,1508143,265.26265451612,4.0,24.0,14.0,0.0,0.0,1.0,1.0
2015-08-14,4,1508144,149.004415970268,4.0,24.0,14.0,0.0,0.0,1.0,1.0
2015-08-14,5,1508145,302.288607115029,4.0,24.0,14.0,0.0,0.0,1.0,1.0
2015-08-15,1,1508151,143.900495093016,7.0,20.875,8.0,61.0,0.0,1.0,1.0
2015-08-15,2,1508152,663.39667410597,7.0,20.875,8.0,61.0,0.0,1.0,1.0
2015-08-15,3,1508153,275.131682077987,7.0,20.875,8.0,61.0,0.0,1.0,1.0
2015-08-15,4,1508154,107.241283474635,7.0,20.875,8.0,61.0,0.0,1.0,1.0
2015-08-15,5,1508155,400.83114144403,7.0,20.875,8.0,61.0,0.0,1.0,1.0
2015-08-16,1,1508161,70.3788768512555,6.0,21.5,10.0,0.0,0.0,1.0,1.0
2015-08-16,2,1508162,590.489204564676,6.0,21.5,10.0,0.0,0.0,1.0,1.0
2015-08-16,3,1508163,272.443155861778,6.0,21.5,10.0,0.0,0.0,1.0,1.0
2015-08-16,4,1508164,146.710288158171,6.0,21.5,10.0,0.0,0.0,1.0,1.0
2015-08-16,5,1508165,295.759264675703,6.0,21.5,10.0,0.0,0.0,1.0,1.0
2015-08-17,1,1508171,131.235107926437,7.0,19.375,14.0,61.0,0.0,1.0,1.0
2015-08-17,2,1508172,450.920128263096,7.0,19.375,14.0,61.0,0.0,1.0,1.0
2015-08-17,3,1508173,225.824836898901,7.0,19.375,14.0,61.0,0.0,1.0,1.0
2015-08-17,4,1508174,92.8611984536371,7.0,19.375,14.0,61.0,0.0,1.0,1.0
2015-08-17,5,1508175,326.240478613795,7.0,19.375,14.0,61.0,0.0,1.0,1.0
2015-08-18,1,1508181,150.330138057285,7.0,19.25,13.0,21.0,0.0,1.0,1.0
2015-08-18,2,1508182,523.448950264901,7.0,19.25,13.0,21.0,0.0,1.0,1.0
2015-08-18,3,1508183,213.544733417009,7.0,19.25,13.0,21.0,0.0,1.0,1.0
2015-08-18,4,1508184,85.4315239150499,7.0,19.25,13.0,21.0,0.0,1.0,1.0
2015-08-18,5,1508185,322.838608950023,7.0,19.25,13.0,21.0,0.0,1.0,1.0
2015-08-19,1,1508191,114.337019826085,3.0,19.625,8.0,5.0,0.0,1.0,1.0
2015-08-19,2,1508192,490.674067203851,3.0,19.625,8.0,5.0,0.0,1.0,1.0
2015-08-19,3,1508193,253.357829339858,3.0,19.625,8.0,5.0,0.0,1.0,1.0
2015-08-19,4,1508194,90.6762881433179,3.0,19.625,8.0,5.0,0.0,1.0,1.0
2015-08-19,5,1508195,320.008480715538,3.0,19.625,8.0,5.0,0.0,1.0,1.0
2015-08-20,1,1508201,136.545303473007,1.0,20.375,8.0,10.0,0.0,1.0,1.0
2015-08-20,2,1508202,504.081147710709,1.0,20.375,8.0,10.0,0.0,1.0,1.0
2015-08-20,3,1508203,238.024936225258,1.0,20.375,8.0,10.0,0.0,1.0,1.0
2015-08-20,4,1508204,65.9553982231736,1.0,20.375,8.0,10.0,0.0,1.0,1.0
2015-08-20,5,1508205,336.15365965175,1.0,20.375,8.0,10.0,0.0,1.0,1.0
2015-08-21,1,1508211,111.539105361957,1.0,22.875,7.0,0.0,0.0,1.0,1.0
2015-08-21,2,1508212,544.022008883632,1.0,22.875,7.0,0.0,0.0,1.0,1.0
2015-08-21,3,1508213,279.310643727765,1.0,22.875,7.0,0.0,0.0,1.0,1.0
2015-08-21,4,1508214,97.976688249357,1.0,22.875,7.0,0.0,0.0,1.0,1.0
2015-08-21,5,1508215,343.654461267513,1.0,22.875,7.0,0.0,0.0,1.0,1.0
2015-08-22,1,1508221,192.310003941578,0.0,23.5,12.0,0.0,0.0,1.0,1.0
2015-08-22,2,1508222,702.931855454761,0.0,23.5,12.0,0.0,0.0,1.0,1.0
2015-08-22,3,1508223,323.66800659999,0.0,23.5,12.0,0.0,0.0,1.0,1.0
2015-08-22,4,1508224,83.0386302486542,0.0,23.5,12.0,0.0,0.0,1.0,1.0
2015-08-22,5,1508225,356.45634430368,0.0,23.5,12.0,0.0,0.0,1.0,1.0
2015-08-23,1,1508231,69.2444084339642,0.0,21.625,18.0,0.0,0.0,1.0,1.0
2015-08-23,2,1508232,649.688467416964,0.0,21.625,18.0,0.0,0.0,1.0,1.0
2015-08-23,3,1508233,251.902666988145,0.0,21.625,18.0,0.0,0.0,1.0,1.0
2015-08-23,4,1508234,148.112100685466,0.0,21.625,18.0,0.0,0.0,1.0,1.0
2015-08-23,5,1508235,406.293445886681,0.0,21.625,18.0,0.0,0.0,1.0,1.0
2015-08-24,1,1508241,133.255520595342,6.0,20.75,8.0,0.0,0.0,1.0,1.0
2015-08-24,2,1508242,452.009690636085,6.0,20.75,8.0,0.0,0.0,1.0,1.0
2015-08-24,3,1508243,190.508482582971,6.0,20.75,8.0,0.0,0.0,1.0,1.0
2015-08-24,4,1508244,103.705219329698,6.0,20.75,8.0,0.0,0.0,1.0,1.0
2015-08-24,5,1508245,287.381087820119,6.0,20.75,8.0,0.0,0.0,1.0,1.0
2015-08-25,1,1508251,117.118263733,6.0,17.75,12.0,21.0,0.0,1.0,1.0
2015-08-25,2,1508252,470.207032832021,6.0,17.75,12.0,21.0,0.0,1.0,1.0
2015-08-25,3,1508253,229.973515522141,6.0,17.75,12.0,21.0,0.0,1.0,1.0
2015-08-25,4,1508254,95.8771197248926,6.0,17.75,12.0,21.0,0.0,1.0,1.0
2015-08-25,5,1508255,324.423739102114,6.0,17.75,12.0,21.0,0.0,1.0,1.0
2015-08-26,1,1508261,91.6168944111224,5.0,22.125,9.0,21.0,0.0,1.0,1.0
2015-08-26,2,1508262,455.605966636962,5.0,22.125,9.0,21.0,0.0,1.0,1.0
2015-08-26,3,1508263,201.986667710507,5.0,22.125,9.0,21.0,0.0,1.0,1.0
2015-08-26,4,1508264,74.963807309499,5.0,22.125,9.0,21.0,0.0,1.0,1.0
2015-08-26,5,1508265,318.973552484698,5.0,22.125,9.0,21.0,0.0,1.0,1.0
2015-08-27,1,1508271,141.911779920259,6.0,18.125,12.0,61.0,0.0,1.0,1.0
2015-08-27,2,1508272,413.885988542687,6.0,18.125,12.0,61.0,0.0,1.0,1.0
2015-08-27,3,1508273,189.080053057953,6.0,18.125,12.0,61.0,0.0,1.0,1.0
2015-08-27,4,1508274,76.475641716123,6.0,18.125,12.0,61.0,0.0,1.0,1.0
2015-08-27,5,1508275,302.491389703597,6.0,18.125,12.0,61.0,0.0,1.0,1.0
2015-08-28,1,1508281,139.289247760728,2.0,19.625,11.0,20.0,0.0,1.0,1.0
2015-08-28,2,1508282,476.398072412663,2.0,19.625,11.0,20.0,0.0,1.0,1.0
2015-08-28,3,1508283,220.364674945731,2.0,19.625,11.0,20.0,0.0,1.0,1.0
2015-08-28,4,1508284,72.7913057997985,2.0,19.625,11.0,20.0,0.0,1.0,1.0
2015-08-28,5,1508285,328.768757736105,2.0,19.625,11.0,20.0,0.0,1.0,1.0
2015-08-29,1,1508291,126.140648787117,4.0,20.125,6.0,20.0,0.0,0.0,1.0
2015-08-29,2,1508292,564.048419158283,4.0,20.125,6.0,20.0,0.0,0.0,1.0
2015-08-29,3,1508293,260.194902571308,4.0,20.125,6.0,20.0,0.0,0.0,1.0
2015-08-29,4,1508294,79.9073688605913,4.0,20.125,6.0,20.0,0.0,0.0,1.0
2015-08-29,5,1508295,293.459745116119,4.0,20.125,6.0,20.0,0.0,0.0,1.0
2015-08-30,1,1508301,106.277493756171,5.0,19.375,10.0,21.0,0.0,0.0,1.0
2015-08-30,2,1508302,539.736641041383,5.0,19.375,10.0,21.0,0.0,0.0,1.0
2015-08-30,3,1508303,241.279546935983,5.0,19.375,10.0,21.0,0.0,0.0,1.0
2015-08-30,4,1508304,118.125563771295,5.0,19.375,10.0,21.0,0.0,0.0,1.0
2015-08-30,5,1508305,317.857054367892,5.0,19.375,10.0,21.0,0.0,0.0,1.0
2015-08-31,1,1508311,161.450718481947,3.0,21.875,8.0,65.0,0.0,0.0,1.0
2015-08-31,2,1508312,393.617421433248,3.0,21.875,8.0,65.0,0.0,0.0,1.0
2015-08-31,3,1508313,189.281147313922,3.0,21.875,8.0,65.0,0.0,0.0,1.0
2015-08-31,4,1508314,89.4170214258032,3.0,21.875,8.0,65.0,0.0,0.0,1.0
2015-08-31,5,1508315,196.31055630725,3.0,21.875,8.0,65.0,0.0,0.0,1.0
2015-09-01,1,1509011,119.890051286369,8.0,17.625,12.0,61.0,0.0,0.0,1.0
2015-09-01,2,1509012,341.592585917743,8.0,17.625,12.0,61.0,0.0,0.0,1.0
2015-09-01,3,1509013,156.502080674637,8.0,17.625,12.0,61.0,0.0,0.0,1.0
2015-09-01,4,1509014,119.813597280375,8.0,17.625,12.0,61.0,0.0,0.0,1.0
2015-09-01,5,1509015,296.009442328884,8.0,17.625,12.0,61.0,0.0,0.0,1.0
2015-09-02,1,1509021,83.7391536190601,5.0,17.0,13.0,21.0,0.0,0.0,1.0
2015-09-02,2,1509022,343.529213049574,5.0,17.0,13.0,21.0,0.0,0.0,1.0
2015-09-02,3,1509023,178.040049194498,5.0,17.0,13.0,21.0,0.0,0.0,1.0
2015-09-02,4,1509024,50.5765643241307,5.0,17.0,13.0,21.0,0.0,0.0,1.0
2015-09-02,5,1509025,287.10102163343,5.0,17.0,13.0,21.0,0.0,0.0,1.0
2015-09-03,1,1509031,114.383066784309,3.0,17.75,8.0,21.0,0.0,0.0,1.0
2015-09-03,2,1509032,364.2487486097,3.0,17.75,8.0,21.0,0.0,0.0,1.0
2015-09-03,3,1509033,182.593119062727,3.0,17.75,8.0,21.0,0.0,0.0,1.0
2015-09-03,4,1509034,78.4756488501111,3.0,17.75,8.0,21.0,0.0,0.0,1.0
2015-09-03,5,1509035,256.826920421219,3.0,17.75,8.0,21.0,0.0,0.0,1.0
2015-09-04,1,1509041,143.916404225232,7.0,15.625,10.0,61.0,0.0,0.0,1.0
2015-09-04,2,1509042,348.1661813862,7.0,15.625,10.0,61.0,0.0,0.0,1.0
2015-09-04,3,1509043,171.837229866917,7.0,15.625,10.0,61.0,0.0,0.0,1.0
2015-09-04,4,1509044,86.6224721527251,7.0,15.625,10.0,61.0,0.0,0.0,1.0
2015-09-04,5,1509045,331.585851212094,7.0,15.625,10.0,61.0,0.0,0.0,1.0
2015-09-05,1,1509051,156.958185021103,5.0,14.125,20.0,61.0,0.0,0.0,1.0
2015-09-05,2,1509052,489.485517572011,5.0,14.125,20.0,61.0,0.0,0.0,1.0
2015-09-05,3,1509053,222.910401079499,5.0,14.125,20.0,61.0,0.0,0.0,1.0
2015-09-05,4,1509054,72.0601440458685,5.0,14.125,20.0,61.0,0.0,0.0,1.0
2015-09-05,5,1509055,422.506310537134,5.0,14.125,20.0,61.0,0.0,0.0,1.0
2015-09-06,1,1509061,82.710116719476,5.0,17.0,18.0,61.0,0.0,0.0,1.0
2015-09-06,2,1509062,502.44714208799,5.0,17.0,18.0,61.0,0.0,0.0,1.0
2015-09-06,3,1509063,165.931422433638,5.0,17.0,18.0,61.0,0.0,0.0,1.0
2015-09-06,4,1509064,97.4301098856599,5.0,17.0,18.0,61.0,0.0,0.0,1.0
2015-09-06,5,1509065,306.134556055382,5.0,17.0,18.0,61.0,0.0,0.0,1.0
2015-09-07,1,1509071,153.007856994447,0.0,17.25,12.0,61.0,0.0,0.0,1.0
2015-09-07,2,1509072,394.644880949285,0.0,17.25,12.0,61.0,0.0,0.0,1.0
2015-09-07,3,1509073,162.201655398535,0.0,17.25,12.0,61.0,0.0,0.0,1.0
2015-09-07,4,1509074,86.5338103694984,0.0,17.25,12.0,61.0,0.0,0.0,1.0
2015-09-07,5,1509075,259.606631742264,0.0,17.25,12.0,61.0,0.0,0.0,1.0
2015-09-08,1,1509081,101.974900564771,2.0,17.5,9.0,0.0,0.0,0.0,1.0
2015-09-08,2,1509082,351.131949782145,2.0,17.5,9.0,0.0,0.0,0.0,1.0
2015-09-08,3,1509083,137.003350835869,2.0,17.5,9.0,0.0,0.0,0.0,1.0
2015-09-08,4,1509084,61.8558338270558,2.0,17.5,9.0,0.0,0.0,0.0,1.0
2015-09-08,5,1509085,290.365271054862,2.0,17.5,9.0,0.0,0.0,0.0,1.0
2015-09-09,1,1509091,85.9654454506722,1.0,16.875,10.0,0.0,0.0,0.0,1.0
2015-09-09,2,1509092,376.926779721908,1.0,16.875,10.0,0.0,0.0,0.0,1.0
2015-09-09,3,1509093,145.443243273014,1.0,16.875,10.0,0.0,0.0,0.0,1.0
2015-09-09,4,1509094,55.8300832911426,1.0,16.875,10.0,0.0,0.0,0.0,1.0
2015-09-09,5,1509095,283.205964937396,1.0,16.875,10.0,0.0,0.0,0.0,1.0
2015-09-10,1,1509101,117.413494347263,1.0,17.625,14.0,0.0,0.0,0.0,1.0
2015-09-10,2,1509102,389.614304848778,1.0,17.625,14.0,0.0,0.0,0.0,1.0
2015-09-10,3,1509103,160.140587535139,1.0,17.625,14.0,0.0,0.0,0.0,1.0
2015-09-10,4,1509104,65.3438046012977,1.0,17.625,14.0,0.0,0.0,0.0,1.0
2015-09-10,5,1509105,268.218856479745,1.0,17.625,14.0,0.0,0.0,0.0,1.0
2015-09-11,1,1509111,104.972387940673,7.0,15.0,12.0,61.0,0.0,0.0,1.0
2015-09-11,2,1509112,370.834526663937,7.0,15.0,12.0,61.0,0.0,0.0,1.0
2015-09-11,3,1509113,117.688324874624,7.0,15.0,12.0,61.0,0.0,0.0,1.0
2015-09-11,4,1509114,77.5963267214814,7.0,15.0,12.0,61.0,0.0,0.0,1.0
2015-09-11,5,1509115,313.184481077626,7.0,15.0,12.0,61.0,0.0,0.0,1.0
2015-09-12,1,1509121,133.717384428962,5.0,18.5,8.0,61.0,0.0,0.0,1.0
2015-09-12,2,1509122,535.735851383828,5.0,18.5,8.0,61.0,0.0,0.0,1.0
2015-09-12,3,1509123,256.24856314601,5.0,18.5,8.0,61.0,0.0,0.0,1.0
2015-09-12,4,1509124,97.385176383401,5.0,18.5,8.0,61.0,0.0,0.0,1.0
2015-09-12,5,1509125,291.384483107582,5.0,18.5,8.0,61.0,0.0,0.0,1.0
2015-09-13,1,1509131,103.751245279575,6.0,18.5,5.0,20.0,0.0,0.0,1.0
2015-09-13,2,1509132,500.251121182591,6.0,18.5,5.0,20.0,0.0,0.0,1.0
2015-09-13,3,1509133,180.682163454072,6.0,18.5,5.0,20.0,0.0,0.0,1.0
2015-09-13,4,1509134,82.1522115839159,6.0,18.5,5.0,20.0,0.0,0.0,1.0
2015-09-13,5,1509135,317.027305488424,6.0,18.5,5.0,20.0,0.0,0.0,1.0
2015-09-14,1,1509141,133.510832118078,7.0,17.625,6.0,63.0,0.0,0.0,1.0
2015-09-14,2,1509142,344.444831213055,7.0,17.625,6.0,63.0,0.0,0.0,1.0
2015-09-14,3,1509143,114.521175435237,7.0,17.625,6.0,63.0,0.0,0.0,1.0
2015-09-14,4,1509144,112.727634796859,7.0,17.625,6.0,63.0,0.0,0.0,1.0
2015-09-14,5,1509145,268.547450934084,7.0,17.625,6.0,63.0,0.0,0.0,1.0
2015-09-15,1,1509151,139.402208193743,4.0,13.875,10.0,95.0,0.0,0.0,1.0
2015-09-15,2,1509152,393.952752737191,4.0,13.875,10.0,95.0,0.0,0.0,1.0
2015-09-15,3,1509153,104.019391254186,4.0,13.875,10.0,95.0,0.0,0.0,1.0
2015-09-15,4,1509154,75.4421722874781,4.0,13.875,10.0,95.0,0.0,0.0,1.0
2015-09-15,5,1509155,273.980818786363,4.0,13.875,10.0,95.0,0.0,0.0,1.0
2015-09-16,1,1509161,133.689772019809,7.0,15.25,6.0,61.0,0.0,0.0,1.0
2015-09-16,2,1509162,319.876606857062,7.0,15.25,6.0,61.0,0.0,0.0,1.0
2015-09-16,3,1509163,139.313497563127,7.0,15.25,6.0,61.0,0.0,0.0,1.0
2015-09-16,4,1509164,87.542547022515,7.0,15.25,6.0,61.0,0.0,0.0,1.0
2015-09-16,5,1509165,289.262509645385,7.0,15.25,6.0,61.0,0.0,0.0,1.0
2015-09-17,1,1509171,110.514257948888,6.0,18.0,12.0,61.0,0.0,0.0,1.0
2015-09-17,2,1509172,339.29368224101,6.0,18.0,12.0,61.0,0.0,0.0,1.0
2015-09-17,3,1509173,126.856599332132,6.0,18.0,12.0,61.0,0.0,0.0,1.0
2015-09-17,4,1509174,84.5351439454101,6.0,18.0,12.0,61.0,0.0,0.0,1.0
2015-09-17,5,1509175,244.38437926166,6.0,18.0,12.0,61.0,0.0,0.0,1.0
2015-09-18,1,1509181,142.732270753669,5.0,17.25,10.0,0.0,0.0,0.0,1.0
2015-09-18,2,1509182,352.790180923934,5.0,17.25,10.0,0.0,0.0,0.0,1.0
2015-09-18,3,1509183,130.194081365583,5.0,17.25,10.0,0.0,0.0,0.0,1.0
2015-09-18,4,1509184,82.7393131451718,5.0,17.25,10.0,0.0,0.0,0.0,1.0
2015-09-18,5,1509185,320.346264402261,5.0,17.25,10.0,0.0,0.0,0.0,1.0
2015-09-19,1,1509191,130.810510295333,7.0,15.25,7.0,61.0,0.0,0.0,1.0
2015-09-19,2,1509192,489.258808159457,7.0,15.25,7.0,61.0,0.0,0.0,1.0
2015-09-19,3,1509193,166.13465629308,7.0,15.25,7.0,61.0,0.0,0.0,1.0
2015-09-19,4,1509194,76.9847906238951,7.0,15.25,7.0,61.0,0.0,0.0,1.0
2015-09-19,5,1509195,428.872661572212,7.0,15.25,7.0,61.0,0.0,0.0,1.0
2015-09-20,1,1509201,78.983124398745,3.0,15.625,15.0,21.0,0.0,0.0,1.0
2015-09-20,2,1509202,513.530323638994,3.0,15.625,15.0,21.0,0.0,0.0,1.0
2015-09-20,3,1509203,163.752648797866,3.0,15.625,15.0,21.0,0.0,0.0,1.0
2015-09-20,4,1509204,135.071628146581,3.0,15.625,15.0,21.0,0.0,0.0,1.0
2015-09-20,5,1509205,312.290301376533,3.0,15.625,15.0,21.0,0.0,0.0,1.0
2015-09-21,1,1509211,121.131518972434,7.0,13.375,6.0,61.0,0.0,0.0,1.0
2015-09-21,2,1509212,341.999724265438,7.0,13.375,6.0,61.0,0.0,0.0,1.0
2015-09-21,3,1509213,115.796286729832,7.0,13.375,6.0,61.0,0.0,0.0,1.0
2015-09-21,4,1509214,97.6919272101571,7.0,13.375,6.0,61.0,0.0,0.0,1.0
2015-09-21,5,1509215,253.439662740014,7.0,13.375,6.0,61.0,0.0,0.0,1.0
2015-09-22,1,1509221,95.7635024410138,7.0,14.25,7.0,61.0,0.0,0.0,1.0
2015-09-22,2,1509222,341.945995080269,7.0,14.25,7.0,61.0,0.0,0.0,1.0
2015-09-22,3,1509223,125.429354816316,7.0,14.25,7.0,61.0,0.0,0.0,1.0
2015-09-22,4,1509224,69.0212668968983,7.0,14.25,7.0,61.0,0.0,0.0,1.0
2015-09-22,5,1509225,203.366891249052,7.0,14.25,7.0,61.0,0.0,0.0,1.0
2015-09-23,1,1509231,113.985638571579,7.0,14.0,5.0,20.0,0.0,0.0,1.0
2015-09-23,2,1509232,330.659883041061,7.0,14.0,5.0,20.0,0.0,0.0,1.0
2015-09-23,3,1509233,114.689141036828,7.0,14.0,5.0,20.0,0.0,0.0,1.0
2015-09-23,4,1509234,70.0238513998215,7.0,14.0,5.0,20.0,0.0,0.0,1.0
2015-09-23,5,1509235,275.543754197184,7.0,14.0,5.0,20.0,0.0,0.0,1.0
2015-09-24,1,1509241,114.429804827026,3.0,16.0,11.0,0.0,0.0,0.0,1.0
2015-09-24,2,1509242,331.504415119153,3.0,16.0,11.0,0.0,0.0,0.0,1.0
2015-09-24,3,1509243,111.820297518484,3.0,16.0,11.0,0.0,0.0,0.0,1.0
2015-09-24,4,1509244,80.7725892781173,3.0,16.0,11.0,0.0,0.0,0.0,1.0
2015-09-24,5,1509245,213.812725299209,3.0,16.0,11.0,0.0,0.0,0.0,1.0
2015-09-25,1,1509251,106.295868104001,4.0,14.875,8.0,61.0,0.0,0.0,1.0
2015-09-25,2,1509252,345.480200670974,4.0,14.875,8.0,61.0,0.0,0.0,1.0
2015-09-25,3,1509253,100.188435265973,4.0,14.875,8.0,61.0,0.0,0.0,1.0
2015-09-25,4,1509254,60.674416299411,4.0,14.875,8.0,61.0,0.0,0.0,1.0
2015-09-25,5,1509255,278.025761115064,4.0,14.875,8.0,61.0,0.0,0.0,1.0
2015-09-26,1,1509261,157.874583198782,4.0,15.25,7.0,21.0,0.0,0.0,1.0
2015-09-26,2,1509262,516.867082419223,4.0,15.25,7.0,21.0,0.0,0.0,1.0
2015-09-26,3,1509263,167.256400076095,4.0,15.25,7.0,21.0,0.0,0.0,1.0
2015-09-26,4,1509264,71.1253177682758,4.0,15.25,7.0,21.0,0.0,0.0,1.0
2015-09-26,5,1509265,259.479539645314,4.0,15.25,7.0,21.0,0.0,0.0,1.0
2015-09-27,1,1509271,68.6546901854519,1.0,15.25,8.0,21.0,0.0,0.0,1.0
2015-09-27,2,1509272,474.080062196284,1.0,15.25,8.0,21.0,0.0,0.0,1.0
2015-09-27,3,1509273,190.353191223696,1.0,15.25,8.0,21.0,0.0,0.0,1.0
2015-09-27,4,1509274,111.59297636216,1.0,15.25,8.0,21.0,0.0,0.0,1.0
2015-09-27,5,1509275,282.790580820186,1.0,15.25,8.0,21.0,0.0,0.0,1.0
2015-09-28,1,1509281,110.384754268745,2.0,14.625,7.0,0.0,0.0,0.0,1.0
2015-09-28,2,1509282,337.127014231803,2.0,14.625,7.0,0.0,0.0,0.0,1.0
2015-09-28,3,1509283,119.037376448422,2.0,14.625,7.0,0.0,0.0,0.0,1.0
2015-09-28,4,1509284,68.1313704676534,2.0,14.625,7.0,0.0,0.0,0.0,1.0
2015-09-28,5,1509285,248.782545827885,2.0,14.625,7.0,0.0,0.0,0.0,1.0
2015-09-29,1,1509291,107.172499358255,2.0,15.625,9.0,0.0,0.0,0.0,1.0
2015-09-29,2,1509292,331.727598762738,2.0,15.625,9.0,0.0,0.0,0.0,1.0
2015-09-29,3,1509293,113.547561893099,2.0,15.625,9.0,0.0,0.0,0.0,1.0
2015-09-29,4,1509294,81.1052131900459,2.0,15.625,9.0,0.0,0.0,0.0,1.0
2015-09-29,5,1509295,243.885310409177,2.0,15.625,9.0,0.0,0.0,0.0,1.0
2015-09-30,1,1509301,115.168250758514,0.0,15.375,6.0,0.0,0.0,0.0,1.0
2015-09-30,2,1509302,314.143853841003,0.0,15.375,6.0,0.0,0.0,0.0,1.0
2015-09-30,3,1509303,112.433351295931,0.0,15.375,6.0,0.0,0.0,0.0,1.0
2015-09-30,4,1509304,100.378339103544,0.0,15.375,6.0,0.0,0.0,0.0,1.0
2015-09-30,5,1509305,237.220772688072,0.0,15.375,6.0,0.0,0.0,0.0,1.0
2015-10-01,1,1510011,111.736624736966,1.0,14.75,9.0,0.0,0.0,0.0,1.0
2015-10-01,2,1510012,335.045744545908,1.0,14.75,9.0,0.0,0.0,0.0,1.0
2015-10-01,3,1510013,112.890899599301,1.0,14.75,9.0,0.0,0.0,0.0,1.0
2015-10-01,4,1510014,61.2824323616014,1.0,14.75,9.0,0.0,0.0,0.0,1.0
2015-10-01,5,1510015,222.946056290178,1.0,14.75,9.0,0.0,0.0,0.0,1.0
2015-10-02,1,1510021,135.233441535145,2.0,15.375,7.0,10.0,0.0,0.0,1.0
2015-10-02,2,1510022,354.775507335419,2.0,15.375,7.0,10.0,0.0,0.0,1.0
2015-10-02,3,1510023,106.535577201219,2.0,15.375,7.0,10.0,0.0,0.0,1.0
2015-10-02,4,1510024,76.7982788438422,2.0,15.375,7.0,10.0,0.0,0.0,1.0
2015-10-02,5,1510025,240.119361604335,2.0,15.375,7.0,10.0,0.0,0.0,1.0
2015-10-03,1,1510031,59.6051413782784,2.0,14.375,9.0,0.0,0.0,0.0,1.0
2015-10-03,2,1510032,473.947428461761,2.0,14.375,9.0,0.0,0.0,0.0,1.0
2015-10-03,3,1510033,186.550257735195,2.0,14.375,9.0,0.0,0.0,0.0,1.0
2015-10-03,4,1510034,85.6518051480984,2.0,14.375,9.0,0.0,0.0,0.0,1.0
2015-10-03,5,1510035,295.846113974453,2.0,14.375,9.0,0.0,0.0,0.0,1.0
2015-10-04,1,1510041,56.1124326265758,6.0,15.625,7.0,45.0,0.0,0.0,1.0
2015-10-04,2,1510042,523.195446240805,6.0,15.625,7.0,45.0,0.0,0.0,1.0
2015-10-04,3,1510043,182.177089433129,6.0,15.625,7.0,45.0,0.0,0.0,1.0
2015-10-04,4,1510044,105.504689154874,6.0,15.625,7.0,45.0,0.0,0.0,1.0
2015-10-04,5,1510045,315.602900601372,6.0,15.625,7.0,45.0,0.0,0.0,1.0
2015-10-05,1,1510051,160.729447285732,0.0,16.5,5.0,10.0,0.0,0.0,1.0
2015-10-05,2,1510052,377.265838211666,0.0,16.5,5.0,10.0,0.0,0.0,1.0
2015-10-05,3,1510053,139.507902526703,0.0,16.5,5.0,10.0,0.0,0.0,1.0
2015-10-05,4,1510054,65.7278859423288,0.0,16.5,5.0,10.0,0.0,0.0,1.0
2015-10-05,5,1510055,327.12246547276,0.0,16.5,5.0,10.0,0.0,0.0,1.0
2015-10-06,1,1510061,174.298357024457,7.0,14.875,14.0,10.0,0.0,0.0,1.0
2015-10-06,2,1510062,354.961577916475,7.0,14.875,14.0,10.0,0.0,0.0,1.0
2015-10-06,3,1510063,191.047872542633,7.0,14.875,14.0,10.0,0.0,0.0,1.0
2015-10-06,4,1510064,48.5210229032399,7.0,14.875,14.0,10.0,0.0,0.0,1.0
2015-10-06,5,1510065,262.096918376241,7.0,14.875,14.0,10.0,0.0,0.0,1.0
2015-10-07,1,1510071,162.817648369254,8.0,13.0,7.0,63.0,0.0,0.0,1.0
2015-10-07,2,1510072,360.31000218759,8.0,13.0,7.0,63.0,0.0,0.0,1.0
2015-10-07,3,1510073,142.58488565143,8.0,13.0,7.0,63.0,0.0,0.0,1.0
2015-10-07,4,1510074,86.7842751324009,8.0,13.0,7.0,63.0,0.0,0.0,1.0
2015-10-07,5,1510075,266.700728724313,8.0,13.0,7.0,63.0,0.0,0.0,1.0
2015-10-08,1,1510081,126.317035048177,7.0,11.875,5.0,10.0,0.0,0.0,1.0
2015-10-08,2,1510082,322.607112704729,7.0,11.875,5.0,10.0,0.0,0.0,1.0
2015-10-08,3,1510083,137.799493823338,7.0,11.875,5.0,10.0,0.0,0.0,1.0
2015-10-08,4,1510084,43.1746483077413,7.0,11.875,5.0,10.0,0.0,0.0,1.0
2015-10-08,5,1510085,279.232059857983,7.0,11.875,5.0,10.0,0.0,0.0,1.0
2015-10-09,1,1510091,149.251607689849,7.0,11.125,7.0,21.0,0.0,0.0,1.0
2015-10-09,2,1510092,368.419818568006,7.0,11.125,7.0,21.0,0.0,0.0,1.0
2015-10-09,3,1510093,124.479675740188,7.0,11.125,7.0,21.0,0.0,0.0,1.0
2015-10-09,4,1510094,59.5202307127551,7.0,11.125,7.0,21.0,0.0,0.0,1.0
2015-10-09,5,1510095,347.187545236976,7.0,11.125,7.0,21.0,0.0,0.0,1.0
2015-10-10,1,1510101,142.819418608991,1.0,9.75,14.0,0.0,0.0,0.0,1.0
2015-10-10,2,1510102,443.62330984219,1.0,9.75,14.0,0.0,0.0,0.0,1.0
2015-10-10,3,1510103,233.976547760918,1.0,9.75,14.0,0.0,0.0,0.0,1.0
2015-10-10,4,1510104,72.0981136423241,1.0,9.75,14.0,0.0,0.0,0.0,1.0
2015-10-10,5,1510105,308.712885369114,1.0,9.75,14.0,0.0,0.0,0.0,1.0
2015-10-11,1,1510111,86.9624118426862,0.0,10.25,13.0,5.0,0.0,0.0,1.0
2015-10-11,2,1510112,557.722976595955,0.0,10.25,13.0,5.0,0.0,0.0,1.0
2015-10-11,3,1510113,195.713839682979,0.0,10.25,13.0,5.0,0.0,0.0,1.0
2015-10-11,4,1510114,111.582429188677,0.0,10.25,13.0,5.0,0.0,0.0,1.0
2015-10-11,5,1510115,331.335033797055,0.0,10.25,13.0,5.0,0.0,0.0,1.0
2015-10-12,1,1510121,192.294672820891,0.0,8.625,12.0,5.0,0.0,0.0,1.0
2015-10-12,2,1510122,377.926547877883,0.0,8.625,12.0,5.0,0.0,0.0,1.0
2015-10-12,3,1510123,161.493041485522,0.0,8.625,12.0,5.0,0.0,0.0,1.0
2015-10-12,4,1510124,106.581056613366,0.0,8.625,12.0,5.0,0.0,0.0,1.0
2015-10-12,5,1510125,269.147103600176,0.0,8.625,12.0,5.0,0.0,0.0,1.0
2015-10-13,1,1510131,121.893907688931,7.0,7.75,10.0,61.0,0.0,0.0,1.0
2015-10-13,2,1510132,346.374494406459,7.0,7.75,10.0,61.0,0.0,0.0,1.0
2015-10-13,3,1510133,131.657171786547,7.0,7.75,10.0,61.0,0.0,0.0,1.0
2015-10-13,4,1510134,65.4802693489601,7.0,7.75,10.0,61.0,0.0,0.0,1.0
2015-10-13,5,1510135,272.220923076483,7.0,7.75,10.0,61.0,0.0,0.0,1.0
2015-10-14,1,1510141,111.050169347629,7.0,9.0,11.0,61.0,0.0,0.0,1.0
2015-10-14,2,1510142,372.052820131498,7.0,9.0,11.0,61.0,0.0,0.0,1.0
2015-10-14,3,1510143,149.540622596632,7.0,9.0,11.0,61.0,0.0,0.0,1.0
2015-10-14,4,1510144,83.1926451817242,7.0,9.0,11.0,61.0,0.0,0.0,1.0
2015-10-14,5,1510145,263.746738771341,7.0,9.0,11.0,61.0,0.0,0.0,1.0
2015-10-15,1,1510151,137.955865633247,7.0,10.375,16.0,61.0,0.0,0.0,1.0
2015-10-15,2,1510152,345.970837991214,7.0,10.375,16.0,61.0,0.0,0.0,1.0
2015-10-15,3,1510153,169.665617959777,7.0,10.375,16.0,61.0,0.0,0.0,1.0
2015-10-15,4,1510154,65.7691467548743,7.0,10.375,16.0,61.0,0.0,0.0,1.0
2015-10-15,5,1510155,310.684718902134,7.0,10.375,16.0,61.0,0.0,0.0,1.0
2015-10-16,1,1510161,152.38092597735,7.0,10.0,14.0,61.0,0.0,0.0,1.0
2015-10-16,2,1510162,384.203133289552,7.0,10.0,14.0,61.0,0.0,0.0,1.0
2015-10-16,3,1510163,174.421588441303,7.0,10.0,14.0,61.0,0.0,0.0,1.0
2015-10-16,4,1510164,65.4008404511067,7.0,10.0,14.0,61.0,0.0,0.0,1.0
2015-10-16,5,1510165,363.015662857092,7.0,10.0,14.0,61.0,0.0,0.0,1.0
2015-10-17,1,1510171,156.794820766382,7.0,10.75,9.0,61.0,0.0,0.0,1.0
2015-10-17,2,1510172,521.130431805683,7.0,10.75,9.0,61.0,0.0,0.0,1.0
2015-10-17,3,1510173,212.154857012886,7.0,10.75,9.0,61.0,0.0,0.0,1.0
2015-10-17,4,1510174,93.668537101903,7.0,10.75,9.0,61.0,0.0,0.0,1.0
2015-10-17,5,1510175,345.918371834577,7.0,10.75,9.0,61.0,0.0,0.0,1.0
2015-10-18,1,1510181,23.1084060436499,8.0,11.125,10.0,61.0,0.0,0.0,1.0
2015-10-18,2,1510182,453.288658341532,8.0,11.125,10.0,61.0,0.0,0.0,1.0
2015-10-18,3,1510183,146.242887178944,8.0,11.125,10.0,61.0,0.0,0.0,1.0
2015-10-18,4,1510184,99.5938829458216,8.0,11.125,10.0,61.0,0.0,0.0,1.0
2015-10-18,5,1510185,243.176440210657,8.0,11.125,10.0,61.0,0.0,0.0,1.0
2015-10-19,1,1510191,110.888803557782,6.0,9.25,7.0,0.0,0.0,1.0,1.0
2015-10-19,2,1510192,398.122768822511,6.0,9.25,7.0,0.0,0.0,1.0,1.0
2015-10-19,3,1510193,164.789975134135,6.0,9.25,7.0,0.0,0.0,1.0,1.0
2015-10-19,4,1510194,86.0278054419965,6.0,9.25,7.0,0.0,0.0,1.0,1.0
2015-10-19,5,1510195,227.854038067664,6.0,9.25,7.0,0.0,0.0,1.0,1.0
2015-10-20,1,1510201,100.850948230594,7.0,10.25,8.0,20.0,0.0,1.0,1.0
2015-10-20,2,1510202,366.38967283357,7.0,10.25,8.0,20.0,0.0,1.0,1.0
2015-10-20,3,1510203,174.702791385283,7.0,10.25,8.0,20.0,0.0,1.0,1.0
2015-10-20,4,1510204,66.8568994799939,7.0,10.25,8.0,20.0,0.0,1.0,1.0
2015-10-20,5,1510205,262.531392320433,7.0,10.25,8.0,20.0,0.0,1.0,1.0
2015-10-21,1,1510211,112.590628824215,7.0,11.25,7.0,20.0,0.0,1.0,1.0
2015-10-21,2,1510212,394.596128794788,7.0,11.25,7.0,20.0,0.0,1.0,1.0
2015-10-21,3,1510213,165.749350293937,7.0,11.25,7.0,20.0,0.0,1.0,1.0
2015-10-21,4,1510214,75.6840135610605,7.0,11.25,7.0,20.0,0.0,1.0,1.0
2015-10-21,5,1510215,301.570247693155,7.0,11.25,7.0,20.0,0.0,1.0,1.0
2015-10-22,1,1510221,120.599207022792,7.0,12.25,10.0,61.0,0.0,1.0,1.0
2015-10-22,2,1510222,409.101520904092,7.0,12.25,10.0,61.0,0.0,1.0,1.0
2015-10-22,3,1510223,151.870037627303,7.0,12.25,10.0,61.0,0.0,1.0,1.0
2015-10-22,4,1510224,69.3973840238944,7.0,12.25,10.0,61.0,0.0,1.0,1.0
2015-10-22,5,1510225,235.619116982939,7.0,12.25,10.0,61.0,0.0,1.0,1.0
2015-10-23,1,1510231,170.601696726685,1.0,13.375,15.0,61.0,0.0,1.0,1.0
2015-10-23,2,1510232,430.883786231859,1.0,13.375,15.0,61.0,0.0,1.0,1.0
2015-10-23,3,1510233,164.815142324401,1.0,13.375,15.0,61.0,0.0,1.0,1.0
2015-10-23,4,1510234,94.9053042162935,1.0,13.375,15.0,61.0,0.0,1.0,1.0
2015-10-23,5,1510235,314.630004917689,1.0,13.375,15.0,61.0,0.0,1.0,1.0
2015-10-24,1,1510241,156.651794474863,8.0,12.375,6.0,61.0,0.0,1.0,1.0
2015-10-24,2,1510242,463.36098285518,8.0,12.375,6.0,61.0,0.0,1.0,1.0
2015-10-24,3,1510243,217.934551959575,8.0,12.375,6.0,61.0,0.0,1.0,1.0
2015-10-24,4,1510244,77.3960026896757,8.0,12.375,6.0,61.0,0.0,1.0,1.0
2015-10-24,5,1510245,445.925332158702,8.0,12.375,6.0,61.0,0.0,1.0,1.0
2015-10-25,1,1510251,61.41483523667,2.0,12.25,15.0,61.0,0.0,1.0,1.0
2015-10-25,2,1510252,384.851426907233,2.0,12.25,15.0,61.0,0.0,1.0,1.0
2015-10-25,3,1510253,140.919377891528,2.0,12.25,15.0,61.0,0.0,1.0,1.0
2015-10-25,4,1510254,164.465398484012,2.0,12.25,15.0,61.0,0.0,1.0,1.0
2015-10-25,5,1510255,284.147344008604,2.0,12.25,15.0,61.0,0.0,1.0,1.0
2015-10-26,1,1510261,133.31507822802,0.0,11.375,6.0,0.0,0.0,1.0,1.0
2015-10-26,2,1510262,328.738163480579,0.0,11.375,6.0,0.0,0.0,1.0,1.0
2015-10-26,3,1510263,152.91652558933,0.0,11.375,6.0,0.0,0.0,1.0,1.0
2015-10-26,4,1510264,105.127878600437,0.0,11.375,6.0,0.0,0.0,1.0,1.0
2015-10-26,5,1510265,266.180304496627,0.0,11.375,6.0,0.0,0.0,1.0,1.0
2015-10-27,1,1510271,83.2407894196966,0.0,10.75,10.0,0.0,0.0,1.0,1.0
2015-10-27,2,1510272,331.472015657754,0.0,10.75,10.0,0.0,0.0,1.0,1.0
2015-10-27,3,1510273,136.695525031235,0.0,10.75,10.0,0.0,0.0,1.0,1.0
2015-10-27,4,1510274,71.6933322093038,0.0,10.75,10.0,0.0,0.0,1.0,1.0
2015-10-27,5,1510275,268.245180136677,0.0,10.75,10.0,0.0,0.0,1.0,1.0
2015-10-28,1,1510281,90.9366155404553,1.0,11.25,10.0,5.0,0.0,1.0,1.0
2015-10-28,2,1510282,304.006515491702,1.0,11.25,10.0,5.0,0.0,1.0,1.0
2015-10-28,3,1510283,125.686864454041,1.0,11.25,10.0,5.0,0.0,1.0,1.0
2015-10-28,4,1510284,93.0763627109901,1.0,11.25,10.0,5.0,0.0,1.0,1.0
2015-10-28,5,1510285,268.433974874423,1.0,11.25,10.0,5.0,0.0,1.0,1.0
2015-10-29,1,1510291,149.468634696244,2.0,10.5,4.0,10.0,0.0,1.0,1.0
2015-10-29,2,1510292,306.427920731397,2.0,10.5,4.0,10.0,0.0,1.0,1.0
2015-10-29,3,1510293,138.876054421526,2.0,10.5,4.0,10.0,0.0,1.0,1.0
2015-10-29,4,1510294,50.5568179471073,2.0,10.5,4.0,10.0,0.0,1.0,1.0
2015-10-29,5,1510295,253.472553756336,2.0,10.5,4.0,10.0,0.0,1.0,1.0
2015-10-30,1,1510301,105.50955151958,7.0,11.375,5.0,10.0,0.0,1.0,1.0
2015-10-30,2,1510302,337.09962010326,7.0,11.375,5.0,10.0,0.0,1.0,1.0
2015-10-30,3,1510303,114.725405718415,7.0,11.375,5.0,10.0,0.0,1.0,1.0
2015-10-30,4,1510304,103.785774478902,7.0,11.375,5.0,10.0,0.0,1.0,1.0
2015-10-30,5,1510305,266.470696782266,7.0,11.375,5.0,10.0,0.0,1.0,1.0
2015-10-31,1,1510311,115.50901951675,1.0,11.75,9.0,10.0,0.0,0.0,1.0
2015-10-31,2,1510312,377.801673947832,1.0,11.75,9.0,10.0,0.0,0.0,1.0
2015-10-31,3,1510313,136.923512006965,1.0,11.75,9.0,10.0,0.0,0.0,1.0
2015-10-31,4,1510314,88.967069025816,1.0,11.75,9.0,10.0,0.0,0.0,1.0
2015-10-31,5,1510315,292.77512121671,1.0,11.75,9.0,10.0,0.0,0.0,1.0
2015-11-01,1,1511011,82.8860192358928,4.0,10.75,6.0,10.0,0.0,0.0,1.0
2015-11-01,2,1511012,469.026184716499,4.0,10.75,6.0,10.0,0.0,0.0,1.0
2015-11-01,3,1511013,131.223394379473,4.0,10.75,6.0,10.0,0.0,0.0,1.0
2015-11-01,4,1511014,121.793668598599,4.0,10.75,6.0,10.0,0.0,0.0,1.0
2015-11-01,5,1511015,307.401617264172,4.0,10.75,6.0,10.0,0.0,0.0,1.0
2015-11-01,6,1511016,,4.0,10.75,6.0,10.0,0.0,0.0,1.0
2015-11-02,1,1511021,122.852345589113,8.0,9.75,5.0,10.0,0.0,0.0,1.0
2015-11-02,2,1511022,285.156333256917,8.0,9.75,5.0,10.0,0.0,0.0,1.0
2015-11-02,3,1511023,116.530394792268,8.0,9.75,5.0,10.0,0.0,0.0,1.0
2015-11-02,4,1511024,72.569221478375,8.0,9.75,5.0,10.0,0.0,0.0,1.0
2015-11-02,5,1511025,222.318691219705,8.0,9.75,5.0,10.0,0.0,0.0,1.0
2015-11-02,6,1511026,54.4785750597986,8.0,9.75,5.0,10.0,0.0,0.0,1.0
2015-11-03,1,1511031,84.553670001191,7.0,5.125,4.0,45.0,0.0,0.0,1.0
2015-11-03,2,1511032,227.368950308808,7.0,5.125,4.0,45.0,0.0,0.0,1.0
2015-11-03,3,1511033,85.7476179776816,7.0,5.125,4.0,45.0,0.0,0.0,1.0
2015-11-03,4,1511034,80.5712306131707,7.0,5.125,4.0,45.0,0.0,0.0,1.0
2015-11-03,5,1511035,241.436093425533,7.0,5.125,4.0,45.0,0.0,0.0,1.0
2015-11-03,6,1511036,36.928264442632,7.0,5.125,4.0,45.0,0.0,0.0,1.0
2015-11-04,1,1511041,98.2032297845558,1.0,8.0,4.0,10.0,0.0,0.0,1.0
2015-11-04,2,1511042,256.059850846365,1.0,8.0,4.0,10.0,0.0,0.0,1.0
2015-11-04,3,1511043,108.360227858153,1.0,8.0,4.0,10.0,0.0,0.0,1.0
2015-11-04,4,1511044,,1.0,8.0,4.0,10.0,0.0,0.0,1.0
2015-11-04,5,1511045,233.555949277467,1.0,8.0,4.0,10.0,0.0,0.0,1.0
2015-11-04,6,1511046,,1.0,8.0,4.0,10.0,0.0,0.0,1.0
2015-11-05,1,1511051,95.5565289254052,6.0,13.375,5.0,61.0,0.0,0.0,1.0
2015-11-05,2,1511052,274.749839438109,6.0,13.375,5.0,61.0,0.0,0.0,1.0
2015-11-05,3,1511053,104.659179850674,6.0,13.375,5.0,61.0,0.0,0.0,1.0
2015-11-05,4,1511054,76.1809477344347,6.0,13.375,5.0,61.0,0.0,0.0,1.0
2015-11-05,5,1511055,257.036598432519,6.0,13.375,5.0,61.0,0.0,0.0,1.0
2015-11-05,6,1511056,36.0121444084611,6.0,13.375,5.0,61.0,0.0,0.0,1.0
2015-11-06,1,1511061,70.8871682954291,8.0,13.75,6.0,61.0,0.0,0.0,1.0
2015-11-06,2,1511062,246.392025222422,8.0,13.75,6.0,61.0,0.0,0.0,1.0
2015-11-06,3,1511063,88.9314287329033,8.0,13.75,6.0,61.0,0.0,0.0,1.0
2015-11-06,4,1511064,92.9099539033508,8.0,13.75,6.0,61.0,0.0,0.0,1.0
2015-11-06,5,1511065,186.691059920256,8.0,13.75,6.0,61.0,0.0,0.0,1.0
2015-11-06,6,1511066,23.4680706670577,8.0,13.75,6.0,61.0,0.0,0.0,1.0
2015-11-07,1,1511071,122.555120081886,7.0,14.625,9.0,61.0,0.0,0.0,1.0
2015-11-07,2,1511072,350.222831381163,7.0,14.625,9.0,61.0,0.0,0.0,1.0
2015-11-07,3,1511073,140.452844524859,7.0,14.625,9.0,61.0,0.0,0.0,1.0
2015-11-07,4,1511074,39.7743979611464,7.0,14.625,9.0,61.0,0.0,0.0,1.0
2015-11-07,5,1511075,220.614308718135,7.0,14.625,9.0,61.0,0.0,0.0,1.0
2015-11-07,6,1511076,,7.0,14.625,9.0,61.0,0.0,0.0,1.0
2015-11-08,1,1511081,84.144949463918,1.0,13.0,12.0,61.0,0.0,0.0,1.0
2015-11-08,2,1511082,466.540193942821,1.0,13.0,12.0,61.0,0.0,0.0,1.0
2015-11-08,3,1511083,152.607539505512,1.0,13.0,12.0,61.0,0.0,0.0,1.0
2015-11-08,4,1511084,127.539249835881,1.0,13.0,12.0,61.0,0.0,0.0,1.0
2015-11-08,5,1511085,328.254378564049,1.0,13.0,12.0,61.0,0.0,0.0,1.0
2015-11-08,6,1511086,51.4981525226917,1.0,13.0,12.0,61.0,0.0,0.0,1.0
2015-11-09,1,1511091,142.252605742127,5.0,12.0,15.0,21.0,0.0,0.0,1.0
2015-11-09,2,1511092,266.493884189038,5.0,12.0,15.0,21.0,0.0,0.0,1.0
2015-11-09,3,1511093,106.911757550291,5.0,12.0,15.0,21.0,0.0,0.0,1.0
2015-11-09,4,1511094,53.4063154391405,5.0,12.0,15.0,21.0,0.0,0.0,1.0
2015-11-09,5,1511095,186.869352829964,5.0,12.0,15.0,21.0,0.0,0.0,1.0
2015-11-09,6,1511096,34.1899092105017,5.0,12.0,15.0,21.0,0.0,0.0,1.0
2015-11-10,1,1511101,54.2491742553091,7.0,15.0,18.0,61.0,0.0,0.0,1.0
2015-11-10,2,1511102,237.906672638622,7.0,15.0,18.0,61.0,0.0,0.0,1.0
2015-11-10,3,1511103,77.2591246043059,7.0,15.0,18.0,61.0,0.0,0.0,1.0
2015-11-10,4,1511104,65.0436140133193,7.0,15.0,18.0,61.0,0.0,0.0,1.0
2015-11-10,5,1511105,195.40472243736,7.0,15.0,18.0,61.0,0.0,0.0,1.0
2015-11-10,6,1511106,31.8139136180964,7.0,15.0,18.0,61.0,0.0,0.0,1.0
2015-11-11,1,1511111,97.3992914498514,8.0,13.625,12.0,61.0,0.0,0.0,1.0
2015-11-11,2,1511112,214.420897950301,8.0,13.625,12.0,61.0,0.0,0.0,1.0
2015-11-11,3,1511113,89.0280001083141,8.0,13.625,12.0,61.0,0.0,0.0,1.0
2015-11-11,4,1511114,56.9714541278082,8.0,13.625,12.0,61.0,0.0,0.0,1.0
2015-11-11,5,1511115,210.177815712871,8.0,13.625,12.0,61.0,0.0,0.0,1.0
2015-11-11,6,1511116,56.2709288058107,8.0,13.625,12.0,61.0,0.0,0.0,1.0
2015-11-12,1,1511121,68.1250970120964,2.0,13.125,17.0,0.0,0.0,0.0,1.0
2015-11-12,2,1511122,240.965897111926,2.0,13.125,17.0,0.0,0.0,0.0,1.0
2015-11-12,3,1511123,114.171847336115,2.0,13.125,17.0,0.0,0.0,0.0,1.0
2015-11-12,4,1511124,66.7937094495006,2.0,13.125,17.0,0.0,0.0,0.0,1.0
2015-11-12,5,1511125,216.239785866434,2.0,13.125,17.0,0.0,0.0,0.0,1.0
2015-11-12,6,1511126,28.2840944936649,2.0,13.125,17.0,0.0,0.0,0.0,1.0
2015-11-13,1,1511131,137.78054839384,4.0,11.75,19.0,21.0,0.0,0.0,1.0
2015-11-13,2,1511132,264.15177278786,4.0,11.75,19.0,21.0,0.0,0.0,1.0
2015-11-13,3,1511133,89.9590371263699,4.0,11.75,19.0,21.0,0.0,0.0,1.0
2015-11-13,4,1511134,72.3286239048271,4.0,11.75,19.0,21.0,0.0,0.0,1.0
2015-11-13,5,1511135,214.873616145225,4.0,11.75,19.0,21.0,0.0,0.0,1.0
2015-11-13,6,1511136,,4.0,11.75,19.0,21.0,0.0,0.0,1.0
2015-11-14,1,1511141,111.437166094331,4.0,8.125,14.0,21.0,0.0,0.0,1.0
2015-11-14,2,1511142,347.614033858304,4.0,8.125,14.0,21.0,0.0,0.0,1.0
2015-11-14,3,1511143,113.069738985194,4.0,8.125,14.0,21.0,0.0,0.0,1.0
2015-11-14,4,1511144,62.8395827121803,4.0,8.125,14.0,21.0,0.0,0.0,1.0
2015-11-14,5,1511145,264.794087448725,4.0,8.125,14.0,21.0,0.0,0.0,1.0
2015-11-14,6,1511146,43.9794606680509,4.0,8.125,14.0,21.0,0.0,0.0,1.0
2015-11-15,1,1511151,51.1508390696867,7.0,8.5,4.0,61.0,0.0,0.0,1.0
2015-11-15,2,1511152,483.160689627582,7.0,8.5,4.0,61.0,0.0,0.0,1.0
2015-11-15,3,1511153,119.694295715333,7.0,8.5,4.0,61.0,0.0,0.0,1.0
2015-11-15,4,1511154,134.798412331565,7.0,8.5,4.0,61.0,0.0,0.0,1.0
2015-11-15,5,1511155,277.579455017807,7.0,8.5,4.0,61.0,0.0,0.0,1.0
2015-11-15,6,1511156,20.2942205283244,7.0,8.5,4.0,61.0,0.0,0.0,1.0
2015-11-16,1,1511161,105.42649422144,7.0,12.25,12.0,53.0,0.0,0.0,1.0
2015-11-16,2,1511162,257.912087518437,7.0,12.25,12.0,53.0,0.0,0.0,1.0
2015-11-16,3,1511163,98.613021347171,7.0,12.25,12.0,53.0,0.0,0.0,1.0
2015-11-16,4,1511164,67.9860897768266,7.0,12.25,12.0,53.0,0.0,0.0,1.0
2015-11-16,5,1511165,244.049386177247,7.0,12.25,12.0,53.0,0.0,0.0,1.0
2015-11-16,6,1511166,,7.0,12.25,12.0,53.0,0.0,0.0,1.0
2015-11-17,1,1511171,100.395764258721,7.0,10.75,8.0,21.0,0.0,0.0,1.0
2015-11-17,2,1511172,236.556165735368,7.0,10.75,8.0,21.0,0.0,0.0,1.0
2015-11-17,3,1511173,72.7801578065075,7.0,10.75,8.0,21.0,0.0,0.0,1.0
2015-11-17,4,1511174,59.6083391628383,7.0,10.75,8.0,21.0,0.0,0.0,1.0
2015-11-17,5,1511175,190.311675968216,7.0,10.75,8.0,21.0,0.0,0.0,1.0
2015-11-17,6,1511176,35.3629977360452,7.0,10.75,8.0,21.0,0.0,0.0,1.0
2015-11-18,1,1511181,114.494850154785,6.0,10.75,19.0,21.0,0.0,0.0,1.0
2015-11-18,2,1511182,198.911870818593,6.0,10.75,19.0,21.0,0.0,0.0,1.0
2015-11-18,3,1511183,56.1041588717274,6.0,10.75,19.0,21.0,0.0,0.0,1.0
2015-11-18,4,1511184,49.6738357526981,6.0,10.75,19.0,21.0,0.0,0.0,1.0
2015-11-18,5,1511185,206.406225416349,6.0,10.75,19.0,21.0,0.0,0.0,1.0
2015-11-18,6,1511186,28.0219905828864,6.0,10.75,19.0,21.0,0.0,0.0,1.0
2015-11-19,1,1511191,134.988103054341,7.0,10.125,20.0,61.0,0.0,0.0,1.0
2015-11-19,2,1511192,243.788203213012,7.0,10.125,20.0,61.0,0.0,0.0,1.0
2015-11-19,3,1511193,69.9188174587824,7.0,10.125,20.0,61.0,0.0,0.0,1.0
2015-11-19,4,1511194,57.7646121225213,7.0,10.125,20.0,61.0,0.0,0.0,1.0
2015-11-19,5,1511195,205.439239648739,7.0,10.125,20.0,61.0,0.0,0.0,1.0
2015-11-19,6,1511196,12.9373828412174,7.0,10.125,20.0,61.0,0.0,0.0,1.0
2015-11-20,1,1511201,74.7164382653143,7.0,7.75,9.0,61.0,0.0,0.0,1.0
2015-11-20,2,1511202,227.863733533634,7.0,7.75,9.0,61.0,0.0,0.0,1.0
2015-11-20,3,1511203,68.2330172268982,7.0,7.75,9.0,61.0,0.0,0.0,1.0
2015-11-20,4,1511204,79.6502975276965,7.0,7.75,9.0,61.0,0.0,0.0,1.0
2015-11-20,5,1511205,187.279498360946,7.0,7.75,9.0,61.0,0.0,0.0,1.0
2015-11-20,6,1511206,,7.0,7.75,9.0,61.0,0.0,0.0,1.0
2015-11-21,1,1511211,101.399264556987,7.0,4.5,15.0,63.0,0.0,0.0,1.0
2015-11-21,2,1511212,364.001891067586,7.0,4.5,15.0,63.0,0.0,0.0,1.0
2015-11-21,3,1511213,94.5537487825515,7.0,4.5,15.0,63.0,0.0,0.0,1.0
2015-11-21,4,1511214,84.6217160931071,7.0,4.5,15.0,63.0,0.0,0.0,1.0
2015-11-21,5,1511215,218.274754433496,7.0,4.5,15.0,63.0,0.0,0.0,1.0
2015-11-21,6,1511216,56.1396352068277,7.0,4.5,15.0,63.0,0.0,0.0,1.0
2015-11-22,1,1511221,24.7966336699915,7.0,2.25,18.0,73.0,0.0,0.0,1.0
2015-11-22,2,1511222,412.356910869242,7.0,2.25,18.0,73.0,0.0,0.0,1.0
2015-11-22,3,1511223,112.859441067849,7.0,2.25,18.0,73.0,0.0,0.0,1.0
2015-11-22,4,1511224,147.38920509115,7.0,2.25,18.0,73.0,0.0,0.0,1.0
2015-11-22,5,1511225,254.862870836877,7.0,2.25,18.0,73.0,0.0,0.0,1.0
2015-11-22,6,1511226,36.3496904897764,7.0,2.25,18.0,73.0,0.0,0.0,1.0
2015-11-23,1,1511231,154.755493939717,4.0,3.125,8.0,73.0,0.0,0.0,1.0
2015-11-23,2,1511232,252.705465822807,4.0,3.125,8.0,73.0,0.0,0.0,1.0
2015-11-23,3,1511233,80.842269415621,4.0,3.125,8.0,73.0,0.0,0.0,1.0
2015-11-23,4,1511234,92.3354324511327,4.0,3.125,8.0,73.0,0.0,0.0,1.0
2015-11-23,5,1511235,219.555033626385,4.0,3.125,8.0,73.0,0.0,0.0,1.0
2015-11-23,6,1511236,141.262806843452,4.0,3.125,8.0,73.0,0.0,0.0,1.0
2015-11-24,1,1511241,72.2488946542933,7.0,3.125,14.0,61.0,0.0,0.0,1.0
2015-11-24,2,1511242,253.437861780942,7.0,3.125,14.0,61.0,0.0,0.0,1.0
2015-11-24,3,1511243,105.085937091344,7.0,3.125,14.0,61.0,0.0,0.0,1.0
2015-11-24,4,1511244,77.0098783611706,7.0,3.125,14.0,61.0,0.0,0.0,1.0
2015-11-24,5,1511245,200.026560873134,7.0,3.125,14.0,61.0,0.0,0.0,1.0
2015-11-24,6,1511246,111.891145740226,7.0,3.125,14.0,61.0,0.0,0.0,1.0
2015-11-25,1,1511251,77.2817709171028,7.0,5.125,7.0,61.0,0.0,0.0,1.0
2015-11-25,2,1511252,255.115425796983,7.0,5.125,7.0,61.0,0.0,0.0,1.0
2015-11-25,3,1511253,82.0043374617882,7.0,5.125,7.0,61.0,0.0,0.0,1.0
2015-11-25,4,1511254,78.2593412016064,7.0,5.125,7.0,61.0,0.0,0.0,1.0
2015-11-25,5,1511255,236.814019634978,7.0,5.125,7.0,61.0,0.0,0.0,1.0
2015-11-25,6,1511256,90.341249911663,7.0,5.125,7.0,61.0,0.0,0.0,1.0
2015-11-26,1,1511261,88.5864343689461,0.0,5.5,7.0,61.0,0.0,0.0,1.0
2015-11-26,2,1511262,275.094910670148,0.0,5.5,7.0,61.0,0.0,0.0,1.0
2015-11-26,3,1511263,85.8963225013818,0.0,5.5,7.0,61.0,0.0,0.0,1.0
2015-11-26,4,1511264,108.600990011567,0.0,5.5,7.0,61.0,0.0,0.0,1.0
2015-11-26,5,1511265,255.671601416751,0.0,5.5,7.0,61.0,0.0,0.0,1.0
2015-11-26,6,1511266,154.386660190586,0.0,5.5,7.0,61.0,0.0,0.0,1.0
2015-11-27,1,1511271,106.092543130648,7.0,5.25,11.0,61.0,0.0,0.0,1.0
2015-11-27,2,1511272,283.115432286782,7.0,5.25,11.0,61.0,0.0,0.0,1.0
2015-11-27,3,1511273,83.5498495555774,7.0,5.25,11.0,61.0,0.0,0.0,1.0
2015-11-27,4,1511274,116.456193643074,7.0,5.25,11.0,61.0,0.0,0.0,1.0
2015-11-27,5,1511275,226.833767245866,7.0,5.25,11.0,61.0,0.0,0.0,1.0
2015-11-27,6,1511276,95.8214284234793,7.0,5.25,11.0,61.0,0.0,0.0,1.0
2015-11-28,1,1511281,107.179811171241,2.0,6.125,11.0,61.0,0.0,0.0,1.0
2015-11-28,2,1511282,403.083011014191,2.0,6.125,11.0,61.0,0.0,0.0,1.0
2015-11-28,3,1511283,80.8718088270165,2.0,6.125,11.0,61.0,0.0,0.0,1.0
2015-11-28,4,1511284,150.585738123588,2.0,6.125,11.0,61.0,0.0,0.0,1.0
2015-11-28,5,1511285,254.02069957234,2.0,6.125,11.0,61.0,0.0,0.0,1.0
2015-11-28,6,1511286,121.67603502311,2.0,6.125,11.0,61.0,0.0,0.0,1.0
2015-11-29,1,1511291,58.3202195832375,7.0,8.25,15.0,63.0,0.0,0.0,1.0
2015-11-29,2,1511292,481.333773696359,7.0,8.25,15.0,63.0,0.0,0.0,1.0
2015-11-29,3,1511293,114.086141846843,7.0,8.25,15.0,63.0,0.0,0.0,1.0
2015-11-29,4,1511294,209.166880819323,7.0,8.25,15.0,63.0,0.0,0.0,1.0
2015-11-29,5,1511295,286.559824438396,7.0,8.25,15.0,63.0,0.0,0.0,1.0
2015-11-29,6,1511296,92.5432169532177,7.0,8.25,15.0,63.0,0.0,0.0,1.0
2015-11-30,1,1511301,116.154576103571,5.0,5.75,18.0,61.0,0.0,0.0,1.0
2015-11-30,2,1511302,288.123644467983,5.0,5.75,18.0,61.0,0.0,0.0,1.0
2015-11-30,3,1511303,97.3531024328631,5.0,5.75,18.0,61.0,0.0,0.0,1.0
2015-11-30,4,1511304,71.2965359393259,5.0,5.75,18.0,61.0,0.0,0.0,1.0
2015-11-30,5,1511305,192.341955374091,5.0,5.75,18.0,61.0,0.0,0.0,1.0
2015-11-30,6,1511306,90.1018653521876,5.0,5.75,18.0,61.0,0.0,0.0,1.0
2015-12-01,1,1512011,82.6707016113753,6.0,6.75,10.0,21.0,0.0,0.0,1.0
2015-12-01,2,1512012,251.710213001089,6.0,6.75,10.0,21.0,0.0,0.0,1.0
2015-12-01,3,1512013,81.4279182764571,6.0,6.75,10.0,21.0,0.0,0.0,1.0
2015-12-01,4,1512014,113.678931226625,6.0,6.75,10.0,21.0,0.0,0.0,1.0
2015-12-01,5,1512015,212.385513481541,6.0,6.75,10.0,21.0,0.0,0.0,1.0
2015-12-01,6,1512016,108.812101874236,6.0,6.75,10.0,21.0,0.0,0.0,1.0
2015-12-02,1,1512021,76.6057982454552,7.0,10.5,9.0,21.0,0.0,0.0,1.0
2015-12-02,2,1512022,223.700501598317,7.0,10.5,9.0,21.0,0.0,0.0,1.0
2015-12-02,3,1512023,92.939909399629,7.0,10.5,9.0,21.0,0.0,0.0,1.0
2015-12-02,4,1512024,67.7569881327549,7.0,10.5,9.0,21.0,0.0,0.0,1.0
2015-12-02,5,1512025,185.868155803157,7.0,10.5,9.0,21.0,0.0,0.0,1.0
2015-12-02,6,1512026,149.82304535174,7.0,10.5,9.0,21.0,0.0,0.0,1.0
2015-12-03,1,1512031,105.563330698629,8.0,9.125,8.0,61.0,0.0,0.0,1.0
2015-12-03,2,1512032,271.393516674893,8.0,9.125,8.0,61.0,0.0,0.0,1.0
2015-12-03,3,1512033,71.2378384066131,8.0,9.125,8.0,61.0,0.0,0.0,1.0
2015-12-03,4,1512034,95.4588510722846,8.0,9.125,8.0,61.0,0.0,0.0,1.0
2015-12-03,5,1512035,228.062312572255,8.0,9.125,8.0,61.0,0.0,0.0,1.0
2015-12-03,6,1512036,127.702301302267,8.0,9.125,8.0,61.0,0.0,0.0,1.0
2015-12-04,1,1512041,131.863727048158,6.0,9.25,17.0,61.0,0.0,0.0,1.0
2015-12-04,2,1512042,223.004926208522,6.0,9.25,17.0,61.0,0.0,0.0,1.0
2015-12-04,3,1512043,71.3387210140724,6.0,9.25,17.0,61.0,0.0,0.0,1.0
2015-12-04,4,1512044,77.6404401862426,6.0,9.25,17.0,61.0,0.0,0.0,1.0
2015-12-04,5,1512045,180.023354377573,6.0,9.25,17.0,61.0,0.0,0.0,1.0
2015-12-04,6,1512046,63.2383253536173,6.0,9.25,17.0,61.0,0.0,0.0,1.0
2015-12-05,1,1512051,76.8168361163005,6.0,9.0,14.0,61.0,0.0,0.0,1.0
2015-12-05,2,1512052,376.387257691091,6.0,9.0,14.0,61.0,0.0,0.0,1.0
2015-12-05,3,1512053,88.1907152941989,6.0,9.0,14.0,61.0,0.0,0.0,1.0
2015-12-05,4,1512054,95.3028111591426,6.0,9.0,14.0,61.0,0.0,0.0,1.0
2015-12-05,5,1512055,201.436495160443,6.0,9.0,14.0,61.0,0.0,0.0,1.0
2015-12-05,6,1512056,128.656492929076,6.0,9.0,14.0,61.0,0.0,0.0,1.0
2015-12-06,1,1512061,60.0342630227906,7.0,10.875,19.0,20.0,0.0,0.0,1.0
2015-12-06,2,1512062,491.74583143461,7.0,10.875,19.0,20.0,0.0,0.0,1.0
2015-12-06,3,1512063,127.244430419829,7.0,10.875,19.0,20.0,0.0,0.0,1.0
2015-12-06,4,1512064,149.609860945933,7.0,10.875,19.0,20.0,0.0,0.0,1.0
2015-12-06,5,1512065,219.769722727984,7.0,10.875,19.0,20.0,0.0,0.0,1.0
2015-12-06,6,1512066,73.9534157272459,7.0,10.875,19.0,20.0,0.0,0.0,1.0
2015-12-07,1,1512071,88.562588014754,6.0,8.25,3.0,20.0,0.0,0.0,1.0
2015-12-07,2,1512072,238.587801055645,6.0,8.25,3.0,20.0,0.0,0.0,1.0
2015-12-07,3,1512073,60.9750500333041,6.0,8.25,3.0,20.0,0.0,0.0,1.0
2015-12-07,4,1512074,87.9899775115246,6.0,8.25,3.0,20.0,0.0,0.0,1.0
2015-12-07,5,1512075,152.509706884695,6.0,8.25,3.0,20.0,0.0,0.0,1.0
2015-12-07,6,1512076,28.6728841919131,6.0,8.25,3.0,20.0,0.0,0.0,1.0
2015-12-08,1,1512081,81.9208577619633,0.0,10.75,8.0,0.0,0.0,0.0,1.0
2015-12-08,2,1512082,259.237368045978,0.0,10.75,8.0,0.0,0.0,0.0,1.0
2015-12-08,3,1512083,94.0209378118793,0.0,10.75,8.0,0.0,0.0,0.0,1.0
2015-12-08,4,1512084,106.645235271974,0.0,10.75,8.0,0.0,0.0,0.0,1.0
2015-12-08,5,1512085,210.749545813154,0.0,10.75,8.0,0.0,0.0,0.0,1.0
2015-12-08,6,1512086,115.934234734646,0.0,10.75,8.0,0.0,0.0,0.0,1.0
2015-12-09,1,1512091,72.712284202785,3.0,8.75,12.0,21.0,0.0,0.0,1.0
2015-12-09,2,1512092,261.967843681113,3.0,8.75,12.0,21.0,0.0,0.0,1.0
2015-12-09,3,1512093,85.9894911305105,3.0,8.75,12.0,21.0,0.0,0.0,1.0
2015-12-09,4,1512094,136.773193513285,3.0,8.75,12.0,21.0,0.0,0.0,1.0
2015-12-09,5,1512095,182.812773894441,3.0,8.75,12.0,21.0,0.0,0.0,1.0
2015-12-09,6,1512096,93.8656913459388,3.0,8.75,12.0,21.0,0.0,0.0,1.0
2015-12-10,1,1512101,87.3496995999479,7.0,6.625,13.0,21.0,0.0,0.0,1.0
2015-12-10,2,1512102,275.871019893576,7.0,6.625,13.0,21.0,0.0,0.0,1.0
2015-12-10,3,1512103,100.920371943129,7.0,6.625,13.0,21.0,0.0,0.0,1.0
2015-12-10,4,1512104,93.6039033920536,7.0,6.625,13.0,21.0,0.0,0.0,1.0
2015-12-10,5,1512105,217.210719698568,7.0,6.625,13.0,21.0,0.0,0.0,1.0
2015-12-10,6,1512106,111.666686128158,7.0,6.625,13.0,21.0,0.0,0.0,1.0
2015-12-11,1,1512111,73.56275671083,5.0,6.125,11.0,63.0,0.0,0.0,1.0
2015-12-11,2,1512112,257.995780454492,5.0,6.125,11.0,63.0,0.0,0.0,1.0
2015-12-11,3,1512113,82.2908430221561,5.0,6.125,11.0,63.0,0.0,0.0,1.0
2015-12-11,4,1512114,106.586886059885,5.0,6.125,11.0,63.0,0.0,0.0,1.0
2015-12-11,5,1512115,181.818946478462,5.0,6.125,11.0,63.0,0.0,0.0,1.0
2015-12-11,6,1512116,110.982691994078,5.0,6.125,11.0,63.0,0.0,0.0,1.0
2015-12-12,1,1512121,116.377705397521,3.0,6.875,10.0,61.0,0.0,0.0,1.0
2015-12-12,2,1512122,416.865761579601,3.0,6.875,10.0,61.0,0.0,0.0,1.0
2015-12-12,3,1512123,130.376039900417,3.0,6.875,10.0,61.0,0.0,0.0,1.0
2015-12-12,4,1512124,123.8519780738,3.0,6.875,10.0,61.0,0.0,0.0,1.0
2015-12-12,5,1512125,263.371183180296,3.0,6.875,10.0,61.0,0.0,0.0,1.0
2015-12-12,6,1512126,161.414301579481,3.0,6.875,10.0,61.0,0.0,0.0,1.0
2015-12-13,1,1512131,56.5437174806995,1.0,5.25,9.0,61.0,0.0,0.0,1.0
2015-12-13,2,1512132,456.754742945117,1.0,5.25,9.0,61.0,0.0,0.0,1.0
2015-12-13,3,1512133,150.040759469444,1.0,5.25,9.0,61.0,0.0,0.0,1.0
2015-12-13,4,1512134,164.858981263781,1.0,5.25,9.0,61.0,0.0,0.0,1.0
2015-12-13,5,1512135,285.609296918744,1.0,5.25,9.0,61.0,0.0,0.0,1.0
2015-12-13,6,1512136,70.2627851668794,1.0,5.25,9.0,61.0,0.0,0.0,1.0
2015-12-14,1,1512141,113.623981570417,7.0,3.625,6.0,21.0,0.0,0.0,1.0
2015-12-14,2,1512142,202.61788967914,7.0,3.625,6.0,21.0,0.0,0.0,1.0
2015-12-14,3,1512143,99.1527894963271,7.0,3.625,6.0,21.0,0.0,0.0,1.0
2015-12-14,4,1512144,78.0826139469617,7.0,3.625,6.0,21.0,0.0,0.0,1.0
2015-12-14,5,1512145,135.882833179972,7.0,3.625,6.0,21.0,0.0,0.0,1.0
2015-12-14,6,1512146,54.7394699245604,7.0,3.625,6.0,21.0,0.0,0.0,1.0
2015-12-15,1,1512151,78.8474877114111,7.0,5.5,8.0,61.0,0.0,0.0,1.0
2015-12-15,2,1512152,238.987287986511,7.0,5.5,8.0,61.0,0.0,0.0,1.0
2015-12-15,3,1512153,97.4589956086864,7.0,5.5,8.0,61.0,0.0,0.0,1.0
2015-12-15,4,1512154,61.4518021966416,7.0,5.5,8.0,61.0,0.0,0.0,1.0
2015-12-15,5,1512155,200.794463905725,7.0,5.5,8.0,61.0,0.0,0.0,1.0
2015-12-15,6,1512156,31.7098861371836,7.0,5.5,8.0,61.0,0.0,0.0,1.0
2015-12-16,1,1512161,110.850649097379,8.0,6.25,7.0,10.0,0.0,0.0,1.0
2015-12-16,2,1512162,239.155705804931,8.0,6.25,7.0,10.0,0.0,0.0,1.0
2015-12-16,3,1512163,74.1859539243799,8.0,6.25,7.0,10.0,0.0,0.0,1.0
2015-12-16,4,1512164,50.4569970348282,8.0,6.25,7.0,10.0,0.0,0.0,1.0
2015-12-16,5,1512165,180.325823313121,8.0,6.25,7.0,10.0,0.0,0.0,1.0
2015-12-16,6,1512166,42.2722477322849,8.0,6.25,7.0,10.0,0.0,0.0,1.0
2015-12-17,1,1512171,103.843516197661,7.0,11.875,9.0,53.0,0.0,0.0,1.0
2015-12-17,2,1512172,266.802079117368,7.0,11.875,9.0,53.0,0.0,0.0,1.0
2015-12-17,3,1512173,85.4781007686427,7.0,11.875,9.0,53.0,0.0,0.0,1.0
2015-12-17,4,1512174,49.843135680101,7.0,11.875,9.0,53.0,0.0,0.0,1.0
2015-12-17,5,1512175,189.603239938994,7.0,11.875,9.0,53.0,0.0,0.0,1.0
2015-12-17,6,1512176,86.5381832594966,7.0,11.875,9.0,53.0,0.0,0.0,1.0
2015-12-18,1,1512181,88.7319424672478,8.0,10.375,15.0,61.0,0.0,0.0,1.0
2015-12-18,2,1512182,247.565727389495,8.0,10.375,15.0,61.0,0.0,0.0,1.0
2015-12-18,3,1512183,70.3918910072538,8.0,10.375,15.0,61.0,0.0,0.0,1.0
2015-12-18,4,1512184,75.8326965605834,8.0,10.375,15.0,61.0,0.0,0.0,1.0
2015-12-18,5,1512185,205.070251752861,8.0,10.375,15.0,61.0,0.0,0.0,1.0
2015-12-18,6,1512186,77.7359078686357,8.0,10.375,15.0,61.0,0.0,0.0,1.0
2015-12-19,1,1512191,143.442015501486,6.0,11.375,10.0,0.0,0.0,0.0,1.0
2015-12-19,2,1512192,326.552122517566,6.0,11.375,10.0,0.0,0.0,0.0,1.0
2015-12-19,3,1512193,84.5745459337765,6.0,11.375,10.0,0.0,0.0,0.0,1.0
2015-12-19,4,1512194,95.7786689930843,6.0,11.375,10.0,0.0,0.0,0.0,1.0
2015-12-19,5,1512195,209.443359888322,6.0,11.375,10.0,0.0,0.0,0.0,1.0
2015-12-19,6,1512196,69.9211074485971,6.0,11.375,10.0,0.0,0.0,0.0,1.0
2015-12-20,1,1512201,51.7103695029047,5.0,12.5,9.0,0.0,0.0,0.0,1.0
2015-12-20,2,1512202,368.79655844807,5.0,12.5,9.0,0.0,0.0,0.0,1.0
2015-12-20,3,1512203,97.3754025532662,5.0,12.5,9.0,0.0,0.0,0.0,1.0
2015-12-20,4,1512204,137.294819364866,5.0,12.5,9.0,0.0,0.0,0.0,1.0
2015-12-20,5,1512205,190.838143871757,5.0,12.5,9.0,0.0,0.0,0.0,1.0
2015-12-20,6,1512206,45.7395753160456,5.0,12.5,9.0,0.0,0.0,0.0,1.0
2015-12-21,1,1512211,112.891222676487,7.0,10.25,14.0,21.0,0.0,1.0,1.0
2015-12-21,2,1512212,249.442416541576,7.0,10.25,14.0,21.0,0.0,1.0,1.0
2015-12-21,3,1512213,97.1686358768173,7.0,10.25,14.0,21.0,0.0,1.0,1.0
2015-12-21,4,1512214,72.4750158316768,7.0,10.25,14.0,21.0,0.0,1.0,1.0
2015-12-21,5,1512215,178.007867853303,7.0,10.25,14.0,21.0,0.0,1.0,1.0
2015-12-21,6,1512216,42.5151373960702,7.0,10.25,14.0,21.0,0.0,1.0,1.0
2015-12-22,1,1512221,89.2481374766772,7.0,11.25,17.0,61.0,0.0,1.0,1.0
2015-12-22,2,1512222,298.307772523706,7.0,11.25,17.0,61.0,0.0,1.0,1.0
2015-12-22,3,1512223,89.327573330566,7.0,11.25,17.0,61.0,0.0,1.0,1.0
2015-12-22,4,1512224,64.2119729207153,7.0,11.25,17.0,61.0,0.0,1.0,1.0
2015-12-22,5,1512225,206.162264813779,7.0,11.25,17.0,61.0,0.0,1.0,1.0
2015-12-22,6,1512226,116.615089085609,7.0,11.25,17.0,61.0,0.0,1.0,1.0
2015-12-23,1,1512231,205.881287125549,6.0,10.375,20.0,61.0,0.0,1.0,1.0
2015-12-23,2,1512232,328.219884484061,6.0,10.375,20.0,61.0,0.0,1.0,1.0
2015-12-23,3,1512233,103.056845595438,6.0,10.375,20.0,61.0,0.0,1.0,1.0
2015-12-23,4,1512234,68.9147752635412,6.0,10.375,20.0,61.0,0.0,1.0,1.0
2015-12-23,5,1512235,219.404693482765,6.0,10.375,20.0,61.0,0.0,1.0,1.0
2015-12-23,6,1512236,87.2029904433664,6.0,10.375,20.0,61.0,0.0,1.0,1.0
2015-12-24,1,1512241,195.39980134501,3.0,8.375,11.0,61.0,0.0,1.0,1.0
2015-12-24,2,1512242,395.242017468912,3.0,8.375,11.0,61.0,0.0,1.0,1.0
2015-12-24,3,1512243,137.024357889754,3.0,8.375,11.0,61.0,0.0,1.0,1.0
2015-12-24,4,1512244,118.865410341769,3.0,8.375,11.0,61.0,0.0,1.0,1.0
2015-12-24,5,1512245,275.561444944486,3.0,8.375,11.0,61.0,0.0,1.0,1.0
2015-12-24,6,1512246,69.4000132648449,3.0,8.375,11.0,61.0,0.0,1.0,1.0
2015-12-25,1,1512251,,2.0,7.875,14.0,0.0,0.0,1.0,1.0
2015-12-25,2,1512252,,2.0,7.875,14.0,0.0,0.0,1.0,1.0
2015-12-25,3,1512253,,2.0,7.875,14.0,0.0,0.0,1.0,1.0
2015-12-25,4,1512254,,2.0,7.875,14.0,0.0,0.0,1.0,1.0
2015-12-25,5,1512255,,2.0,7.875,14.0,0.0,0.0,1.0,1.0
2015-12-25,6,1512256,,2.0,7.875,14.0,0.0,0.0,1.0,1.0
2015-12-26,1,1512261,,7.0,12.75,18.0,63.0,0.0,1.0,1.0
2015-12-26,2,1512262,,7.0,12.75,18.0,63.0,0.0,1.0,1.0
2015-12-26,3,1512263,,7.0,12.75,18.0,63.0,0.0,1.0,1.0
2015-12-26,4,1512264,,7.0,12.75,18.0,63.0,0.0,1.0,1.0
2015-12-26,5,1512265,,7.0,12.75,18.0,63.0,0.0,1.0,1.0
2015-12-26,6,1512266,,7.0,12.75,18.0,63.0,0.0,1.0,1.0
2015-12-27,1,1512271,50.7942094660487,7.0,10.875,15.0,61.0,0.0,1.0,1.0
2015-12-27,2,1512272,426.706629411613,7.0,10.875,15.0,61.0,0.0,1.0,1.0
2015-12-27,3,1512273,139.175735437382,7.0,10.875,15.0,61.0,0.0,1.0,1.0
2015-12-27,4,1512274,150.617390974879,7.0,10.875,15.0,61.0,0.0,1.0,1.0
2015-12-27,5,1512275,205.296097248761,7.0,10.875,15.0,61.0,0.0,1.0,1.0
2015-12-27,6,1512276,25.2905133058449,7.0,10.875,15.0,61.0,0.0,1.0,1.0
2015-12-28,1,1512281,127.385224894884,8.0,4.75,11.0,61.0,0.0,1.0,1.0
2015-12-28,2,1512282,380.798137500876,8.0,4.75,11.0,61.0,0.0,1.0,1.0
2015-12-28,3,1512283,165.711268017584,8.0,4.75,11.0,61.0,0.0,1.0,1.0
2015-12-28,4,1512284,66.1714499165664,8.0,4.75,11.0,61.0,0.0,1.0,1.0
2015-12-28,5,1512285,249.831488819928,8.0,4.75,11.0,61.0,0.0,1.0,1.0
2015-12-28,6,1512286,38.7394836594032,8.0,4.75,11.0,61.0,0.0,1.0,1.0
2015-12-29,1,1512291,125.989547665193,7.0,5.125,11.0,61.0,0.0,1.0,1.0
2015-12-29,2,1512292,410.805384325764,7.0,5.125,11.0,61.0,0.0,1.0,1.0
2015-12-29,3,1512293,162.948539436162,7.0,5.125,11.0,61.0,0.0,1.0,1.0
2015-12-29,4,1512294,113.802219378916,7.0,5.125,11.0,61.0,0.0,1.0,1.0
2015-12-29,5,1512295,220.256783905333,7.0,5.125,11.0,61.0,0.0,1.0,1.0
2015-12-29,6,1512296,50.760813368303,7.0,5.125,11.0,61.0,0.0,1.0,1.0
2015-12-30,1,1512301,143.702283482079,8.0,5.25,9.0,0.0,0.0,1.0,1.0
2015-12-30,2,1512302,534.795914565585,8.0,5.25,9.0,0.0,0.0,1.0,1.0
2015-12-30,3,1512303,198.531538169955,8.0,5.25,9.0,0.0,0.0,1.0,1.0
2015-12-30,4,1512304,66.9103286638791,8.0,5.25,9.0,0.0,0.0,1.0,1.0
2015-12-30,5,1512305,364.25666963632,8.0,5.25,9.0,0.0,0.0,1.0,1.0
2015-12-30,6,1512306,76.88815019572,8.0,5.25,9.0,0.0,0.0,1.0,1.0
2015-12-31,1,1512311,249.037809581614,7.0,2.0,10.0,61.0,0.0,1.0,1.0
2015-12-31,2,1512312,643.674702906675,7.0,2.0,10.0,61.0,0.0,1.0,1.0
2015-12-31,3,1512313,208.660491671414,7.0,2.0,10.0,61.0,0.0,1.0,1.0
2015-12-31,4,1512314,,7.0,2.0,10.0,61.0,0.0,1.0,1.0
2015-12-31,5,1512315,1869.93772343872,7.0,2.0,10.0,61.0,0.0,1.0,1.0
2015-12-31,6,1512316,43.6051606878586,7.0,2.0,10.0,61.0,0.0,1.0,1.0
2016-01-01,1,1601011,,7.0,4.5,6.0,28.0,0.0,0.0,1.0
2016-01-01,2,1601012,,7.0,4.5,6.0,28.0,0.0,0.0,1.0
2016-01-01,3,1601013,,7.0,4.5,6.0,28.0,0.0,0.0,1.0
2016-01-01,4,1601014,,7.0,4.5,6.0,28.0,0.0,0.0,1.0
2016-01-01,5,1601015,,7.0,4.5,6.0,28.0,0.0,0.0,1.0
2016-01-02,1,1601021,122.885747411276,8.0,0.0,16.0,10.0,0.0,0.0,1.0
2016-01-02,2,1601022,534.255462379152,8.0,0.0,16.0,10.0,0.0,0.0,1.0
2016-01-02,3,1601023,182.703831244386,8.0,0.0,16.0,10.0,0.0,0.0,1.0
2016-01-02,4,1601024,72.5262657990036,8.0,0.0,16.0,10.0,0.0,0.0,1.0
2016-01-02,5,1601025,290.214474621251,8.0,0.0,16.0,10.0,0.0,0.0,1.0
2016-01-03,1,1601031,67.3281609732765,7.0,-5.5,13.0,0.0,0.0,0.0,1.0
2016-01-03,2,1601032,436.582470124766,7.0,-5.5,13.0,0.0,0.0,0.0,1.0
2016-01-03,3,1601033,164.859005761667,7.0,-5.5,13.0,0.0,0.0,0.0,1.0
2016-01-03,4,1601034,75.9429543478591,7.0,-5.5,13.0,0.0,0.0,0.0,1.0
2016-01-03,5,1601035,189.560768660027,7.0,-5.5,13.0,0.0,0.0,0.0,1.0
2016-01-04,1,1601041,128.822051799542,5.0,-6.0,15.0,10.0,0.0,0.0,1.0
2016-01-04,2,1601042,283.580198278466,5.0,-6.0,15.0,10.0,0.0,0.0,1.0
2016-01-04,3,1601043,125.661184368252,5.0,-6.0,15.0,10.0,0.0,0.0,1.0
2016-01-04,4,1601044,74.7244710704998,5.0,-6.0,15.0,10.0,0.0,0.0,1.0
2016-01-04,5,1601045,190.248203249784,5.0,-6.0,15.0,10.0,0.0,0.0,1.0
2016-01-05,1,1601051,105.310039162795,1.0,-3.625,14.0,5.0,0.0,0.0,1.0
2016-01-05,2,1601052,291.599756968942,1.0,-3.625,14.0,5.0,0.0,0.0,1.0
2016-01-05,3,1601053,101.23954835125,1.0,-3.625,14.0,5.0,0.0,0.0,1.0
2016-01-05,4,1601054,82.4285276448736,1.0,-3.625,14.0,5.0,0.0,0.0,1.0
2016-01-05,5,1601055,241.35352574791,1.0,-3.625,14.0,5.0,0.0,0.0,1.0
2016-01-06,1,1601061,90.0053108415906,0.0,-3.0,12.0,5.0,0.0,0.0,1.0
2016-01-06,2,1601062,255.147894787261,0.0,-3.0,12.0,5.0,0.0,0.0,1.0
2016-01-06,3,1601063,77.6448105535074,0.0,-3.0,12.0,5.0,0.0,0.0,1.0
2016-01-06,4,1601064,48.8328172825585,0.0,-3.0,12.0,5.0,0.0,0.0,1.0
2016-01-06,5,1601065,186.783766682371,0.0,-3.0,12.0,5.0,0.0,0.0,1.0
2016-01-07,1,1601071,155.456329863677,7.0,-4.0,13.0,22.0,0.0,0.0,1.0
2016-01-07,2,1601072,231.157221388404,7.0,-4.0,13.0,22.0,0.0,0.0,1.0
2016-01-07,3,1601073,89.7986360923816,7.0,-4.0,13.0,22.0,0.0,0.0,1.0
2016-01-07,4,1601074,55.4424370840498,7.0,-4.0,13.0,22.0,0.0,0.0,1.0
2016-01-07,5,1601075,211.959267729194,7.0,-4.0,13.0,22.0,0.0,0.0,1.0
2016-01-08,1,1601081,68.7481180605328,7.0,1.75,20.0,61.0,0.0,0.0,1.0
2016-01-08,2,1601082,240.732081245657,7.0,1.75,20.0,61.0,0.0,0.0,1.0
2016-01-08,3,1601083,62.3059143752801,7.0,1.75,20.0,61.0,0.0,0.0,1.0
2016-01-08,4,1601084,71.7226942714326,7.0,1.75,20.0,61.0,0.0,0.0,1.0
2016-01-08,5,1601085,193.938119400977,7.0,1.75,20.0,61.0,0.0,0.0,1.0
2016-01-09,1,1601091,88.5967160881984,4.0,2.875,6.0,21.0,0.0,0.0,1.0
2016-01-09,2,1601092,310.19021362033,4.0,2.875,6.0,21.0,0.0,0.0,1.0
2016-01-09,3,1601093,131.135214043175,4.0,2.875,6.0,21.0,0.0,0.0,1.0
2016-01-09,4,1601094,64.835874109499,4.0,2.875,6.0,21.0,0.0,0.0,1.0
2016-01-09,5,1601095,276.715250071637,4.0,2.875,6.0,21.0,0.0,0.0,1.0
2016-01-10,1,1601101,39.937818475784,7.0,2.125,8.0,63.0,0.0,0.0,1.0
2016-01-10,2,1601102,410.089486410343,7.0,2.125,8.0,63.0,0.0,0.0,1.0
2016-01-10,3,1601103,133.842985475896,7.0,2.125,8.0,63.0,0.0,0.0,1.0
2016-01-10,4,1601104,121.591849650866,7.0,2.125,8.0,63.0,0.0,0.0,1.0
2016-01-10,5,1601105,121.493282473682,7.0,2.125,8.0,63.0,0.0,0.0,1.0
2016-01-11,1,1601111,123.468161375388,7.0,2.5,6.0,45.0,0.0,0.0,1.0
2016-01-11,2,1601112,230.99605551649,7.0,2.5,6.0,45.0,0.0,0.0,1.0
2016-01-11,3,1601113,85.8697308053528,7.0,2.5,6.0,45.0,0.0,0.0,1.0
2016-01-11,4,1601114,75.6621775473688,7.0,2.5,6.0,45.0,0.0,0.0,1.0
2016-01-11,5,1601115,189.559749547889,7.0,2.5,6.0,45.0,0.0,0.0,1.0
2016-01-12,1,1601121,96.7749099762038,7.0,4.0,8.0,63.0,0.0,0.0,1.0
2016-01-12,2,1601122,209.647066822165,7.0,4.0,8.0,63.0,0.0,0.0,1.0
2016-01-12,3,1601123,97.1292028532515,7.0,4.0,8.0,63.0,0.0,0.0,1.0
2016-01-12,4,1601124,47.508598164613,7.0,4.0,8.0,63.0,0.0,0.0,1.0
2016-01-12,5,1601125,222.618083950592,7.0,4.0,8.0,63.0,0.0,0.0,1.0
2016-01-13,1,1601131,69.6713814579147,8.0,1.875,14.0,61.0,0.0,0.0,1.0
2016-01-13,2,1601132,212.715205906421,8.0,1.875,14.0,61.0,0.0,0.0,1.0
2016-01-13,3,1601133,76.6672503579133,8.0,1.875,14.0,61.0,0.0,0.0,1.0
2016-01-13,4,1601134,68.258783305949,8.0,1.875,14.0,61.0,0.0,0.0,1.0
2016-01-13,5,1601135,216.772244614294,8.0,1.875,14.0,61.0,0.0,0.0,1.0
2016-01-14,1,1601141,103.240917970383,6.0,1.75,6.0,10.0,0.0,0.0,1.0
2016-01-14,2,1601142,245.041703770516,6.0,1.75,6.0,10.0,0.0,0.0,1.0
2016-01-14,3,1601143,84.4716470314345,6.0,1.75,6.0,10.0,0.0,0.0,1.0
2016-01-14,4,1601144,57.2527864696897,6.0,1.75,6.0,10.0,0.0,0.0,1.0
2016-01-14,5,1601145,219.3059709318,6.0,1.75,6.0,10.0,0.0,0.0,1.0
2016-01-15,1,1601151,76.7043334988454,7.0,2.125,12.0,10.0,0.0,0.0,1.0
2016-01-15,2,1601152,265.688670335341,7.0,2.125,12.0,10.0,0.0,0.0,1.0
2016-01-15,3,1601153,77.2434255197582,7.0,2.125,12.0,10.0,0.0,0.0,1.0
2016-01-15,4,1601154,74.9692978522181,7.0,2.125,12.0,10.0,0.0,0.0,1.0
2016-01-15,5,1601155,193.214277037618,7.0,2.125,12.0,10.0,0.0,0.0,1.0
2016-01-16,1,1601161,134.82042208679,7.0,0.5,5.0,10.0,0.0,0.0,1.0
2016-01-16,2,1601162,294.730277690986,7.0,0.5,5.0,10.0,0.0,0.0,1.0
2016-01-16,3,1601163,115.665082036361,7.0,0.5,5.0,10.0,0.0,0.0,1.0
2016-01-16,4,1601164,86.547766419124,7.0,0.5,5.0,10.0,0.0,0.0,1.0
2016-01-16,5,1601165,274.890740672995,7.0,0.5,5.0,10.0,0.0,0.0,1.0
2016-01-17,1,1601171,41.7306726855902,3.0,-1.375,9.0,10.0,0.0,0.0,1.0
2016-01-17,2,1601172,416.27974422688,3.0,-1.375,9.0,10.0,0.0,0.0,1.0
2016-01-17,3,1601173,172.589343024335,3.0,-1.375,9.0,10.0,0.0,0.0,1.0
2016-01-17,4,1601174,83.3440894002096,3.0,-1.375,9.0,10.0,0.0,0.0,1.0
2016-01-17,5,1601175,299.770085809813,3.0,-1.375,9.0,10.0,0.0,0.0,1.0
2016-01-18,1,1601181,113.848186314372,6.0,-1.75,6.0,10.0,0.0,0.0,1.0
2016-01-18,2,1601182,196.76012234694,6.0,-1.75,6.0,10.0,0.0,0.0,1.0
2016-01-18,3,1601183,75.7081265683294,6.0,-1.75,6.0,10.0,0.0,0.0,1.0
2016-01-18,4,1601184,51.1624488640057,6.0,-1.75,6.0,10.0,0.0,0.0,1.0
2016-01-18,5,1601185,176.375194730937,6.0,-1.75,6.0,10.0,0.0,0.0,1.0
2016-01-19,1,1601191,99.3856405745354,7.0,-2.5,10.0,73.0,0.0,0.0,1.0
2016-01-19,2,1601192,207.412383271762,7.0,-2.5,10.0,73.0,0.0,0.0,1.0
2016-01-19,3,1601193,89.795126229029,7.0,-2.5,10.0,73.0,0.0,0.0,1.0
2016-01-19,4,1601194,52.6766328715509,7.0,-2.5,10.0,73.0,0.0,0.0,1.0
2016-01-19,5,1601195,193.826948933223,7.0,-2.5,10.0,73.0,0.0,0.0,1.0
2016-01-20,1,1601201,79.1353473096275,7.0,-1.625,8.0,28.0,0.0,0.0,1.0
2016-01-20,2,1601202,233.00854277551,7.0,-1.625,8.0,28.0,0.0,0.0,1.0
2016-01-20,3,1601203,107.303400705441,7.0,-1.625,8.0,28.0,0.0,0.0,1.0
2016-01-20,4,1601204,48.1736557040667,7.0,-1.625,8.0,28.0,0.0,0.0,1.0
2016-01-20,5,1601205,200.826111442389,7.0,-1.625,8.0,28.0,0.0,0.0,1.0
2016-01-21,1,1601211,108.595935694673,4.0,-4.875,5.0,20.0,0.0,0.0,1.0
2016-01-21,2,1601212,222.627075082388,4.0,-4.875,5.0,20.0,0.0,0.0,1.0
2016-01-21,3,1601213,101.506722935716,4.0,-4.875,5.0,20.0,0.0,0.0,1.0
2016-01-21,4,1601214,58.5475256416195,4.0,-4.875,5.0,20.0,0.0,0.0,1.0
2016-01-21,5,1601215,250.15344491956,4.0,-4.875,5.0,20.0,0.0,0.0,1.0
2016-01-22,1,1601221,96.3055837260512,1.0,-3.0,7.0,10.0,0.0,0.0,1.0
2016-01-22,2,1601222,246.118891098791,1.0,-3.0,7.0,10.0,0.0,0.0,1.0
2016-01-22,3,1601223,65.7203857155031,1.0,-3.0,7.0,10.0,0.0,0.0,1.0
2016-01-22,4,1601224,74.60100772742,1.0,-3.0,7.0,10.0,0.0,0.0,1.0
2016-01-22,5,1601225,248.098227157249,1.0,-3.0,7.0,10.0,0.0,0.0,1.0
2016-01-23,1,1601231,96.7489428154796,6.0,3.125,6.0,49.0,0.0,0.0,1.0
2016-01-23,2,1601232,273.076862089786,6.0,3.125,6.0,49.0,0.0,0.0,1.0
2016-01-23,3,1601233,97.7792786852686,6.0,3.125,6.0,49.0,0.0,0.0,1.0
2016-01-23,4,1601234,58.569762463738,6.0,3.125,6.0,49.0,0.0,0.0,1.0
2016-01-23,5,1601235,229.906772887653,6.0,3.125,6.0,49.0,0.0,0.0,1.0
2016-01-24,1,1601241,41.653137191445,7.0,5.125,7.0,10.0,0.0,0.0,1.0
2016-01-24,2,1601242,387.324227337581,7.0,5.125,7.0,10.0,0.0,0.0,1.0
2016-01-24,3,1601243,151.068199970058,7.0,5.125,7.0,10.0,0.0,0.0,1.0
2016-01-24,4,1601244,149.789734439813,7.0,5.125,7.0,10.0,0.0,0.0,1.0
2016-01-24,5,1601245,265.946910450504,7.0,5.125,7.0,10.0,0.0,0.0,1.0
2016-01-25,1,1601251,101.660734532574,8.0,9.0,9.0,45.0,0.0,0.0,1.0
2016-01-25,2,1601252,248.99728128206,8.0,9.0,9.0,45.0,0.0,0.0,1.0
2016-01-25,3,1601253,80.5316812843894,8.0,9.0,9.0,45.0,0.0,0.0,1.0
2016-01-25,4,1601254,79.3947024923584,8.0,9.0,9.0,45.0,0.0,0.0,1.0
2016-01-25,5,1601255,205.155030201946,8.0,9.0,9.0,45.0,0.0,0.0,1.0
2016-01-26,1,1601261,93.194311458274,7.0,7.875,9.0,45.0,0.0,0.0,1.0
2016-01-26,2,1601262,221.127801890975,7.0,7.875,9.0,45.0,0.0,0.0,1.0
2016-01-26,3,1601263,56.1255091629798,7.0,7.875,9.0,45.0,0.0,0.0,1.0
2016-01-26,4,1601264,71.8353777343297,7.0,7.875,9.0,45.0,0.0,0.0,1.0
2016-01-26,5,1601265,232.766301830989,7.0,7.875,9.0,45.0,0.0,0.0,1.0
2016-01-27,1,1601271,86.5509289158139,7.0,10.375,15.0,61.0,0.0,0.0,1.0
2016-01-27,2,1601272,226.325022919998,7.0,10.375,15.0,61.0,0.0,0.0,1.0
2016-01-27,3,1601273,104.49661880823,7.0,10.375,15.0,61.0,0.0,0.0,1.0
2016-01-27,4,1601274,71.8386915353738,7.0,10.375,15.0,61.0,0.0,0.0,1.0
2016-01-27,5,1601275,219.991170296682,7.0,10.375,15.0,61.0,0.0,0.0,1.0
2016-01-28,1,1601281,124.556569599892,5.0,6.75,16.0,21.0,0.0,0.0,1.0
2016-01-28,2,1601282,236.14096812416,5.0,6.75,16.0,21.0,0.0,0.0,1.0
2016-01-28,3,1601283,69.5372348970724,5.0,6.75,16.0,21.0,0.0,0.0,1.0
2016-01-28,4,1601284,37.4060506108956,5.0,6.75,16.0,21.0,0.0,0.0,1.0
2016-01-28,5,1601285,244.408812315202,5.0,6.75,16.0,21.0,0.0,0.0,1.0
2016-01-29,1,1601291,91.0082856635981,7.0,8.125,17.0,61.0,0.0,0.0,1.0
2016-01-29,2,1601292,267.454875544475,7.0,8.125,17.0,61.0,0.0,0.0,1.0
2016-01-29,3,1601293,77.2674236690111,7.0,8.125,17.0,61.0,0.0,0.0,1.0
2016-01-29,4,1601294,74.5834935282299,7.0,8.125,17.0,61.0,0.0,0.0,1.0
2016-01-29,5,1601295,195.574412527158,7.0,8.125,17.0,61.0,0.0,0.0,1.0
2016-01-30,1,1601301,90.1685996751073,7.0,6.625,17.0,65.0,0.0,0.0,1.0
2016-01-30,2,1601302,329.964997391404,7.0,6.625,17.0,65.0,0.0,0.0,1.0
2016-01-30,3,1601303,101.154895981059,7.0,6.625,17.0,65.0,0.0,0.0,1.0
2016-01-30,4,1601304,58.1344429883485,7.0,6.625,17.0,65.0,0.0,0.0,1.0
2016-01-30,5,1601305,239.078662887727,7.0,6.625,17.0,65.0,0.0,0.0,1.0
2016-01-31,1,1601311,52.0502097378234,6.0,4.125,13.0,61.0,0.0,0.0,1.0
2016-01-31,2,1601312,382.123533692755,6.0,4.125,13.0,61.0,0.0,0.0,1.0
2016-01-31,3,1601313,116.036789722019,6.0,4.125,13.0,61.0,0.0,0.0,1.0
2016-01-31,4,1601314,132.950380868849,6.0,4.125,13.0,61.0,0.0,0.0,1.0
2016-01-31,5,1601315,266.119925137902,6.0,4.125,13.0,61.0,0.0,0.0,1.0
2016-02-01,1,1602011,100.874631975329,7.0,7.875,21.0,61.0,0.0,1.0,1.0
2016-02-01,2,1602012,320.500473747742,7.0,7.875,21.0,61.0,0.0,1.0,1.0
2016-02-01,3,1602013,79.6701465240555,7.0,7.875,21.0,61.0,0.0,1.0,1.0
2016-02-01,4,1602014,93.6709633665612,7.0,7.875,21.0,61.0,0.0,1.0,1.0
2016-02-01,5,1602015,241.753423222328,7.0,7.875,21.0,61.0,0.0,1.0,1.0
2016-02-02,1,1602021,101.820989696245,6.0,7.5,20.0,61.0,0.0,1.0,1.0
2016-02-02,2,1602022,334.195166966653,6.0,7.5,20.0,61.0,0.0,1.0,1.0
2016-02-02,3,1602023,77.7235209476192,6.0,7.5,20.0,61.0,0.0,1.0,1.0
2016-02-02,4,1602024,173.19490154443,6.0,7.5,20.0,61.0,0.0,1.0,1.0
2016-02-02,5,1602025,248.516273860935,6.0,7.5,20.0,61.0,0.0,1.0,1.0
2016-02-03,1,1602031,114.464238664044,6.0,4.75,15.0,61.0,0.0,0.0,1.0
2016-02-03,2,1602032,295.824206669011,6.0,4.75,15.0,61.0,0.0,0.0,1.0
2016-02-03,3,1602033,77.0896272256222,6.0,4.75,15.0,61.0,0.0,0.0,1.0
2016-02-03,4,1602034,138.868927432964,6.0,4.75,15.0,61.0,0.0,0.0,1.0
2016-02-03,5,1602035,325.507863771923,6.0,4.75,15.0,61.0,0.0,0.0,1.0
2016-02-04,1,1602041,128.594824919993,5.0,4.25,12.0,22.0,0.0,0.0,1.0
2016-02-04,2,1602042,341.286700292853,5.0,4.25,12.0,22.0,0.0,0.0,1.0
2016-02-04,3,1602043,89.2085750628842,5.0,4.25,12.0,22.0,0.0,0.0,1.0
2016-02-04,4,1602044,212.954763467956,5.0,4.25,12.0,22.0,0.0,0.0,1.0
2016-02-04,5,1602045,328.07660342003,5.0,4.25,12.0,22.0,0.0,0.0,1.0
2016-02-05,1,1602051,124.433139717936,7.0,4.5,10.0,61.0,0.0,0.0,1.0
2016-02-05,2,1602052,287.795395648607,7.0,4.5,10.0,61.0,0.0,0.0,1.0
2016-02-05,3,1602053,80.809542590926,7.0,4.5,10.0,61.0,0.0,0.0,1.0
2016-02-05,4,1602054,169.87129717056,7.0,4.5,10.0,61.0,0.0,0.0,1.0
2016-02-05,5,1602055,264.123167995632,7.0,4.5,10.0,61.0,0.0,0.0,1.0
2016-02-06,1,1602061,121.619679418936,7.0,9.375,11.0,21.0,0.0,0.0,1.0
2016-02-06,2,1602062,474.051333102261,7.0,9.375,11.0,21.0,0.0,0.0,1.0
2016-02-06,3,1602063,106.75536822121,7.0,9.375,11.0,21.0,0.0,0.0,1.0
2016-02-06,4,1602064,192.27769908181,7.0,9.375,11.0,21.0,0.0,0.0,1.0
2016-02-06,5,1602065,288.583322605663,7.0,9.375,11.0,21.0,0.0,0.0,1.0
2016-02-07,1,1602071,85.2218274039122,6.0,9.75,12.0,21.0,0.0,0.0,1.0
2016-02-07,2,1602072,579.707767204789,6.0,9.75,12.0,21.0,0.0,0.0,1.0
2016-02-07,3,1602073,140.818372036017,6.0,9.75,12.0,21.0,0.0,0.0,1.0
2016-02-07,4,1602074,170.642257444849,6.0,9.75,12.0,21.0,0.0,0.0,1.0
2016-02-07,5,1602075,352.95522789217,6.0,9.75,12.0,21.0,0.0,0.0,1.0
2016-02-08,1,1602081,88.3772693920283,7.0,8.5,16.0,63.0,0.0,0.0,1.0
2016-02-08,2,1602082,244.238888656956,7.0,8.5,16.0,63.0,0.0,0.0,1.0
2016-02-08,3,1602083,102.447839075974,7.0,8.5,16.0,63.0,0.0,0.0,1.0
2016-02-08,4,1602084,96.833635728181,7.0,8.5,16.0,63.0,0.0,0.0,1.0
2016-02-08,5,1602085,255.243360918052,7.0,8.5,16.0,63.0,0.0,0.0,1.0
2016-02-09,1,1602091,89.5365624321665,5.0,6.75,15.0,61.0,0.0,0.0,1.0
2016-02-09,2,1602092,291.262085727926,5.0,6.75,15.0,61.0,0.0,0.0,1.0
2016-02-09,3,1602093,87.6022418913691,5.0,6.75,15.0,61.0,0.0,0.0,1.0
2016-02-09,4,1602094,153.905138423558,5.0,6.75,15.0,61.0,0.0,0.0,1.0
2016-02-09,5,1602095,297.961151843249,5.0,6.75,15.0,61.0,0.0,0.0,1.0
2016-02-10,1,1602101,64.7482479156876,7.0,3.75,9.0,61.0,0.0,0.0,1.0
2016-02-10,2,1602102,257.330664582919,7.0,3.75,9.0,61.0,0.0,0.0,1.0
2016-02-10,3,1602103,80.2737824771539,7.0,3.75,9.0,61.0,0.0,0.0,1.0
2016-02-10,4,1602104,112.819376255663,7.0,3.75,9.0,61.0,0.0,0.0,1.0
2016-02-10,5,1602105,264.725463895975,7.0,3.75,9.0,61.0,0.0,0.0,1.0
2016-02-11,1,1602111,90.7630000858516,7.0,5.25,7.0,61.0,0.0,0.0,1.0
2016-02-11,2,1602112,297.503299343127,7.0,5.25,7.0,61.0,0.0,0.0,1.0
2016-02-11,3,1602113,91.3535120777711,7.0,5.25,7.0,61.0,0.0,0.0,1.0
2016-02-11,4,1602114,213.646592245021,7.0,5.25,7.0,61.0,0.0,0.0,1.0
2016-02-11,5,1602115,238.742990743532,7.0,5.25,7.0,61.0,0.0,0.0,1.0
2016-02-12,1,1602121,92.3826818576777,7.0,3.5,6.0,61.0,0.0,0.0,1.0
2016-02-12,2,1602122,240.946116831232,7.0,3.5,6.0,61.0,0.0,0.0,1.0
2016-02-12,3,1602123,69.5290464094912,7.0,3.5,6.0,61.0,0.0,0.0,1.0
2016-02-12,4,1602124,108.396239900431,7.0,3.5,6.0,61.0,0.0,0.0,1.0
2016-02-12,5,1602125,248.745906434891,7.0,3.5,6.0,61.0,0.0,0.0,1.0
2016-02-13,1,1602131,124.492562694277,6.0,2.0,8.0,20.0,0.0,0.0,1.0
2016-02-13,2,1602132,426.139933426771,6.0,2.0,8.0,20.0,0.0,0.0,1.0
2016-02-13,3,1602133,100.464402718773,6.0,2.0,8.0,20.0,0.0,0.0,1.0
2016-02-13,4,1602134,224.433711584056,6.0,2.0,8.0,20.0,0.0,0.0,1.0
2016-02-13,5,1602135,316.769995118842,6.0,2.0,8.0,20.0,0.0,0.0,1.0
2016-02-14,1,1602141,75.4669049257995,8.0,2.875,20.0,61.0,0.0,0.0,1.0
2016-02-14,2,1602142,468.275277107278,8.0,2.875,20.0,61.0,0.0,0.0,1.0
2016-02-14,3,1602143,131.727380612779,8.0,2.875,20.0,61.0,0.0,0.0,1.0
2016-02-14,4,1602144,220.15722489461,8.0,2.875,20.0,61.0,0.0,0.0,1.0
2016-02-14,5,1602145,336.658840303804,8.0,2.875,20.0,61.0,0.0,0.0,1.0
2016-02-15,1,1602151,136.432230966611,8.0,0.75,14.0,61.0,0.0,0.0,1.0
2016-02-15,2,1602152,290.195276965657,8.0,0.75,14.0,61.0,0.0,0.0,1.0
2016-02-15,3,1602153,108.081387650254,8.0,0.75,14.0,61.0,0.0,0.0,1.0
2016-02-15,4,1602154,116.618502038729,8.0,0.75,14.0,61.0,0.0,0.0,1.0
2016-02-15,5,1602155,249.707515047971,8.0,0.75,14.0,61.0,0.0,0.0,1.0
2016-02-16,1,1602161,68.0478380664933,0.0,2.125,5.0,61.0,0.0,0.0,1.0
2016-02-16,2,1602162,275.870590746456,0.0,2.125,5.0,61.0,0.0,0.0,1.0
2016-02-16,3,1602163,99.6986074709854,0.0,2.125,5.0,61.0,0.0,0.0,1.0
2016-02-16,4,1602164,177.333347977201,0.0,2.125,5.0,61.0,0.0,0.0,1.0
2016-02-16,5,1602165,306.515144107154,0.0,2.125,5.0,61.0,0.0,0.0,1.0
2016-02-17,1,1602171,115.322591894885,1.0,1.75,10.0,0.0,0.0,0.0,1.0
2016-02-17,2,1602172,282.850720027412,1.0,1.75,10.0,0.0,0.0,0.0,1.0
2016-02-17,3,1602173,84.1453099145737,1.0,1.75,10.0,0.0,0.0,0.0,1.0
2016-02-17,4,1602174,146.146021592095,1.0,1.75,10.0,0.0,0.0,0.0,1.0
2016-02-17,5,1602175,320.150911639512,1.0,1.75,10.0,0.0,0.0,0.0,1.0
2016-02-18,1,1602181,130.016478349823,5.0,1.875,6.0,10.0,0.0,0.0,1.0
2016-02-18,2,1602182,328.449175370905,5.0,1.875,6.0,10.0,0.0,0.0,1.0
2016-02-18,3,1602183,101.652557123811,5.0,1.875,6.0,10.0,0.0,0.0,1.0
2016-02-18,4,1602184,153.394623375255,5.0,1.875,6.0,10.0,0.0,0.0,1.0
2016-02-18,5,1602185,290.788498756095,5.0,1.875,6.0,10.0,0.0,0.0,1.0
2016-02-19,1,1602191,121.1062736985,7.0,3.25,6.0,61.0,0.0,0.0,1.0
2016-02-19,2,1602192,322.078092028064,7.0,3.25,6.0,61.0,0.0,0.0,1.0
2016-02-19,3,1602193,92.6908944831849,7.0,3.25,6.0,61.0,0.0,0.0,1.0
2016-02-19,4,1602194,152.787510282685,7.0,3.25,6.0,61.0,0.0,0.0,1.0
2016-02-19,5,1602195,294.632772928121,7.0,3.25,6.0,61.0,0.0,0.0,1.0
2016-02-20,1,1602201,85.2473137621134,7.0,6.0,12.0,61.0,0.0,0.0,1.0
2016-02-20,2,1602202,443.775109403269,7.0,6.0,12.0,61.0,0.0,0.0,1.0
2016-02-20,3,1602203,91.426660400694,7.0,6.0,12.0,61.0,0.0,0.0,1.0
2016-02-20,4,1602204,213.898160134037,7.0,6.0,12.0,61.0,0.0,0.0,1.0
2016-02-20,5,1602205,337.413464406758,7.0,6.0,12.0,61.0,0.0,0.0,1.0
2016-02-21,1,1602211,57.7117326850023,7.0,6.875,12.0,61.0,0.0,0.0,1.0
2016-02-21,2,1602212,498.815874652613,7.0,6.875,12.0,61.0,0.0,0.0,1.0
2016-02-21,3,1602213,121.873805988119,7.0,6.875,12.0,61.0,0.0,0.0,1.0
2016-02-21,4,1602214,320.052214571435,7.0,6.875,12.0,61.0,0.0,0.0,1.0
2016-02-21,5,1602215,429.951884660272,7.0,6.875,12.0,61.0,0.0,0.0,1.0
2016-02-22,1,1602221,64.1054034695987,6.0,5.875,15.0,61.0,0.0,0.0,1.0
2016-02-22,2,1602222,236.927035507922,6.0,5.875,15.0,61.0,0.0,0.0,1.0
2016-02-22,3,1602223,72.3768680167102,6.0,5.875,15.0,61.0,0.0,0.0,1.0
2016-02-22,4,1602224,71.5677280034024,6.0,5.875,15.0,61.0,0.0,0.0,1.0
2016-02-22,5,1602225,163.428117167892,6.0,5.875,15.0,61.0,0.0,0.0,1.0
2016-02-23,1,1602231,70.6172908787781,4.0,6.125,17.0,61.0,0.0,0.0,1.0
2016-02-23,2,1602232,260.990205479987,4.0,6.125,17.0,61.0,0.0,0.0,1.0
2016-02-23,3,1602233,107.661963735703,4.0,6.125,17.0,61.0,0.0,0.0,1.0
2016-02-23,4,1602234,134.376094213944,4.0,6.125,17.0,61.0,0.0,0.0,1.0
2016-02-23,5,1602235,161.605017964107,4.0,6.125,17.0,61.0,0.0,0.0,1.0
2016-02-24,1,1602241,85.7581547356481,3.0,4.0,15.0,61.0,0.0,0.0,1.0
2016-02-24,2,1602242,242.649924353059,3.0,4.0,15.0,61.0,0.0,0.0,1.0
2016-02-24,3,1602243,83.7317916112599,3.0,4.0,15.0,61.0,0.0,0.0,1.0
2016-02-24,4,1602244,64.0301172684115,3.0,4.0,15.0,61.0,0.0,0.0,1.0
2016-02-24,5,1602245,210.768634223775,3.0,4.0,15.0,61.0,0.0,0.0,1.0
2016-02-25,1,1602251,115.0558696768,6.0,3.5,10.0,53.0,0.0,0.0,1.0
2016-02-25,2,1602252,237.155536345003,6.0,3.5,10.0,53.0,0.0,0.0,1.0
2016-02-25,3,1602253,58.8933306111358,6.0,3.5,10.0,53.0,0.0,0.0,1.0
2016-02-25,4,1602254,60.216970582095,6.0,3.5,10.0,53.0,0.0,0.0,1.0
2016-02-25,5,1602255,195.261407386158,6.0,3.5,10.0,53.0,0.0,0.0,1.0
2016-02-26,1,1602261,73.6223080391586,6.0,3.625,8.0,53.0,0.0,0.0,1.0
2016-02-26,2,1602262,254.772713211861,6.0,3.625,8.0,53.0,0.0,0.0,1.0
2016-02-26,3,1602263,89.2970054722185,6.0,3.625,8.0,53.0,0.0,0.0,1.0
2016-02-26,4,1602264,54.0670927179698,6.0,3.625,8.0,53.0,0.0,0.0,1.0
2016-02-26,5,1602265,187.611048238849,6.0,3.625,8.0,53.0,0.0,0.0,1.0
2016-02-27,1,1602271,77.3392765156887,4.0,1.5,5.0,45.0,0.0,0.0,1.0
2016-02-27,2,1602272,344.439727506896,4.0,1.5,5.0,45.0,0.0,0.0,1.0
2016-02-27,3,1602273,112.734042896824,4.0,1.5,5.0,45.0,0.0,0.0,1.0
2016-02-27,4,1602274,85.3879693916251,4.0,1.5,5.0,45.0,0.0,0.0,1.0
2016-02-27,5,1602275,256.025961748608,4.0,1.5,5.0,45.0,0.0,0.0,1.0
2016-02-28,1,1602281,67.9028508038449,1.0,3.5,6.0,0.0,0.0,0.0,1.0
2016-02-28,2,1602282,475.067504097736,1.0,3.5,6.0,0.0,0.0,0.0,1.0
2016-02-28,3,1602283,143.402789700727,1.0,3.5,6.0,0.0,0.0,0.0,1.0
2016-02-28,4,1602284,155.879471819037,1.0,3.5,6.0,0.0,0.0,0.0,1.0
2016-02-28,5,1602285,265.881917043649,1.0,3.5,6.0,0.0,0.0,0.0,1.0
2016-02-29,1,1602291,100.734692257053,7.0,2.125,10.0,0.0,0.0,0.0,1.0
2016-02-29,2,1602292,213.574073422175,7.0,2.125,10.0,0.0,0.0,0.0,1.0
2016-02-29,3,1602293,85.4670939199535,7.0,2.125,10.0,0.0,0.0,0.0,1.0
2016-02-29,4,1602294,57.5785820133328,7.0,2.125,10.0,0.0,0.0,0.0,1.0
2016-02-29,5,1602295,191.665015079148,7.0,2.125,10.0,0.0,0.0,0.0,1.0
2016-03-01,1,1603011,94.4073594599461,5.0,2.25,8.0,0.0,0.0,0.0,1.0
2016-03-01,2,1603012,227.734771550322,5.0,2.25,8.0,0.0,0.0,0.0,1.0
2016-03-01,3,1603013,71.0119127390675,5.0,2.25,8.0,0.0,0.0,0.0,1.0
2016-03-01,4,1603014,93.4974094031413,5.0,2.25,8.0,0.0,0.0,0.0,1.0
2016-03-01,5,1603015,180.928311589106,5.0,2.25,8.0,0.0,0.0,0.0,1.0
2016-03-02,1,1603021,76.3795550110334,7.0,5.0,16.0,63.0,0.0,0.0,1.0
2016-03-02,2,1603022,222.095648232034,7.0,5.0,16.0,63.0,0.0,0.0,1.0
2016-03-02,3,1603023,93.7217542076897,7.0,5.0,16.0,63.0,0.0,0.0,1.0
2016-03-02,4,1603024,74.8849594920968,7.0,5.0,16.0,63.0,0.0,0.0,1.0
2016-03-02,5,1603025,164.355534894709,7.0,5.0,16.0,63.0,0.0,0.0,1.0
2016-03-03,1,1603031,116.797066860726,7.0,4.75,5.0,21.0,0.0,0.0,1.0
2016-03-03,2,1603032,229.046716982771,7.0,4.75,5.0,21.0,0.0,0.0,1.0
2016-03-03,3,1603033,88.9616745803378,7.0,4.75,5.0,21.0,0.0,0.0,1.0
2016-03-03,4,1603034,53.3398566608189,7.0,4.75,5.0,21.0,0.0,0.0,1.0
2016-03-03,5,1603035,154.985702571168,7.0,4.75,5.0,21.0,0.0,0.0,1.0
2016-03-04,1,1603041,100.459635238409,2.0,3.875,9.0,10.0,0.0,0.0,1.0
2016-03-04,2,1603042,219.883104831763,2.0,3.875,9.0,10.0,0.0,0.0,1.0
2016-03-04,3,1603043,98.7464106170893,2.0,3.875,9.0,10.0,0.0,0.0,1.0
2016-03-04,4,1603044,54.3096350622408,2.0,3.875,9.0,10.0,0.0,0.0,1.0
2016-03-04,5,1603045,189.909787668708,2.0,3.875,9.0,10.0,0.0,0.0,1.0
2016-03-05,1,1603051,126.558308460523,8.0,3.25,5.0,61.0,0.0,0.0,1.0
2016-03-05,2,1603052,307.355804230078,8.0,3.25,5.0,61.0,0.0,0.0,1.0
2016-03-05,3,1603053,105.454582350578,8.0,3.25,5.0,61.0,0.0,0.0,1.0
2016-03-05,4,1603054,87.0021007839086,8.0,3.25,5.0,61.0,0.0,0.0,1.0
2016-03-05,5,1603055,183.665499323068,8.0,3.25,5.0,61.0,0.0,0.0,1.0
2016-03-06,1,1603061,63.6973176810197,7.0,4.5,11.0,10.0,0.0,0.0,1.0
2016-03-06,2,1603062,424.997870111198,7.0,4.5,11.0,10.0,0.0,0.0,1.0
2016-03-06,3,1603063,125.253628707352,7.0,4.5,11.0,10.0,0.0,0.0,1.0
2016-03-06,4,1603064,89.9769028362655,7.0,4.5,11.0,10.0,0.0,0.0,1.0
2016-03-06,5,1603065,237.73551437776,7.0,4.5,11.0,10.0,0.0,0.0,1.0
2016-03-07,1,1603071,100.739810297883,6.0,4.75,10.0,20.0,0.0,0.0,1.0
2016-03-07,2,1603072,261.046920938025,6.0,4.75,10.0,20.0,0.0,0.0,1.0
2016-03-07,3,1603073,104.963466896837,6.0,4.75,10.0,20.0,0.0,0.0,1.0
2016-03-07,4,1603074,59.3154655481707,6.0,4.75,10.0,20.0,0.0,0.0,1.0
2016-03-07,5,1603075,223.487676344186,6.0,4.75,10.0,20.0,0.0,0.0,1.0
2016-03-08,1,1603081,121.47081943624,6.0,5.0,10.0,61.0,0.0,0.0,1.0
2016-03-08,2,1603082,266.517131416557,6.0,5.0,10.0,61.0,0.0,0.0,1.0
2016-03-08,3,1603083,73.2317211493194,6.0,5.0,10.0,61.0,0.0,0.0,1.0
2016-03-08,4,1603084,86.237361671157,6.0,5.0,10.0,61.0,0.0,0.0,1.0
2016-03-08,5,1603085,254.230927805738,6.0,5.0,10.0,61.0,0.0,0.0,1.0
2016-03-09,1,1603091,134.50464200454,0.0,6.75,9.0,5.0,0.0,0.0,1.0
2016-03-09,2,1603092,271.328765064048,0.0,6.75,9.0,5.0,0.0,0.0,1.0
2016-03-09,3,1603093,112.702195949417,0.0,6.75,9.0,5.0,0.0,0.0,1.0
2016-03-09,4,1603094,,0.0,6.75,9.0,5.0,0.0,0.0,1.0
2016-03-09,5,1603095,259.677695472758,0.0,6.75,9.0,5.0,0.0,0.0,1.0
2016-03-10,1,1603101,144.670919387674,8.0,4.375,11.0,10.0,0.0,0.0,1.0
2016-03-10,2,1603102,293.908820913272,8.0,4.375,11.0,10.0,0.0,0.0,1.0
2016-03-10,3,1603103,60.8341417156009,8.0,4.375,11.0,10.0,0.0,0.0,1.0
2016-03-10,4,1603104,59.7788825664352,8.0,4.375,11.0,10.0,0.0,0.0,1.0
2016-03-10,5,1603105,229.760403843279,8.0,4.375,11.0,10.0,0.0,0.0,1.0
2016-03-11,1,1603111,147.967084273896,8.0,3.5,11.0,10.0,0.0,0.0,1.0
2016-03-11,2,1603112,254.5335408235,8.0,3.5,11.0,10.0,0.0,0.0,1.0
2016-03-11,3,1603113,91.4520450012182,8.0,3.5,11.0,10.0,0.0,0.0,1.0
2016-03-11,4,1603114,84.0911815561759,8.0,3.5,11.0,10.0,0.0,0.0,1.0
2016-03-11,5,1603115,240.691258075457,8.0,3.5,11.0,10.0,0.0,0.0,1.0
2016-03-12,1,1603121,156.983737754714,8.0,2.75,7.0,0.0,0.0,0.0,1.0
2016-03-12,2,1603122,369.210704930203,8.0,2.75,7.0,0.0,0.0,0.0,1.0
2016-03-12,3,1603123,123.879594747325,8.0,2.75,7.0,0.0,0.0,0.0,1.0
2016-03-12,4,1603124,64.8612566543002,8.0,2.75,7.0,0.0,0.0,0.0,1.0
2016-03-12,5,1603125,257.066009798004,8.0,2.75,7.0,0.0,0.0,0.0,1.0
2016-03-13,1,1603131,85.1258324563042,8.0,0.875,8.0,10.0,0.0,0.0,1.0
2016-03-13,2,1603132,457.374192354555,8.0,0.875,8.0,10.0,0.0,0.0,1.0
2016-03-13,3,1603133,141.827571462778,8.0,0.875,8.0,10.0,0.0,0.0,1.0
2016-03-13,4,1603134,122.358145037394,8.0,0.875,8.0,10.0,0.0,0.0,1.0
2016-03-13,5,1603135,358.149041587833,8.0,0.875,8.0,10.0,0.0,0.0,1.0
2016-03-14,1,1603141,82.3443055655689,8.0,5.0,8.0,10.0,0.0,0.0,1.0
2016-03-14,2,1603142,248.430200784947,8.0,5.0,8.0,10.0,0.0,0.0,1.0
2016-03-14,3,1603143,106.168003108515,8.0,5.0,8.0,10.0,0.0,0.0,1.0
2016-03-14,4,1603144,65.7551183672035,8.0,5.0,8.0,10.0,0.0,0.0,1.0
2016-03-14,5,1603145,216.472813308732,8.0,5.0,8.0,10.0,0.0,0.0,1.0
2016-03-15,1,1603151,135.410674142097,5.0,5.75,12.0,61.0,0.0,0.0,1.0
2016-03-15,2,1603152,274.617100464435,5.0,5.75,12.0,61.0,0.0,0.0,1.0
2016-03-15,3,1603153,85.1205684450089,5.0,5.75,12.0,61.0,0.0,0.0,1.0
2016-03-15,4,1603154,78.5327059559345,5.0,5.75,12.0,61.0,0.0,0.0,1.0
2016-03-15,5,1603155,277.612340356285,5.0,5.75,12.0,61.0,0.0,0.0,1.0
2016-03-16,1,1603161,149.729711282462,1.0,6.375,11.0,0.0,0.0,0.0,1.0
2016-03-16,2,1603162,284.674093245276,1.0,6.375,11.0,0.0,0.0,0.0,1.0
2016-03-16,3,1603163,103.320840659689,1.0,6.375,11.0,0.0,0.0,0.0,1.0
2016-03-16,4,1603164,74.3282044980244,1.0,6.375,11.0,0.0,0.0,0.0,1.0
2016-03-16,5,1603165,239.608116730981,1.0,6.375,11.0,0.0,0.0,0.0,1.0
2016-03-17,1,1603171,171.39484313798,0.0,9.25,12.0,0.0,0.0,0.0,1.0
2016-03-17,2,1603172,292.66701959477,0.0,9.25,12.0,0.0,0.0,0.0,1.0
2016-03-17,3,1603173,102.115552422329,0.0,9.25,12.0,0.0,0.0,0.0,1.0
2016-03-17,4,1603174,76.6750730683855,0.0,9.25,12.0,0.0,0.0,0.0,1.0
2016-03-17,5,1603175,259.197413669464,0.0,9.25,12.0,0.0,0.0,0.0,1.0
2016-03-18,1,1603181,107.770107847376,8.0,5.375,9.0,21.0,0.0,0.0,1.0
2016-03-18,2,1603182,271.254945413232,8.0,5.375,9.0,21.0,0.0,0.0,1.0
2016-03-18,3,1603183,83.2732058217668,8.0,5.375,9.0,21.0,0.0,0.0,1.0
2016-03-18,4,1603184,85.0144032931207,8.0,5.375,9.0,21.0,0.0,0.0,1.0
2016-03-18,5,1603185,310.248622540004,8.0,5.375,9.0,21.0,0.0,0.0,1.0
2016-03-19,1,1603191,123.305215643708,7.0,6.0,15.0,45.0,0.0,0.0,1.0
2016-03-19,2,1603192,380.23741771866,7.0,6.0,15.0,45.0,0.0,0.0,1.0
2016-03-19,3,1603193,139.178861828601,7.0,6.0,15.0,45.0,0.0,0.0,1.0
2016-03-19,4,1603194,82.3119212358549,7.0,6.0,15.0,45.0,0.0,0.0,1.0
2016-03-19,5,1603195,319.459082188137,7.0,6.0,15.0,45.0,0.0,0.0,1.0
2016-03-20,1,1603201,60.1580699950504,6.0,8.625,15.0,61.0,0.0,0.0,1.0
2016-03-20,2,1603202,527.51544193685,6.0,8.625,15.0,61.0,0.0,0.0,1.0
2016-03-20,3,1603203,184.166261199202,6.0,8.625,15.0,61.0,0.0,0.0,1.0
2016-03-20,4,1603204,106.4494715151,6.0,8.625,15.0,61.0,0.0,0.0,1.0
2016-03-20,5,1603205,351.534522494821,6.0,8.625,15.0,61.0,0.0,0.0,1.0
2016-03-21,1,1603211,111.594469309437,7.0,7.5,19.0,61.0,0.0,1.0,1.0
2016-03-21,2,1603212,270.390507218686,7.0,7.5,19.0,61.0,0.0,1.0,1.0
2016-03-21,3,1603213,112.199506864566,7.0,7.5,19.0,61.0,0.0,1.0,1.0
2016-03-21,4,1603214,75.4092115243714,7.0,7.5,19.0,61.0,0.0,1.0,1.0
2016-03-21,5,1603215,279.296769510573,7.0,7.5,19.0,61.0,0.0,1.0,1.0
2016-03-22,1,1603221,123.498900492749,7.0,8.125,13.0,61.0,0.0,1.0,1.0
2016-03-22,2,1603222,305.474521378648,7.0,8.125,13.0,61.0,0.0,1.0,1.0
2016-03-22,3,1603223,106.189967034507,7.0,8.125,13.0,61.0,0.0,1.0,1.0
2016-03-22,4,1603224,64.4622775695536,7.0,8.125,13.0,61.0,0.0,1.0,1.0
2016-03-22,5,1603225,269.214268402338,7.0,8.125,13.0,61.0,0.0,1.0,1.0
2016-03-23,1,1603231,170.980616905401,1.0,9.125,13.0,61.0,0.0,1.0,1.0
2016-03-23,2,1603232,328.778860928535,1.0,9.125,13.0,61.0,0.0,1.0,1.0
2016-03-23,3,1603233,108.098676775929,1.0,9.125,13.0,61.0,0.0,1.0,1.0
2016-03-23,4,1603234,54.9613227217267,1.0,9.125,13.0,61.0,0.0,1.0,1.0
2016-03-23,5,1603235,278.851630298633,1.0,9.125,13.0,61.0,0.0,1.0,1.0
2016-03-24,1,1603241,,7.0,7.375,10.0,21.0,0.0,1.0,1.0
2016-03-24,2,1603242,,7.0,7.375,10.0,21.0,0.0,1.0,1.0
2016-03-24,3,1603243,,7.0,7.375,10.0,21.0,0.0,1.0,1.0
2016-03-24,4,1603244,,7.0,7.375,10.0,21.0,0.0,1.0,1.0
2016-03-24,5,1603245,,7.0,7.375,10.0,21.0,0.0,1.0,1.0
2016-03-25,1,1603251,,8.0,7.875,7.0,61.0,0.0,1.0,1.0
2016-03-25,2,1603252,,8.0,7.875,7.0,61.0,0.0,1.0,1.0
2016-03-25,3,1603253,,8.0,7.875,7.0,61.0,0.0,1.0,1.0
2016-03-25,4,1603254,,8.0,7.875,7.0,61.0,0.0,1.0,1.0
2016-03-25,5,1603255,,8.0,7.875,7.0,61.0,0.0,1.0,1.0
2016-03-26,1,1603261,233.436259088557,1.0,9.75,9.0,0.0,0.0,1.0,1.0
2016-03-26,2,1603262,603.695640303816,1.0,9.75,9.0,0.0,0.0,1.0,1.0
2016-03-26,3,1603263,284.681250764875,1.0,9.75,9.0,0.0,0.0,1.0,1.0
2016-03-26,4,1603264,58.5372758928461,1.0,9.75,9.0,0.0,0.0,1.0,1.0
2016-03-26,5,1603265,481.654957864093,1.0,9.75,9.0,0.0,0.0,1.0,1.0
2016-03-27,1,1603271,92.2009391869641,7.0,8.625,12.0,61.0,0.0,1.0,1.0
2016-03-27,2,1603272,684.171162722579,7.0,8.625,12.0,61.0,0.0,1.0,1.0
2016-03-27,3,1603273,189.788106034315,7.0,8.625,12.0,61.0,0.0,1.0,1.0
2016-03-27,4,1603274,141.426208355897,7.0,8.625,12.0,61.0,0.0,1.0,1.0
2016-03-27,5,1603275,321.238551565509,7.0,8.625,12.0,61.0,0.0,1.0,1.0
2016-03-28,1,1603281,78.9437065311216,6.0,11.625,18.0,61.0,0.0,1.0,1.0
2016-03-28,2,1603282,593.601919712894,6.0,11.625,18.0,61.0,0.0,1.0,1.0
2016-03-28,3,1603283,222.678061175997,6.0,11.625,18.0,61.0,0.0,1.0,1.0
2016-03-28,4,1603284,121.314930976408,6.0,11.625,18.0,61.0,0.0,1.0,1.0
2016-03-28,5,1603285,295.412643657617,6.0,11.625,18.0,61.0,0.0,1.0,1.0
2016-03-29,1,1603291,119.200195257023,6.0,10.0,13.0,21.0,0.0,1.0,1.0
2016-03-29,2,1603292,384.312439396431,6.0,10.0,13.0,21.0,0.0,1.0,1.0
2016-03-29,3,1603293,102.221734637477,6.0,10.0,13.0,21.0,0.0,1.0,1.0
2016-03-29,4,1603294,67.7767299139779,6.0,10.0,13.0,21.0,0.0,1.0,1.0
2016-03-29,5,1603295,230.574162176282,6.0,10.0,13.0,21.0,0.0,1.0,1.0
2016-03-30,1,1603301,60.5126024929405,5.0,8.5,15.0,61.0,0.0,1.0,1.0
2016-03-30,2,1603302,337.623139607796,5.0,8.5,15.0,61.0,0.0,1.0,1.0
2016-03-30,3,1603303,117.881664269555,5.0,8.5,15.0,61.0,0.0,1.0,1.0
2016-03-30,4,1603304,72.2946923139008,5.0,8.5,15.0,61.0,0.0,1.0,1.0
2016-03-30,5,1603305,241.966349438166,5.0,8.5,15.0,61.0,0.0,1.0,1.0
2016-03-31,1,1603311,98.7497125455811,4.0,9.0,13.0,21.0,0.0,1.0,1.0
2016-03-31,2,1603312,368.852751120523,4.0,9.0,13.0,21.0,0.0,1.0,1.0
2016-03-31,3,1603313,126.127818313849,4.0,9.0,13.0,21.0,0.0,1.0,1.0
2016-03-31,4,1603314,76.3978378241098,4.0,9.0,13.0,21.0,0.0,1.0,1.0
2016-03-31,5,1603315,239.635864704663,4.0,9.0,13.0,21.0,0.0,1.0,1.0
2016-04-01,1,1604011,126.578280724595,0.0,9.125,7.0,21.0,0.0,1.0,1.0
2016-04-01,2,1604012,369.569826021304,0.0,9.125,7.0,21.0,0.0,1.0,1.0
2016-04-01,3,1604013,111.815006377573,0.0,9.125,7.0,21.0,0.0,1.0,1.0
2016-04-01,4,1604014,69.1621393027721,0.0,9.125,7.0,21.0,0.0,1.0,1.0
2016-04-01,5,1604015,288.46151804369,0.0,9.125,7.0,21.0,0.0,1.0,1.0
2016-04-02,1,1604021,87.3944207425519,3.0,12.75,8.0,21.0,0.0,0.0,1.0
2016-04-02,2,1604022,436.278040312197,3.0,12.75,8.0,21.0,0.0,0.0,1.0
2016-04-02,3,1604023,189.133194226414,3.0,12.75,8.0,21.0,0.0,0.0,1.0
2016-04-02,4,1604024,65.3028239253893,3.0,12.75,8.0,21.0,0.0,0.0,1.0
2016-04-02,5,1604025,247.661267823671,3.0,12.75,8.0,21.0,0.0,0.0,1.0
2016-04-03,1,1604031,59.9447846766429,7.0,15.5,5.0,21.0,0.0,0.0,1.0
2016-04-03,2,1604032,401.200597393477,7.0,15.5,5.0,21.0,0.0,0.0,1.0
2016-04-03,3,1604033,166.207053633233,7.0,15.5,5.0,21.0,0.0,0.0,1.0
2016-04-03,4,1604034,86.220713636422,7.0,15.5,5.0,21.0,0.0,0.0,1.0
2016-04-03,5,1604035,234.641380413364,7.0,15.5,5.0,21.0,0.0,0.0,1.0
2016-04-04,1,1604041,137.947934007478,6.0,17.375,6.0,21.0,0.0,0.0,1.0
2016-04-04,2,1604042,261.63640016653,6.0,17.375,6.0,21.0,0.0,0.0,1.0
2016-04-04,3,1604043,128.292980884662,6.0,17.375,6.0,21.0,0.0,0.0,1.0
2016-04-04,4,1604044,59.9058128787491,6.0,17.375,6.0,21.0,0.0,0.0,1.0
2016-04-04,5,1604045,201.497255314954,6.0,17.375,6.0,21.0,0.0,0.0,1.0
2016-04-05,1,1604051,94.142825899826,7.0,10.0,7.0,61.0,0.0,0.0,1.0
2016-04-05,2,1604052,246.716621441029,7.0,10.0,7.0,61.0,0.0,0.0,1.0
2016-04-05,3,1604053,99.5827121199856,7.0,10.0,7.0,61.0,0.0,0.0,1.0
2016-04-05,4,1604054,58.9720553146971,7.0,10.0,7.0,61.0,0.0,0.0,1.0
2016-04-05,5,1604055,218.413027097897,7.0,10.0,7.0,61.0,0.0,0.0,1.0
2016-04-06,1,1604061,115.447838356541,6.0,11.125,12.0,61.0,0.0,0.0,1.0
2016-04-06,2,1604062,285.481476537921,6.0,11.125,12.0,61.0,0.0,0.0,1.0
2016-04-06,3,1604063,97.0822637355334,6.0,11.125,12.0,61.0,0.0,0.0,1.0
2016-04-06,4,1604064,57.02264586249,6.0,11.125,12.0,61.0,0.0,0.0,1.0
2016-04-06,5,1604065,223.914811749007,6.0,11.125,12.0,61.0,0.0,0.0,1.0
2016-04-07,1,1604071,89.6184406128346,6.0,8.625,13.0,21.0,0.0,0.0,1.0
2016-04-07,2,1604072,281.790814958438,6.0,8.625,13.0,21.0,0.0,0.0,1.0
2016-04-07,3,1604073,107.132064321167,6.0,8.625,13.0,21.0,0.0,0.0,1.0
2016-04-07,4,1604074,54.3071271105345,6.0,8.625,13.0,21.0,0.0,0.0,1.0
2016-04-07,5,1604075,252.585105953365,6.0,8.625,13.0,21.0,0.0,0.0,1.0
2016-04-08,1,1604081,78.1961621702536,6.0,9.0,9.0,63.0,0.0,0.0,1.0
2016-04-08,2,1604082,256.02856475427,6.0,9.0,9.0,63.0,0.0,0.0,1.0
2016-04-08,3,1604083,120.523884707092,6.0,9.0,9.0,63.0,0.0,0.0,1.0
2016-04-08,4,1604084,74.0266572205362,6.0,9.0,9.0,63.0,0.0,0.0,1.0
2016-04-08,5,1604085,194.066874820885,6.0,9.0,9.0,63.0,0.0,0.0,1.0
2016-04-09,1,1604091,147.991506901966,4.0,10.125,11.0,0.0,0.0,0.0,1.0
2016-04-09,2,1604092,350.321119468727,4.0,10.125,11.0,0.0,0.0,0.0,1.0
2016-04-09,3,1604093,109.938038337504,4.0,10.125,11.0,0.0,0.0,0.0,1.0
2016-04-09,4,1604094,88.7240563710287,4.0,10.125,11.0,0.0,0.0,0.0,1.0
2016-04-09,5,1604095,234.167630912455,4.0,10.125,11.0,0.0,0.0,0.0,1.0
2016-04-10,1,1604101,52.0436407239646,7.0,10.875,13.0,0.0,0.0,0.0,1.0
2016-04-10,2,1604102,396.748147555459,7.0,10.875,13.0,0.0,0.0,0.0,1.0
2016-04-10,3,1604103,129.352661247474,7.0,10.875,13.0,0.0,0.0,0.0,1.0
2016-04-10,4,1604104,188.227432737985,7.0,10.875,13.0,0.0,0.0,0.0,1.0
2016-04-10,5,1604105,244.033068510366,7.0,10.875,13.0,0.0,0.0,0.0,1.0
2016-04-11,1,1604111,123.702699233727,1.0,10.0,15.0,5.0,0.0,0.0,1.0
2016-04-11,2,1604112,266.366625292038,1.0,10.0,15.0,5.0,0.0,0.0,1.0
2016-04-11,3,1604113,108.061463379292,1.0,10.0,15.0,5.0,0.0,0.0,1.0
2016-04-11,4,1604114,63.5917525356622,1.0,10.0,15.0,5.0,0.0,0.0,1.0
2016-04-11,5,1604115,200.384279419303,1.0,10.0,15.0,5.0,0.0,0.0,1.0
2016-04-12,1,1604121,132.521415737209,6.0,8.0,9.0,61.0,0.0,0.0,1.0
2016-04-12,2,1604122,258.442290134172,6.0,8.0,9.0,61.0,0.0,0.0,1.0
2016-04-12,3,1604123,94.4609362964128,6.0,8.0,9.0,61.0,0.0,0.0,1.0
2016-04-12,4,1604124,75.012720073973,6.0,8.0,9.0,61.0,0.0,0.0,1.0
2016-04-12,5,1604125,192.217013566236,6.0,8.0,9.0,61.0,0.0,0.0,1.0
2016-04-13,1,1604131,94.2383228667346,5.0,9.75,11.0,10.0,0.0,0.0,1.0
2016-04-13,2,1604132,264.607767409568,5.0,9.75,11.0,10.0,0.0,0.0,1.0
2016-04-13,3,1604133,103.935299590913,5.0,9.75,11.0,10.0,0.0,0.0,1.0
2016-04-13,4,1604134,68.3800760787528,5.0,9.75,11.0,10.0,0.0,0.0,1.0
2016-04-13,5,1604135,205.053912073887,5.0,9.75,11.0,10.0,0.0,0.0,1.0
2016-04-14,1,1604141,147.451316499508,6.0,10.0,8.0,0.0,0.0,0.0,1.0
2016-04-14,2,1604142,265.260826538153,6.0,10.0,8.0,0.0,0.0,0.0,1.0
2016-04-14,3,1604143,91.246014388283,6.0,10.0,8.0,0.0,0.0,0.0,1.0
2016-04-14,4,1604144,79.6651618752898,6.0,10.0,8.0,0.0,0.0,0.0,1.0
2016-04-14,5,1604145,203.526804979814,6.0,10.0,8.0,0.0,0.0,0.0,1.0
2016-04-15,1,1604151,114.065751428593,7.0,10.625,8.0,61.0,0.0,0.0,1.0
2016-04-15,2,1604152,252.480598904069,7.0,10.625,8.0,61.0,0.0,0.0,1.0
2016-04-15,3,1604153,86.3777902545636,7.0,10.625,8.0,61.0,0.0,0.0,1.0
2016-04-15,4,1604154,85.5021019405904,7.0,10.625,8.0,61.0,0.0,0.0,1.0
2016-04-15,5,1604155,215.677749048544,7.0,10.625,8.0,61.0,0.0,0.0,1.0
2016-04-16,1,1604161,154.36608888434,6.0,12.75,15.0,53.0,0.0,0.0,1.0
2016-04-16,2,1604162,343.737114318693,6.0,12.75,15.0,53.0,0.0,0.0,1.0
2016-04-16,3,1604163,163.804926988699,6.0,12.75,15.0,53.0,0.0,0.0,1.0
2016-04-16,4,1604164,38.0034581066634,6.0,12.75,15.0,53.0,0.0,0.0,1.0
2016-04-16,5,1604165,266.268834875461,6.0,12.75,15.0,53.0,0.0,0.0,1.0
2016-04-17,1,1604171,47.0066493758308,4.0,9.875,19.0,21.0,0.0,0.0,1.0
2016-04-17,2,1604172,414.521614252364,4.0,9.875,19.0,21.0,0.0,0.0,1.0
2016-04-17,3,1604173,151.966394520198,4.0,9.875,19.0,21.0,0.0,0.0,1.0
2016-04-17,4,1604174,128.930716522031,4.0,9.875,19.0,21.0,0.0,0.0,1.0
2016-04-17,5,1604175,252.402052934785,4.0,9.875,19.0,21.0,0.0,0.0,1.0
2016-04-18,1,1604181,118.988739758524,7.0,9.625,16.0,21.0,0.0,0.0,1.0
2016-04-18,2,1604182,278.295779079878,7.0,9.625,16.0,21.0,0.0,0.0,1.0
2016-04-18,3,1604183,80.6868758615905,7.0,9.625,16.0,21.0,0.0,0.0,1.0
2016-04-18,4,1604184,62.1949644291393,7.0,9.625,16.0,21.0,0.0,0.0,1.0
2016-04-18,5,1604185,180.402133751967,7.0,9.625,16.0,21.0,0.0,0.0,1.0
2016-04-19,1,1604191,118.548088668147,5.0,9.5,23.0,21.0,0.0,0.0,1.0
2016-04-19,2,1604192,246.549064599033,5.0,9.5,23.0,21.0,0.0,0.0,1.0
2016-04-19,3,1604193,97.9279177062117,5.0,9.5,23.0,21.0,0.0,0.0,1.0
2016-04-19,4,1604194,58.782468497158,5.0,9.5,23.0,21.0,0.0,0.0,1.0
2016-04-19,5,1604195,222.545920445252,5.0,9.5,23.0,21.0,0.0,0.0,1.0
2016-04-20,1,1604201,97.0075160140583,2.0,10.5,17.0,21.0,0.0,0.0,1.0
2016-04-20,2,1604202,237.679797411646,2.0,10.5,17.0,21.0,0.0,0.0,1.0
2016-04-20,3,1604203,69.0284229573483,2.0,10.5,17.0,21.0,0.0,0.0,1.0
2016-04-20,4,1604204,78.2047969831531,2.0,10.5,17.0,21.0,0.0,0.0,1.0
2016-04-20,5,1604205,218.70012017309,2.0,10.5,17.0,21.0,0.0,0.0,1.0
2016-04-21,1,1604211,162.612344751633,2.0,11.625,16.0,21.0,0.0,0.0,1.0
2016-04-21,2,1604212,275.748854017986,2.0,11.625,16.0,21.0,0.0,0.0,1.0
2016-04-21,3,1604213,92.3729306588041,2.0,11.625,16.0,21.0,0.0,0.0,1.0
2016-04-21,4,1604214,58.4908896568249,2.0,11.625,16.0,21.0,0.0,0.0,1.0
2016-04-21,5,1604215,235.198858641542,2.0,11.625,16.0,21.0,0.0,0.0,1.0
2016-04-22,1,1604221,113.388253179464,5.0,10.5,12.0,21.0,0.0,0.0,1.0
2016-04-22,2,1604222,275.38376345089,5.0,10.5,12.0,21.0,0.0,0.0,1.0
2016-04-22,3,1604223,96.0566519540133,5.0,10.5,12.0,21.0,0.0,0.0,1.0
2016-04-22,4,1604224,68.8249663767415,5.0,10.5,12.0,21.0,0.0,0.0,1.0
2016-04-22,5,1604225,226.361072270193,5.0,10.5,12.0,21.0,0.0,0.0,1.0
2016-04-23,1,1604231,92.1021778355632,3.0,8.875,17.0,21.0,0.0,0.0,1.0
2016-04-23,2,1604232,332.231280619225,3.0,8.875,17.0,21.0,0.0,0.0,1.0
2016-04-23,3,1604233,123.22570358776,3.0,8.875,17.0,21.0,0.0,0.0,1.0
2016-04-23,4,1604234,69.8152946816204,3.0,8.875,17.0,21.0,0.0,0.0,1.0
2016-04-23,5,1604235,342.883589669836,3.0,8.875,17.0,21.0,0.0,0.0,1.0
2016-04-24,1,1604241,75.6222245885521,4.0,5.75,10.0,21.0,0.0,0.0,1.0
2016-04-24,2,1604242,390.150348783304,4.0,5.75,10.0,21.0,0.0,0.0,1.0
2016-04-24,3,1604243,153.324122317668,4.0,5.75,10.0,21.0,0.0,0.0,1.0
2016-04-24,4,1604244,141.716902781412,4.0,5.75,10.0,21.0,0.0,0.0,1.0
2016-04-24,5,1604245,287.878130133696,4.0,5.75,10.0,21.0,0.0,0.0,1.0
2016-04-25,1,1604251,120.296897891865,8.0,4.625,10.0,61.0,0.0,0.0,1.0
2016-04-25,2,1604252,291.664653265081,8.0,4.625,10.0,61.0,0.0,0.0,1.0
2016-04-25,3,1604253,123.274872525649,8.0,4.625,10.0,61.0,0.0,0.0,1.0
2016-04-25,4,1604254,81.5258711901888,8.0,4.625,10.0,61.0,0.0,0.0,1.0
2016-04-25,5,1604255,191.905007576654,8.0,4.625,10.0,61.0,0.0,0.0,1.0
2016-04-26,1,1604261,110.811927318748,7.0,2.5,7.0,75.0,0.0,0.0,1.0
2016-04-26,2,1604262,259.458654116745,7.0,2.5,7.0,75.0,0.0,0.0,1.0
2016-04-26,3,1604263,71.8323573128756,7.0,2.5,7.0,75.0,0.0,0.0,1.0
2016-04-26,4,1604264,49.8838269746306,7.0,2.5,7.0,75.0,0.0,0.0,1.0
2016-04-26,5,1604265,231.386410915795,7.0,2.5,7.0,75.0,0.0,0.0,1.0
2016-04-27,1,1604271,109.900043591409,7.0,4.875,8.0,61.0,0.0,0.0,1.0
2016-04-27,2,1604272,245.398926176158,7.0,4.875,8.0,61.0,0.0,0.0,1.0
2016-04-27,3,1604273,80.8725602170082,7.0,4.875,8.0,61.0,0.0,0.0,1.0
2016-04-27,4,1604274,67.274912956458,7.0,4.875,8.0,61.0,0.0,0.0,1.0
2016-04-27,5,1604275,241.630584610239,7.0,4.875,8.0,61.0,0.0,0.0,1.0
2016-04-28,1,1604281,144.258444140683,6.0,7.5,16.0,61.0,0.0,0.0,1.0
2016-04-28,2,1604282,253.333171941653,6.0,7.5,16.0,61.0,0.0,0.0,1.0
2016-04-28,3,1604283,105.706858808087,6.0,7.5,16.0,61.0,0.0,0.0,1.0
2016-04-28,4,1604284,54.2050183679024,6.0,7.5,16.0,61.0,0.0,0.0,1.0
2016-04-28,5,1604285,233.867524957424,6.0,7.5,16.0,61.0,0.0,0.0,1.0
2016-04-29,1,1604291,141.971140303684,6.0,9.75,13.0,61.0,0.0,0.0,1.0
2016-04-29,2,1604292,303.736923397452,6.0,9.75,13.0,61.0,0.0,0.0,1.0
2016-04-29,3,1604293,82.9419491940788,6.0,9.75,13.0,61.0,0.0,0.0,1.0
2016-04-29,4,1604294,80.6775404303345,6.0,9.75,13.0,61.0,0.0,0.0,1.0
2016-04-29,5,1604295,293.074476816919,6.0,9.75,13.0,61.0,0.0,0.0,1.0
2016-04-30,1,1604301,133.934264874241,8.0,8.0,7.0,61.0,0.0,0.0,1.0
2016-04-30,2,1604302,358.802853523612,8.0,8.0,7.0,61.0,0.0,0.0,1.0
2016-04-30,3,1604303,134.027286218656,8.0,8.0,7.0,61.0,0.0,0.0,1.0
2016-04-30,4,1604304,59.6068804956452,8.0,8.0,7.0,61.0,0.0,0.0,1.0
2016-04-30,5,1604305,334.465117619,8.0,8.0,7.0,61.0,0.0,0.0,1.0
2016-05-01,1,1605011,75.0855680153977,0.0,10.75,9.0,61.0,0.0,0.0,1.0
2016-05-01,2,1605012,482.578324661218,0.0,10.75,9.0,61.0,0.0,0.0,1.0
2016-05-01,3,1605013,223.802785349283,0.0,10.75,9.0,61.0,0.0,0.0,1.0
2016-05-01,4,1605014,160.657021441659,0.0,10.75,9.0,61.0,0.0,0.0,1.0
2016-05-01,5,1605015,378.369798483015,0.0,10.75,9.0,61.0,0.0,0.0,1.0
2016-05-02,1,1605021,80.5343204678304,1.0,17.875,6.0,61.0,0.0,0.0,1.0
2016-05-02,2,1605022,320.995419915468,1.0,17.875,6.0,61.0,0.0,0.0,1.0
2016-05-02,3,1605023,95.4131027318739,1.0,17.875,6.0,61.0,0.0,0.0,1.0
2016-05-02,4,1605024,83.4409378249042,1.0,17.875,6.0,61.0,0.0,0.0,1.0
2016-05-02,5,1605025,227.08493593719,1.0,17.875,6.0,61.0,0.0,0.0,1.0
2016-05-03,1,1605031,121.044237577884,6.0,11.375,15.0,61.0,0.0,0.0,1.0
2016-05-03,2,1605032,289.708731482993,6.0,11.375,15.0,61.0,0.0,0.0,1.0
2016-05-03,3,1605033,78.2337652654008,6.0,11.375,15.0,61.0,0.0,0.0,1.0
2016-05-03,4,1605034,55.7089383505145,6.0,11.375,15.0,61.0,0.0,0.0,1.0
2016-05-03,5,1605035,247.627437648159,6.0,11.375,15.0,61.0,0.0,0.0,1.0
2016-05-04,1,1605041,143.517586627587,1.0,12.375,10.0,61.0,0.0,0.0,1.0
2016-05-04,2,1605042,340.854574986743,1.0,12.375,10.0,61.0,0.0,0.0,1.0
2016-05-04,3,1605043,130.920505347872,1.0,12.375,10.0,61.0,0.0,0.0,1.0
2016-05-04,4,1605044,87.3305739010551,1.0,12.375,10.0,61.0,0.0,0.0,1.0
2016-05-04,5,1605045,228.21188230052,1.0,12.375,10.0,61.0,0.0,0.0,1.0
2016-05-05,1,1605051,63.2181127337263,0.0,15.125,13.0,61.0,0.0,0.0,1.0
2016-05-05,2,1605052,520.85778075021,0.0,15.125,13.0,61.0,0.0,0.0,1.0
2016-05-05,3,1605053,189.486215784858,0.0,15.125,13.0,61.0,0.0,0.0,1.0
2016-05-05,4,1605054,81.4028605555413,0.0,15.125,13.0,61.0,0.0,0.0,1.0
2016-05-05,5,1605055,276.101540361524,0.0,15.125,13.0,61.0,0.0,0.0,1.0
2016-05-06,1,1605061,128.636414764642,0.0,19.0,14.0,61.0,0.0,1.0,1.0
2016-05-06,2,1605062,549.571974612779,0.0,19.0,14.0,61.0,0.0,1.0,1.0
2016-05-06,3,1605063,223.695167377294,0.0,19.0,14.0,61.0,0.0,1.0,1.0
2016-05-06,4,1605064,80.6217653639757,0.0,19.0,14.0,61.0,0.0,1.0,1.0
2016-05-06,5,1605065,263.896205618387,0.0,19.0,14.0,61.0,0.0,1.0,1.0
2016-05-07,1,1605071,130.740469962421,0.0,22.125,12.0,61.0,0.0,0.0,1.0
2016-05-07,2,1605072,513.379310537856,0.0,22.125,12.0,61.0,0.0,0.0,1.0
2016-05-07,3,1605073,234.423968466887,0.0,22.125,12.0,61.0,0.0,0.0,1.0
2016-05-07,4,1605074,115.682643906475,0.0,22.125,12.0,61.0,0.0,0.0,1.0
2016-05-07,5,1605075,283.861298918752,0.0,22.125,12.0,61.0,0.0,0.0,1.0
2016-05-08,1,1605081,70.7536194190359,0.0,21.375,17.0,61.0,0.0,0.0,1.0
2016-05-08,2,1605082,603.774496490781,0.0,21.375,17.0,61.0,0.0,0.0,1.0
2016-05-08,3,1605083,223.450408926695,0.0,21.375,17.0,61.0,0.0,0.0,1.0
2016-05-08,4,1605084,148.75173881877,0.0,21.375,17.0,61.0,0.0,0.0,1.0
2016-05-08,5,1605085,262.509023160781,0.0,21.375,17.0,61.0,0.0,0.0,1.0
2016-05-09,1,1605091,115.102371461682,0.0,19.875,12.0,61.0,0.0,0.0,1.0
2016-05-09,2,1605092,316.234375653089,0.0,19.875,12.0,61.0,0.0,0.0,1.0
2016-05-09,3,1605093,129.465698741399,0.0,19.875,12.0,61.0,0.0,0.0,1.0
2016-05-09,4,1605094,61.9345960971892,0.0,19.875,12.0,61.0,0.0,0.0,1.0
2016-05-09,5,1605095,274.784906816565,0.0,19.875,12.0,61.0,0.0,0.0,1.0
2016-05-10,1,1605101,92.2789261138812,0.0,20.875,14.0,61.0,0.0,0.0,1.0
2016-05-10,2,1605102,305.219598795191,0.0,20.875,14.0,61.0,0.0,0.0,1.0
2016-05-10,3,1605103,72.9835247548076,0.0,20.875,14.0,61.0,0.0,0.0,1.0
2016-05-10,4,1605104,72.8065439260456,0.0,20.875,14.0,61.0,0.0,0.0,1.0
2016-05-10,5,1605105,187.104061213047,0.0,20.875,14.0,61.0,0.0,0.0,1.0
2016-05-11,1,1605111,85.9296410490685,0.0,20.625,15.0,61.0,0.0,0.0,1.0
2016-05-11,2,1605112,309.345908790116,0.0,20.625,15.0,61.0,0.0,0.0,1.0
2016-05-11,3,1605113,141.551854340505,0.0,20.625,15.0,61.0,0.0,0.0,1.0
2016-05-11,4,1605114,83.2552768245152,0.0,20.625,15.0,61.0,0.0,0.0,1.0
2016-05-11,5,1605115,223.186865619855,0.0,20.625,15.0,61.0,0.0,0.0,1.0
2016-05-12,1,1605121,120.372349558473,0.0,15.625,17.0,0.0,0.0,0.0,1.0
2016-05-12,2,1605122,322.631252723179,0.0,15.625,17.0,0.0,0.0,0.0,1.0
2016-05-12,3,1605123,111.749909512964,0.0,15.625,17.0,0.0,0.0,0.0,1.0
2016-05-12,4,1605124,57.7424642829603,0.0,15.625,17.0,0.0,0.0,0.0,1.0
2016-05-12,5,1605125,261.231854050774,0.0,15.625,17.0,0.0,0.0,0.0,1.0
2016-05-13,1,1605131,122.111295888313,2.0,17.5,16.0,65.0,0.0,0.0,1.0
2016-05-13,2,1605132,329.450437716182,2.0,17.5,16.0,65.0,0.0,0.0,1.0
2016-05-13,3,1605133,122.600995902318,2.0,17.5,16.0,65.0,0.0,0.0,1.0
2016-05-13,4,1605134,51.4231465432757,2.0,17.5,16.0,65.0,0.0,0.0,1.0
2016-05-13,5,1605135,210.489080210568,2.0,17.5,16.0,65.0,0.0,0.0,1.0
2016-05-14,1,1605141,163.420994743525,7.0,10.0,14.0,21.0,0.0,0.0,1.0
2016-05-14,2,1605142,451.821867120768,7.0,10.0,14.0,21.0,0.0,0.0,1.0
2016-05-14,3,1605143,222.19069618993,7.0,10.0,14.0,21.0,0.0,0.0,1.0
2016-05-14,4,1605144,130.346005754567,7.0,10.0,14.0,21.0,0.0,0.0,1.0
2016-05-14,5,1605145,334.167716552479,7.0,10.0,14.0,21.0,0.0,0.0,1.0
2016-05-15,1,1605151,45.1928439286054,6.0,9.75,12.0,61.0,0.0,0.0,1.0
2016-05-15,2,1605152,522.220037792634,6.0,9.75,12.0,61.0,0.0,0.0,1.0
2016-05-15,3,1605153,233.964586111884,6.0,9.75,12.0,61.0,0.0,0.0,1.0
2016-05-15,4,1605154,139.225674960842,6.0,9.75,12.0,61.0,0.0,0.0,1.0
2016-05-15,5,1605155,299.755271068588,6.0,9.75,12.0,61.0,0.0,0.0,1.0
2016-05-16,1,1605161,98.0010179281108,5.0,11.25,16.0,61.0,0.0,0.0,1.0
2016-05-16,2,1605162,571.613453642502,5.0,11.25,16.0,61.0,0.0,0.0,1.0
2016-05-16,3,1605163,243.572747061241,5.0,11.25,16.0,61.0,0.0,0.0,1.0
2016-05-16,4,1605164,221.377548769257,5.0,11.25,16.0,61.0,0.0,0.0,1.0
2016-05-16,5,1605165,369.787407124008,5.0,11.25,16.0,61.0,0.0,0.0,1.0
2016-05-17,1,1605171,126.175939525105,7.0,10.75,15.0,21.0,0.0,0.0,1.0
2016-05-17,2,1605172,399.004465280682,7.0,10.75,15.0,21.0,0.0,0.0,1.0
2016-05-17,3,1605173,155.81645216738,7.0,10.75,15.0,21.0,0.0,0.0,1.0
2016-05-17,4,1605174,81.2798661578787,7.0,10.75,15.0,21.0,0.0,0.0,1.0
2016-05-17,5,1605175,253.335093139795,7.0,10.75,15.0,21.0,0.0,0.0,1.0
2016-05-18,1,1605181,124.058397743762,5.0,16.75,7.0,21.0,0.0,0.0,1.0
2016-05-18,2,1605182,374.186876677991,5.0,16.75,7.0,21.0,0.0,0.0,1.0
2016-05-18,3,1605183,112.530997859032,5.0,16.75,7.0,21.0,0.0,0.0,1.0
2016-05-18,4,1605184,52.9852918112855,5.0,16.75,7.0,21.0,0.0,0.0,1.0
2016-05-18,5,1605185,300.098419383684,5.0,16.75,7.0,21.0,0.0,0.0,1.0
2016-05-19,1,1605191,103.539894371924,2.0,19.5,10.0,0.0,0.0,0.0,1.0
2016-05-19,2,1605192,332.185760629374,2.0,19.5,10.0,0.0,0.0,0.0,1.0
2016-05-19,3,1605193,129.892096900825,2.0,19.5,10.0,0.0,0.0,0.0,1.0
2016-05-19,4,1605194,52.2420952260333,2.0,19.5,10.0,0.0,0.0,0.0,1.0
2016-05-19,5,1605195,240.095760787002,2.0,19.5,10.0,0.0,0.0,0.0,1.0
2016-05-20,1,1605201,142.315044989541,8.0,14.75,11.0,61.0,0.0,0.0,1.0
2016-05-20,2,1605202,349.453247646396,8.0,14.75,11.0,61.0,0.0,0.0,1.0
2016-05-20,3,1605203,134.003083415072,8.0,14.75,11.0,61.0,0.0,0.0,1.0
2016-05-20,4,1605204,75.9719358863341,8.0,14.75,11.0,61.0,0.0,0.0,1.0
2016-05-20,5,1605205,293.444856789248,8.0,14.75,11.0,61.0,0.0,0.0,1.0
2016-05-21,1,1605211,134.348751582816,6.0,19.375,9.0,21.0,0.0,0.0,1.0
2016-05-21,2,1605212,417.308630991789,6.0,19.375,9.0,21.0,0.0,0.0,1.0
2016-05-21,3,1605213,175.636694299349,6.0,19.375,9.0,21.0,0.0,0.0,1.0
2016-05-21,4,1605214,96.0857980307046,6.0,19.375,9.0,21.0,0.0,0.0,1.0
2016-05-21,5,1605215,255.045369394965,6.0,19.375,9.0,21.0,0.0,0.0,1.0
2016-05-22,1,1605221,44.0664524465327,1.0,25.0,9.0,21.0,0.0,0.0,1.0
2016-05-22,2,1605222,399.272621728124,1.0,25.0,9.0,21.0,0.0,0.0,1.0
2016-05-22,3,1605223,194.032210815487,1.0,25.0,9.0,21.0,0.0,0.0,1.0
2016-05-22,4,1605224,80.1661906627983,1.0,25.0,9.0,21.0,0.0,0.0,1.0
2016-05-22,5,1605225,296.041738757378,1.0,25.0,9.0,21.0,0.0,0.0,1.0
2016-05-23,1,1605231,92.0461391783152,7.0,15.5,8.0,21.0,0.0,0.0,1.0
2016-05-23,2,1605232,339.099125176726,7.0,15.5,8.0,21.0,0.0,0.0,1.0
2016-05-23,3,1605233,138.761811140948,7.0,15.5,8.0,21.0,0.0,0.0,1.0
2016-05-23,4,1605234,89.2533652735873,7.0,15.5,8.0,21.0,0.0,0.0,1.0
2016-05-23,5,1605235,204.020005721102,7.0,15.5,8.0,21.0,0.0,0.0,1.0
2016-05-24,1,1605241,93.689577938849,8.0,14.25,10.0,21.0,0.0,0.0,1.0
2016-05-24,2,1605242,297.823624960247,8.0,14.25,10.0,21.0,0.0,0.0,1.0
2016-05-24,3,1605243,138.349557509955,8.0,14.25,10.0,21.0,0.0,0.0,1.0
2016-05-24,4,1605244,78.609274068199,8.0,14.25,10.0,21.0,0.0,0.0,1.0
2016-05-24,5,1605245,316.090690822768,8.0,14.25,10.0,21.0,0.0,0.0,1.0
2016-05-25,1,1605251,114.416569643787,7.0,16.5,6.0,20.0,0.0,0.0,1.0
2016-05-25,2,1605252,275.388396878139,7.0,16.5,6.0,20.0,0.0,0.0,1.0
2016-05-25,3,1605253,93.5805022963291,7.0,16.5,6.0,20.0,0.0,0.0,1.0
2016-05-25,4,1605254,,7.0,16.5,6.0,20.0,0.0,0.0,1.0
2016-05-25,5,1605255,273.926983634397,7.0,16.5,6.0,20.0,0.0,0.0,1.0
2016-05-26,1,1605261,118.05896130267,7.0,14.375,6.0,61.0,0.0,0.0,1.0
2016-05-26,2,1605262,382.775874053643,7.0,14.375,6.0,61.0,0.0,0.0,1.0
2016-05-26,3,1605263,107.902859794621,7.0,14.375,6.0,61.0,0.0,0.0,1.0
2016-05-26,4,1605264,72.3213966982085,7.0,14.375,6.0,61.0,0.0,0.0,1.0
2016-05-26,5,1605265,306.994692520119,7.0,14.375,6.0,61.0,0.0,0.0,1.0
2016-05-27,1,1605271,132.359505113365,4.0,15.875,9.0,61.0,0.0,0.0,1.0
2016-05-27,2,1605272,428.082278565753,4.0,15.875,9.0,61.0,0.0,0.0,1.0
2016-05-27,3,1605273,155.749888701697,4.0,15.875,9.0,61.0,0.0,0.0,1.0
2016-05-27,4,1605274,65.4248373651271,4.0,15.875,9.0,61.0,0.0,0.0,1.0
2016-05-27,5,1605275,279.968902943668,4.0,15.875,9.0,61.0,0.0,0.0,1.0
2016-05-28,1,1605281,80.6332169733006,2.0,18.625,11.0,61.0,0.0,0.0,1.0
2016-05-28,2,1605282,475.9291538663,2.0,18.625,11.0,61.0,0.0,0.0,1.0
2016-05-28,3,1605283,247.070837260053,2.0,18.625,11.0,61.0,0.0,0.0,1.0
2016-05-28,4,1605284,76.5294267925852,2.0,18.625,11.0,61.0,0.0,0.0,1.0
2016-05-28,5,1605285,294.457886340941,2.0,18.625,11.0,61.0,0.0,0.0,1.0
2016-05-29,1,1605291,62.5013270429653,6.0,17.0,13.0,21.0,0.0,0.0,1.0
2016-05-29,2,1605292,536.394778519185,6.0,17.0,13.0,21.0,0.0,0.0,1.0
2016-05-29,3,1605293,201.949752631363,6.0,17.0,13.0,21.0,0.0,0.0,1.0
2016-05-29,4,1605294,90.7002124652669,6.0,17.0,13.0,21.0,0.0,0.0,1.0
2016-05-29,5,1605295,277.89686472884,6.0,17.0,13.0,21.0,0.0,0.0,1.0
2016-05-30,1,1605301,134.578807812252,4.0,20.25,17.0,0.0,0.0,0.0,1.0
2016-05-30,2,1605302,352.200537133603,4.0,20.25,17.0,0.0,0.0,0.0,1.0
2016-05-30,3,1605303,107.195033511458,4.0,20.25,17.0,0.0,0.0,0.0,1.0
2016-05-30,4,1605304,46.1588204422771,4.0,20.25,17.0,0.0,0.0,0.0,1.0
2016-05-30,5,1605305,195.145975861705,4.0,20.25,17.0,0.0,0.0,0.0,1.0
2016-05-31,1,1605311,98.9116462513412,1.0,20.625,13.0,0.0,0.0,0.0,1.0
2016-05-31,2,1605312,336.967608768399,1.0,20.625,13.0,0.0,0.0,0.0,1.0
2016-05-31,3,1605313,75.1225395305266,1.0,20.625,13.0,0.0,0.0,0.0,1.0
2016-05-31,4,1605314,61.3400167427931,1.0,20.625,13.0,0.0,0.0,0.0,1.0
2016-05-31,5,1605315,240.708335993542,1.0,20.625,13.0,0.0,0.0,0.0,1.0
2016-06-01,1,1606011,89.3200184546117,4.0,21.75,16.0,0.0,0.0,0.0,1.0
2016-06-01,2,1606012,329.675592570305,4.0,21.75,16.0,0.0,0.0,0.0,1.0
2016-06-01,3,1606013,102.647483208157,4.0,21.75,16.0,0.0,0.0,0.0,1.0
2016-06-01,4,1606014,59.0983926556418,4.0,21.75,16.0,0.0,0.0,0.0,1.0
2016-06-01,5,1606015,238.874878564477,4.0,21.75,16.0,0.0,0.0,0.0,1.0
2016-06-02,1,1606021,118.366755856865,1.0,21.5,13.0,0.0,0.0,0.0,1.0
2016-06-02,2,1606022,300.201116439216,1.0,21.5,13.0,0.0,0.0,0.0,1.0
2016-06-02,3,1606023,81.0016777964952,1.0,21.5,13.0,0.0,0.0,0.0,1.0
2016-06-02,4,1606024,37.2058034570491,1.0,21.5,13.0,0.0,0.0,0.0,1.0
2016-06-02,5,1606025,199.261549459602,1.0,21.5,13.0,0.0,0.0,0.0,1.0
2016-06-03,1,1606031,126.172805594165,0.0,21.875,10.0,0.0,0.0,0.0,1.0
2016-06-03,2,1606032,360.161707281065,0.0,21.875,10.0,0.0,0.0,0.0,1.0
2016-06-03,3,1606033,119.434613145659,0.0,21.875,10.0,0.0,0.0,0.0,1.0
2016-06-03,4,1606034,51.8363150051648,0.0,21.875,10.0,0.0,0.0,0.0,1.0
2016-06-03,5,1606035,238.069027357063,0.0,21.875,10.0,0.0,0.0,0.0,1.0
2016-06-04,1,1606041,129.472695112237,0.0,24.5,7.0,0.0,0.0,0.0,1.0
2016-06-04,2,1606042,484.977536743856,0.0,24.5,7.0,0.0,0.0,0.0,1.0
2016-06-04,3,1606043,186.288225946355,0.0,24.5,7.0,0.0,0.0,0.0,1.0
2016-06-04,4,1606044,57.2654149279438,0.0,24.5,7.0,0.0,0.0,0.0,1.0
2016-06-04,5,1606045,271.288580060918,0.0,24.5,7.0,0.0,0.0,0.0,1.0
2016-06-05,1,1606051,56.1643884923837,0.0,25.25,9.0,0.0,0.0,0.0,1.0
2016-06-05,2,1606052,505.183025938884,0.0,25.25,9.0,0.0,0.0,0.0,1.0
2016-06-05,3,1606053,204.02382551188,0.0,25.25,9.0,0.0,0.0,0.0,1.0
2016-06-05,4,1606054,45.1860403248197,0.0,25.25,9.0,0.0,0.0,0.0,1.0
2016-06-05,5,1606055,256.832310845058,0.0,25.25,9.0,0.0,0.0,0.0,1.0
2016-06-06,1,1606061,96.630281826456,1.0,22.875,15.0,0.0,0.0,0.0,1.0
2016-06-06,2,1606062,336.086485363912,1.0,22.875,15.0,0.0,0.0,0.0,1.0
2016-06-06,3,1606063,114.794611851092,1.0,22.875,15.0,0.0,0.0,0.0,1.0
2016-06-06,4,1606064,86.3767620382784,1.0,22.875,15.0,0.0,0.0,0.0,1.0
2016-06-06,5,1606065,216.759609655745,1.0,22.875,15.0,0.0,0.0,0.0,1.0
2016-06-07,1,1606071,120.649972381176,1.0,25.375,8.0,0.0,0.0,0.0,1.0
2016-06-07,2,1606072,335.422218343796,1.0,25.375,8.0,0.0,0.0,0.0,1.0
2016-06-07,3,1606073,111.50908281886,1.0,25.375,8.0,0.0,0.0,0.0,1.0
2016-06-07,4,1606074,43.99793554589,1.0,25.375,8.0,0.0,0.0,0.0,1.0
2016-06-07,5,1606075,217.129143633598,1.0,25.375,8.0,0.0,0.0,0.0,1.0
2016-06-08,1,1606081,90.3183766916616,4.0,18.875,13.0,0.0,0.0,0.0,1.0
2016-06-08,2,1606082,359.982420677576,4.0,18.875,13.0,0.0,0.0,0.0,1.0
2016-06-08,3,1606083,139.4508539836,4.0,18.875,13.0,0.0,0.0,0.0,1.0
2016-06-08,4,1606084,51.9570899928825,4.0,18.875,13.0,0.0,0.0,0.0,1.0
2016-06-08,5,1606085,262.71371647043,4.0,18.875,13.0,0.0,0.0,0.0,1.0
2016-06-09,1,1606091,176.623705667701,1.0,19.5,16.0,0.0,0.0,0.0,1.0
2016-06-09,2,1606092,346.890563142984,1.0,19.5,16.0,0.0,0.0,0.0,1.0
2016-06-09,3,1606093,114.020491132883,1.0,19.5,16.0,0.0,0.0,0.0,1.0
2016-06-09,4,1606094,66.887982554122,1.0,19.5,16.0,0.0,0.0,0.0,1.0
2016-06-09,5,1606095,249.999409610005,1.0,19.5,16.0,0.0,0.0,0.0,1.0
2016-06-10,1,1606101,138.780097990443,3.0,18.125,13.0,0.0,0.0,0.0,1.0
2016-06-10,2,1606102,382.462286135426,3.0,18.125,13.0,0.0,0.0,0.0,1.0
2016-06-10,3,1606103,129.407445698529,3.0,18.125,13.0,0.0,0.0,0.0,1.0
2016-06-10,4,1606104,68.2876939117703,3.0,18.125,13.0,0.0,0.0,0.0,1.0
2016-06-10,5,1606105,285.017546235919,3.0,18.125,13.0,0.0,0.0,0.0,1.0
2016-06-11,1,1606111,146.289691920675,0.0,17.375,12.0,0.0,0.0,0.0,1.0
2016-06-11,2,1606112,411.583071431955,0.0,17.375,12.0,0.0,0.0,0.0,1.0
2016-06-11,3,1606113,228.439799511311,0.0,17.375,12.0,0.0,0.0,0.0,1.0
2016-06-11,4,1606114,55.4792680331453,0.0,17.375,12.0,0.0,0.0,0.0,1.0
2016-06-11,5,1606115,293.050249013025,0.0,17.375,12.0,0.0,0.0,0.0,1.0
2016-06-12,1,1606121,41.3202517417741,7.0,13.875,7.0,61.0,0.0,0.0,1.0
2016-06-12,2,1606122,493.709599656085,7.0,13.875,7.0,61.0,0.0,0.0,1.0
2016-06-12,3,1606123,207.792906901658,7.0,13.875,7.0,61.0,0.0,0.0,1.0
2016-06-12,4,1606124,80.3694002108207,7.0,13.875,7.0,61.0,0.0,0.0,1.0
2016-06-12,5,1606125,314.20621685246,7.0,13.875,7.0,61.0,0.0,0.0,1.0
2016-06-13,1,1606131,157.032598847473,7.0,15.25,11.0,63.0,0.0,0.0,1.0
2016-06-13,2,1606132,321.713222457414,7.0,15.25,11.0,63.0,0.0,0.0,1.0
2016-06-13,3,1606133,141.781000615203,7.0,15.25,11.0,63.0,0.0,0.0,1.0
2016-06-13,4,1606134,63.9264043023185,7.0,15.25,11.0,63.0,0.0,0.0,1.0
2016-06-13,5,1606135,209.321894690829,7.0,15.25,11.0,63.0,0.0,0.0,1.0
2016-06-14,1,1606141,119.96846203145,7.0,16.5,8.0,61.0,0.0,0.0,1.0
2016-06-14,2,1606142,306.10547510178,7.0,16.5,8.0,61.0,0.0,0.0,1.0
2016-06-14,3,1606143,100.912492228875,7.0,16.5,8.0,61.0,0.0,0.0,1.0
2016-06-14,4,1606144,93.2936243715596,7.0,16.5,8.0,61.0,0.0,0.0,1.0
2016-06-14,5,1606145,213.187533623518,7.0,16.5,8.0,61.0,0.0,0.0,1.0
2016-06-15,1,1606151,98.597982186145,6.0,18.25,8.0,95.0,0.0,0.0,1.0
2016-06-15,2,1606152,279.035829075679,6.0,18.25,8.0,95.0,0.0,0.0,1.0
2016-06-15,3,1606153,110.978634293169,6.0,18.25,8.0,95.0,0.0,0.0,1.0
2016-06-15,4,1606154,54.5981574004444,6.0,18.25,8.0,95.0,0.0,0.0,1.0
2016-06-15,5,1606155,234.728412152859,6.0,18.25,8.0,95.0,0.0,0.0,1.0
2016-06-16,1,1606161,132.226336008048,6.0,18.25,7.0,63.0,0.0,0.0,1.0
2016-06-16,2,1606162,305.679673037153,6.0,18.25,7.0,63.0,0.0,0.0,1.0
2016-06-16,3,1606163,86.6321388895877,6.0,18.25,7.0,63.0,0.0,0.0,1.0
2016-06-16,4,1606164,69.769016334118,6.0,18.25,7.0,63.0,0.0,0.0,1.0
2016-06-16,5,1606165,253.821100241294,6.0,18.25,7.0,63.0,0.0,0.0,1.0
2016-06-17,1,1606171,96.4894878589786,6.0,18.125,10.0,21.0,0.0,0.0,1.0
2016-06-17,2,1606172,349.831794411109,6.0,18.125,10.0,21.0,0.0,0.0,1.0
2016-06-17,3,1606173,111.578949303683,6.0,18.125,10.0,21.0,0.0,0.0,1.0
2016-06-17,4,1606174,76.7473988954117,6.0,18.125,10.0,21.0,0.0,0.0,1.0
2016-06-17,5,1606175,251.67982231829,6.0,18.125,10.0,21.0,0.0,0.0,1.0
2016-06-18,1,1606181,178.053503357419,6.0,18.0,12.0,21.0,1.0,0.0,1.0
2016-06-18,2,1606182,455.115566690297,6.0,18.0,12.0,21.0,1.0,0.0,1.0
2016-06-18,3,1606183,210.995958062752,6.0,18.0,12.0,21.0,1.0,0.0,1.0
2016-06-18,4,1606184,74.0956742931782,6.0,18.0,12.0,21.0,1.0,0.0,1.0
2016-06-18,5,1606185,297.196176882937,6.0,18.0,12.0,21.0,1.0,0.0,1.0
2016-06-19,1,1606191,47.3015501376727,7.0,16.0,14.0,21.0,1.0,0.0,1.0
2016-06-19,2,1606192,515.510722561944,7.0,16.0,14.0,21.0,1.0,0.0,1.0
2016-06-19,3,1606193,221.472814024848,7.0,16.0,14.0,21.0,1.0,0.0,1.0
2016-06-19,4,1606194,157.876050195996,7.0,16.0,14.0,21.0,1.0,0.0,1.0
2016-06-19,5,1606195,258.683021783885,7.0,16.0,14.0,21.0,1.0,0.0,1.0
2016-06-20,1,1606201,154.234328655126,4.0,20.875,10.0,61.0,1.0,0.0,1.0
2016-06-20,2,1606202,414.129888774016,4.0,20.875,10.0,61.0,1.0,0.0,1.0
2016-06-20,3,1606203,160.366420638134,4.0,20.875,10.0,61.0,1.0,0.0,1.0
2016-06-20,4,1606204,80.4346390087438,4.0,20.875,10.0,61.0,1.0,0.0,1.0
2016-06-20,5,1606205,261.929083791593,4.0,20.875,10.0,61.0,1.0,0.0,1.0
2016-06-21,1,1606211,122.723468787436,4.0,19.875,9.0,61.0,1.0,0.0,1.0
2016-06-21,2,1606212,390.81874030213,4.0,19.875,9.0,61.0,1.0,0.0,1.0
2016-06-21,3,1606213,147.991076622665,4.0,19.875,9.0,61.0,1.0,0.0,1.0
2016-06-21,4,1606214,75.1865037322638,4.0,19.875,9.0,61.0,1.0,0.0,1.0
2016-06-21,5,1606215,250.953444723129,4.0,19.875,9.0,61.0,1.0,0.0,1.0
2016-06-22,1,1606221,98.8851882321757,5.0,22.125,9.0,61.0,1.0,0.0,1.0
2016-06-22,2,1606222,437.625292013129,5.0,22.125,9.0,61.0,1.0,0.0,1.0
2016-06-22,3,1606223,132.946056097799,5.0,22.125,9.0,61.0,1.0,0.0,1.0
2016-06-22,4,1606224,46.4521045149254,5.0,22.125,9.0,61.0,1.0,0.0,1.0
2016-06-22,5,1606225,245.204941108968,5.0,22.125,9.0,61.0,1.0,0.0,1.0
2016-06-23,1,1606231,159.229870584471,5.0,27.875,8.0,61.0,1.0,0.0,1.0
2016-06-23,2,1606232,444.85642620105,5.0,27.875,8.0,61.0,1.0,0.0,1.0
2016-06-23,3,1606233,161.58432145411,5.0,27.875,8.0,61.0,1.0,0.0,1.0
2016-06-23,4,1606234,77.5616208592352,5.0,27.875,8.0,61.0,1.0,0.0,1.0
2016-06-23,5,1606235,231.264672708937,5.0,27.875,8.0,61.0,1.0,0.0,1.0
2016-06-24,1,1606241,146.028836187358,5.0,24.125,9.0,61.0,1.0,0.0,1.0
2016-06-24,2,1606242,504.789708077128,5.0,24.125,9.0,61.0,1.0,0.0,1.0
2016-06-24,3,1606243,161.274225315318,5.0,24.125,9.0,61.0,1.0,0.0,1.0
2016-06-24,4,1606244,,5.0,24.125,9.0,61.0,1.0,0.0,1.0
2016-06-24,5,1606245,241.758175059788,5.0,24.125,9.0,61.0,1.0,0.0,1.0
2016-06-25,1,1606251,160.675602624552,7.0,18.25,14.0,95.0,1.0,0.0,1.0
2016-06-25,2,1606252,770.940264429072,7.0,18.25,14.0,95.0,1.0,0.0,1.0
2016-06-25,3,1606253,330.478660501536,7.0,18.25,14.0,95.0,1.0,0.0,1.0
2016-06-25,4,1606254,80.143148747234,7.0,18.25,14.0,95.0,1.0,0.0,1.0
2016-06-25,5,1606255,402.98066537422,7.0,18.25,14.0,95.0,1.0,0.0,1.0
2016-06-26,1,1606261,70.9661977461169,5.0,19.25,11.0,0.0,1.0,0.0,1.0
2016-06-26,2,1606262,673.058408685448,5.0,19.25,11.0,0.0,1.0,0.0,1.0
2016-06-26,3,1606263,240.674329382729,5.0,19.25,11.0,0.0,1.0,0.0,1.0
2016-06-26,4,1606264,103.99952080863,5.0,19.25,11.0,0.0,1.0,0.0,1.0
2016-06-26,5,1606265,265.456146687391,5.0,19.25,11.0,0.0,1.0,0.0,1.0
2016-06-27,1,1606271,163.747099559984,7.0,19.375,10.0,61.0,0.0,0.0,1.0
2016-06-27,2,1606272,457.726032088298,7.0,19.375,10.0,61.0,0.0,0.0,1.0
2016-06-27,3,1606273,145.138260293234,7.0,19.375,10.0,61.0,0.0,0.0,1.0
2016-06-27,4,1606274,107.191517706417,7.0,19.375,10.0,61.0,0.0,0.0,1.0
2016-06-27,5,1606275,298.562972536535,7.0,19.375,10.0,61.0,0.0,0.0,1.0
2016-06-28,1,1606281,120.494624396019,4.0,18.375,11.0,21.0,0.0,0.0,1.0
2016-06-28,2,1606282,402.680603677028,4.0,18.375,11.0,21.0,0.0,0.0,1.0
2016-06-28,3,1606283,161.869224113387,4.0,18.375,11.0,21.0,0.0,0.0,1.0
2016-06-28,4,1606284,73.4591715957405,4.0,18.375,11.0,21.0,0.0,0.0,1.0
2016-06-28,5,1606285,252.926576515592,4.0,18.375,11.0,21.0,0.0,0.0,1.0
2016-06-29,1,1606291,115.226044727455,5.0,18.75,9.0,21.0,0.0,0.0,1.0
2016-06-29,2,1606292,370.9905058322,5.0,18.75,9.0,21.0,0.0,0.0,1.0
2016-06-29,3,1606293,138.086225716019,5.0,18.75,9.0,21.0,0.0,0.0,1.0
2016-06-29,4,1606294,66.8612519384528,5.0,18.75,9.0,21.0,0.0,0.0,1.0
2016-06-29,5,1606295,243.967227468166,5.0,18.75,9.0,21.0,0.0,0.0,1.0
2016-06-30,1,1606301,165.845034983749,7.0,18.25,9.0,61.0,0.0,0.0,1.0
2016-06-30,2,1606302,402.024053504751,7.0,18.25,9.0,61.0,0.0,0.0,1.0
2016-06-30,3,1606303,136.640373498376,7.0,18.25,9.0,61.0,0.0,0.0,1.0
2016-06-30,4,1606304,92.1728235227327,7.0,18.25,9.0,61.0,0.0,0.0,1.0
2016-06-30,5,1606305,311.537619327288,7.0,18.25,9.0,61.0,0.0,0.0,1.0
2016-07-01,1,1607011,114.432331782581,8.0,19.25,7.0,63.0,0.0,0.0,1.0
2016-07-01,2,1607012,359.955266934243,8.0,19.25,7.0,63.0,0.0,0.0,1.0
2016-07-01,3,1607013,148.845304362305,8.0,19.25,7.0,63.0,0.0,0.0,1.0
2016-07-01,4,1607014,62.7855301488184,8.0,19.25,7.0,63.0,0.0,0.0,1.0
2016-07-01,5,1607015,232.632716648263,8.0,19.25,7.0,63.0,0.0,0.0,1.0
2016-07-02,1,1607021,151.530588705805,7.0,15.625,12.0,61.0,0.0,0.0,1.0
2016-07-02,2,1607022,458.046656207515,7.0,15.625,12.0,61.0,0.0,0.0,1.0
2016-07-02,3,1607023,235.678451999105,7.0,15.625,12.0,61.0,0.0,0.0,1.0
2016-07-02,4,1607024,88.2706160555416,7.0,15.625,12.0,61.0,0.0,0.0,1.0
2016-07-02,5,1607025,321.441200567339,7.0,15.625,12.0,61.0,0.0,0.0,1.0
2016-07-03,1,1607031,69.2208725565689,4.0,17.125,12.0,61.0,0.0,0.0,1.0
2016-07-03,2,1607032,549.801708096745,4.0,17.125,12.0,61.0,0.0,0.0,1.0
2016-07-03,3,1607033,198.57572478932,4.0,17.125,12.0,61.0,0.0,0.0,1.0
2016-07-03,4,1607034,95.2489280277311,4.0,17.125,12.0,61.0,0.0,0.0,1.0
2016-07-03,5,1607035,318.000500433358,4.0,17.125,12.0,61.0,0.0,0.0,1.0
2016-07-04,1,1607041,162.311728521353,6.0,17.25,10.0,61.0,0.0,0.0,1.0
2016-07-04,2,1607042,366.052910892549,6.0,17.25,10.0,61.0,0.0,0.0,1.0
2016-07-04,3,1607043,101.501372957599,6.0,17.25,10.0,61.0,0.0,0.0,1.0
2016-07-04,4,1607044,101.911143347065,6.0,17.25,10.0,61.0,0.0,0.0,1.0
2016-07-04,5,1607045,240.331730033711,6.0,17.25,10.0,61.0,0.0,0.0,1.0
2016-07-05,1,1607051,99.5359318621793,7.0,17.125,10.0,95.0,0.0,0.0,1.0
2016-07-05,2,1607052,390.290376373584,7.0,17.125,10.0,95.0,0.0,0.0,1.0
2016-07-05,3,1607053,139.603404199373,7.0,17.125,10.0,95.0,0.0,0.0,1.0
2016-07-05,4,1607054,86.0515939532622,7.0,17.125,10.0,95.0,0.0,0.0,1.0
2016-07-05,5,1607055,259.847648449434,7.0,17.125,10.0,95.0,0.0,0.0,1.0
2016-07-06,1,1607061,108.94000089499,5.0,16.5,22.0,21.0,0.0,0.0,1.0
2016-07-06,2,1607062,423.119096446191,5.0,16.5,22.0,21.0,0.0,0.0,1.0
2016-07-06,3,1607063,164.349099555347,5.0,16.5,22.0,21.0,0.0,0.0,1.0
2016-07-06,4,1607064,79.3752874106993,5.0,16.5,22.0,21.0,0.0,0.0,1.0
2016-07-06,5,1607065,319.444668795495,5.0,16.5,22.0,21.0,0.0,0.0,1.0
2016-07-07,1,1607071,,6.0,18.25,11.0,21.0,0.0,0.0,1.0
2016-07-07,2,1607072,,6.0,18.25,11.0,21.0,0.0,0.0,1.0
2016-07-07,3,1607073,,6.0,18.25,11.0,21.0,0.0,0.0,1.0
2016-07-07,4,1607074,,6.0,18.25,11.0,21.0,0.0,0.0,1.0
2016-07-07,5,1607075,,6.0,18.25,11.0,21.0,0.0,0.0,1.0
2016-07-08,1,1607081,127.247931501737,6.0,19.125,8.0,63.0,0.0,0.0,1.0
2016-07-08,2,1607082,406.844268769529,6.0,19.125,8.0,63.0,0.0,0.0,1.0
2016-07-08,3,1607083,157.876878826052,6.0,19.125,8.0,63.0,0.0,0.0,1.0
2016-07-08,4,1607084,58.1943167192438,6.0,19.125,8.0,63.0,0.0,0.0,1.0
2016-07-08,5,1607085,267.526274034685,6.0,19.125,8.0,63.0,0.0,0.0,1.0
2016-07-09,1,1607091,115.811353583804,5.0,19.125,12.0,63.0,0.0,0.0,1.0
2016-07-09,2,1607092,411.184304372527,5.0,19.125,12.0,63.0,0.0,0.0,1.0
2016-07-09,3,1607093,246.879387896932,5.0,19.125,12.0,63.0,0.0,0.0,1.0
2016-07-09,4,1607094,86.9784943488394,5.0,19.125,12.0,63.0,0.0,0.0,1.0
2016-07-09,5,1607095,284.624833801229,5.0,19.125,12.0,63.0,0.0,0.0,1.0
2016-07-10,1,1607101,74.7486671975863,6.0,24.125,8.0,63.0,0.0,0.0,1.0
2016-07-10,2,1607102,603.862275871903,6.0,24.125,8.0,63.0,0.0,0.0,1.0
2016-07-10,3,1607103,216.585703890106,6.0,24.125,8.0,63.0,0.0,0.0,1.0
2016-07-10,4,1607104,83.9455394230727,6.0,24.125,8.0,63.0,0.0,0.0,1.0
2016-07-10,5,1607105,245.910421326878,6.0,24.125,8.0,63.0,0.0,0.0,1.0
2016-07-11,1,1607111,143.298039553454,6.0,20.0,13.0,21.0,0.0,0.0,1.0
2016-07-11,2,1607112,434.120775058025,6.0,20.0,13.0,21.0,0.0,0.0,1.0
2016-07-11,3,1607113,179.278876112019,6.0,20.0,13.0,21.0,0.0,0.0,1.0
2016-07-11,4,1607114,91.077958457133,6.0,20.0,13.0,21.0,0.0,0.0,1.0
2016-07-11,5,1607115,270.433745249298,6.0,20.0,13.0,21.0,0.0,0.0,1.0
2016-07-12,1,1607121,98.8521437980355,4.0,19.125,14.0,95.0,0.0,0.0,1.0
2016-07-12,2,1607122,442.540104956313,4.0,19.125,14.0,95.0,0.0,0.0,1.0
2016-07-12,3,1607123,170.230875748386,4.0,19.125,14.0,95.0,0.0,0.0,1.0
2016-07-12,4,1607124,73.8039993112344,4.0,19.125,14.0,95.0,0.0,0.0,1.0
2016-07-12,5,1607125,272.36578046547,4.0,19.125,14.0,95.0,0.0,0.0,1.0
2016-07-13,1,1607131,136.905968374288,6.0,16.375,6.0,63.0,0.0,0.0,1.0
2016-07-13,2,1607132,441.154248420539,6.0,16.375,6.0,63.0,0.0,0.0,1.0
2016-07-13,3,1607133,179.907364672447,6.0,16.375,6.0,63.0,0.0,0.0,1.0
2016-07-13,4,1607134,84.1771092914222,6.0,16.375,6.0,63.0,0.0,0.0,1.0
2016-07-13,5,1607135,290.707275954792,6.0,16.375,6.0,63.0,0.0,0.0,1.0
2016-07-14,1,1607141,116.126177275812,7.0,16.375,12.0,53.0,0.0,0.0,1.0
2016-07-14,2,1607142,477.904668200072,7.0,16.375,12.0,53.0,0.0,0.0,1.0
2016-07-14,3,1607143,218.801690747843,7.0,16.375,12.0,53.0,0.0,0.0,1.0
2016-07-14,4,1607144,76.9007014863421,7.0,16.375,12.0,53.0,0.0,0.0,1.0
2016-07-14,5,1607145,247.413234215067,7.0,16.375,12.0,53.0,0.0,0.0,1.0
2016-07-15,1,1607151,132.699943835378,7.0,17.0,16.0,61.0,0.0,0.0,1.0
2016-07-15,2,1607152,455.61544571849,7.0,17.0,16.0,61.0,0.0,0.0,1.0
2016-07-15,3,1607153,188.310124766528,7.0,17.0,16.0,61.0,0.0,0.0,1.0
2016-07-15,4,1607154,72.6228540742141,7.0,17.0,16.0,61.0,0.0,0.0,1.0
2016-07-15,5,1607155,245.296127530325,7.0,17.0,16.0,61.0,0.0,0.0,1.0
2016-07-16,1,1607161,157.221628294765,7.0,18.0,10.0,61.0,0.0,0.0,1.0
2016-07-16,2,1607162,501.587558806011,7.0,18.0,10.0,61.0,0.0,0.0,1.0
2016-07-16,3,1607163,223.292333174144,7.0,18.0,10.0,61.0,0.0,0.0,1.0
2016-07-16,4,1607164,90.2587400459239,7.0,18.0,10.0,61.0,0.0,0.0,1.0
2016-07-16,5,1607165,341.719175136899,7.0,18.0,10.0,61.0,0.0,0.0,1.0
2016-07-17,1,1607171,42.885878239169,7.0,17.25,9.0,61.0,0.0,0.0,1.0
2016-07-17,2,1607172,666.527946705603,7.0,17.25,9.0,61.0,0.0,0.0,1.0
2016-07-17,3,1607173,240.984092016883,7.0,17.25,9.0,61.0,0.0,0.0,1.0
2016-07-17,4,1607174,125.628666013292,7.0,17.25,9.0,61.0,0.0,0.0,1.0
2016-07-17,5,1607175,297.654915440869,7.0,17.25,9.0,61.0,0.0,0.0,1.0
2016-07-18,1,1607181,,7.0,18.5,15.0,21.0,0.0,0.0,1.0
2016-07-18,2,1607182,,7.0,18.5,15.0,21.0,0.0,0.0,1.0
2016-07-18,3,1607183,,7.0,18.5,15.0,21.0,0.0,0.0,1.0
2016-07-18,4,1607184,,7.0,18.5,15.0,21.0,0.0,0.0,1.0
2016-07-18,5,1607185,,7.0,18.5,15.0,21.0,0.0,0.0,1.0
2016-07-19,1,1607191,110.715440210892,6.0,22.375,12.0,20.0,0.0,0.0,1.0
2016-07-19,2,1607192,498.531530465481,6.0,22.375,12.0,20.0,0.0,0.0,1.0
2016-07-19,3,1607193,231.302041791688,6.0,22.375,12.0,20.0,0.0,0.0,1.0
2016-07-19,4,1607194,71.2844713341653,6.0,22.375,12.0,20.0,0.0,0.0,1.0
2016-07-19,5,1607195,302.794519563702,6.0,22.375,12.0,20.0,0.0,0.0,1.0
2016-07-20,1,1607201,104.132660811651,0.0,26.0,9.0,20.0,0.0,0.0,1.0
2016-07-20,2,1607202,504.911090771417,0.0,26.0,9.0,20.0,0.0,0.0,1.0
2016-07-20,3,1607203,225.94725477004,0.0,26.0,9.0,20.0,0.0,0.0,1.0
2016-07-20,4,1607204,61.3250234967134,0.0,26.0,9.0,20.0,0.0,0.0,1.0
2016-07-20,5,1607205,252.185377063924,0.0,26.0,9.0,20.0,0.0,0.0,1.0
2016-07-21,1,1607211,131.784060768095,3.0,25.875,8.0,20.0,0.0,0.0,1.0
2016-07-21,2,1607212,518.05696353344,3.0,25.875,8.0,20.0,0.0,0.0,1.0
2016-07-21,3,1607213,214.795915124578,3.0,25.875,8.0,20.0,0.0,0.0,1.0
2016-07-21,4,1607214,63.4082712114498,3.0,25.875,8.0,20.0,0.0,0.0,1.0
2016-07-21,5,1607215,225.139755159581,3.0,25.875,8.0,20.0,0.0,0.0,1.0
2016-07-22,1,1607221,113.407010430872,3.0,26.0,6.0,21.0,0.0,0.0,1.0
2016-07-22,2,1607222,552.606019978418,3.0,26.0,6.0,21.0,0.0,0.0,1.0
2016-07-22,3,1607223,218.193724524142,3.0,26.0,6.0,21.0,0.0,0.0,1.0
2016-07-22,4,1607224,67.2432132039071,3.0,26.0,6.0,21.0,0.0,0.0,1.0
2016-07-22,5,1607225,244.492833798335,3.0,26.0,6.0,21.0,0.0,0.0,1.0
2016-07-23,1,1607231,146.464945803733,3.0,25.375,9.0,21.0,0.0,0.0,1.0
2016-07-23,2,1607232,649.673625708709,3.0,25.375,9.0,21.0,0.0,0.0,1.0
2016-07-23,3,1607233,300.402606623953,3.0,25.375,9.0,21.0,0.0,0.0,1.0
2016-07-23,4,1607234,65.999671907614,3.0,25.375,9.0,21.0,0.0,0.0,1.0
2016-07-23,5,1607235,305.545406478361,3.0,25.375,9.0,21.0,0.0,0.0,1.0
2016-07-24,1,1607241,92.7879182201905,0.0,25.25,10.0,21.0,0.0,0.0,1.0
2016-07-24,2,1607242,642.671545332675,0.0,25.25,10.0,21.0,0.0,0.0,1.0
2016-07-24,3,1607243,257.179272866847,0.0,25.25,10.0,21.0,0.0,0.0,1.0
2016-07-24,4,1607244,115.411820114704,0.0,25.25,10.0,21.0,0.0,0.0,1.0
2016-07-24,5,1607245,301.446918150668,0.0,25.25,10.0,21.0,0.0,0.0,1.0
2016-07-25,1,1607251,185.227061025517,4.0,25.375,7.0,95.0,0.0,1.0,1.0
2016-07-25,2,1607252,578.144391563216,4.0,25.375,7.0,95.0,0.0,1.0,1.0
2016-07-25,3,1607253,282.729423408297,4.0,25.375,7.0,95.0,0.0,1.0,1.0
2016-07-25,4,1607254,94.6517709663234,4.0,25.375,7.0,95.0,0.0,1.0,1.0
2016-07-25,5,1607255,270.80285258066,4.0,25.375,7.0,95.0,0.0,1.0,1.0
2016-07-26,1,1607261,192.381770532513,3.0,21.875,9.0,20.0,0.0,1.0,1.0
2016-07-26,2,1607262,591.405293925478,3.0,21.875,9.0,20.0,0.0,1.0,1.0
2016-07-26,3,1607263,311.186206266119,3.0,21.875,9.0,20.0,0.0,1.0,1.0
2016-07-26,4,1607264,,3.0,21.875,9.0,20.0,0.0,1.0,1.0
2016-07-26,5,1607265,347.147613190373,3.0,21.875,9.0,20.0,0.0,1.0,1.0
2016-07-27,1,1607271,159.997122537331,4.0,21.375,6.0,20.0,0.0,1.0,1.0
2016-07-27,2,1607272,599.470800802549,4.0,21.375,6.0,20.0,0.0,1.0,1.0
2016-07-27,3,1607273,296.787317629001,4.0,21.375,6.0,20.0,0.0,1.0,1.0
2016-07-27,4,1607274,65.36460261261,4.0,21.375,6.0,20.0,0.0,1.0,1.0
2016-07-27,5,1607275,274.036919172474,4.0,21.375,6.0,20.0,0.0,1.0,1.0
2016-07-28,1,1607281,164.354295781258,4.0,21.25,7.0,20.0,0.0,1.0,1.0
2016-07-28,2,1607282,589.818472576254,4.0,21.25,7.0,20.0,0.0,1.0,1.0
2016-07-28,3,1607283,339.772120514901,4.0,21.25,7.0,20.0,0.0,1.0,1.0
2016-07-28,4,1607284,84.4526943001443,4.0,21.25,7.0,20.0,0.0,1.0,1.0
2016-07-28,5,1607285,319.552065942429,4.0,21.25,7.0,20.0,0.0,1.0,1.0
2016-07-29,1,1607291,177.670184792223,6.0,21.0,10.0,65.0,0.0,1.0,1.0
2016-07-29,2,1607292,585.737375255411,6.0,21.0,10.0,65.0,0.0,1.0,1.0
2016-07-29,3,1607293,313.051127748557,6.0,21.0,10.0,65.0,0.0,1.0,1.0
2016-07-29,4,1607294,79.1511614101298,6.0,21.0,10.0,65.0,0.0,1.0,1.0
2016-07-29,5,1607295,306.176262585225,6.0,21.0,10.0,65.0,0.0,1.0,1.0
2016-07-30,1,1607301,166.601426920218,4.0,19.625,10.0,65.0,0.0,1.0,1.0
2016-07-30,2,1607302,654.881851014471,4.0,19.625,10.0,65.0,0.0,1.0,1.0
2016-07-30,3,1607303,396.978002151989,4.0,19.625,10.0,65.0,0.0,1.0,1.0
2016-07-30,4,1607304,79.4721137940039,4.0,19.625,10.0,65.0,0.0,1.0,1.0
2016-07-30,5,1607305,271.144111868921,4.0,19.625,10.0,65.0,0.0,1.0,1.0
2016-07-31,1,1607311,91.3605121122705,7.0,17.375,6.0,61.0,0.0,1.0,1.0
2016-07-31,2,1607312,705.270631053338,7.0,17.375,6.0,61.0,0.0,1.0,1.0
2016-07-31,3,1607313,352.721178327364,7.0,17.375,6.0,61.0,0.0,1.0,1.0
2016-07-31,4,1607314,113.608709736733,7.0,17.375,6.0,61.0,0.0,1.0,1.0
2016-07-31,5,1607315,339.536726625866,7.0,17.375,6.0,61.0,0.0,1.0,1.0
2016-08-01,1,1608011,161.443574230918,3.0,18.5,14.0,61.0,0.0,1.0,1.0
2016-08-01,2,1608012,612.243855464434,3.0,18.5,14.0,61.0,0.0,1.0,1.0
2016-08-01,3,1608013,315.867116776854,3.0,18.5,14.0,61.0,0.0,1.0,1.0
2016-08-01,4,1608014,76.2771479267291,3.0,18.5,14.0,61.0,0.0,1.0,1.0
2016-08-01,5,1608015,334.375655815544,3.0,18.5,14.0,61.0,0.0,1.0,1.0
2016-08-02,1,1608021,135.72195457448,4.0,19.75,7.0,20.0,0.0,1.0,1.0
2016-08-02,2,1608022,640.359288495899,4.0,19.75,7.0,20.0,0.0,1.0,1.0
2016-08-02,3,1608023,307.195889740818,4.0,19.75,7.0,20.0,0.0,1.0,1.0
2016-08-02,4,1608024,94.7296678636697,4.0,19.75,7.0,20.0,0.0,1.0,1.0
2016-08-02,5,1608025,291.774754004698,4.0,19.75,7.0,20.0,0.0,1.0,1.0
2016-08-03,1,1608031,160.92640354873,7.0,19.375,9.0,61.0,0.0,1.0,1.0
2016-08-03,2,1608032,546.681324306856,7.0,19.375,9.0,61.0,0.0,1.0,1.0
2016-08-03,3,1608033,324.063160689359,7.0,19.375,9.0,61.0,0.0,1.0,1.0
2016-08-03,4,1608034,125.29913310079,7.0,19.375,9.0,61.0,0.0,1.0,1.0
2016-08-03,5,1608035,303.690015208262,7.0,19.375,9.0,61.0,0.0,1.0,1.0
2016-08-04,1,1608041,190.138048133153,6.0,20.375,11.0,61.0,0.0,1.0,1.0
2016-08-04,2,1608042,572.9375007087,6.0,20.375,11.0,61.0,0.0,1.0,1.0
2016-08-04,3,1608043,294.953956111065,6.0,20.375,11.0,61.0,0.0,1.0,1.0
2016-08-04,4,1608044,120.320434087359,6.0,20.375,11.0,61.0,0.0,1.0,1.0
2016-08-04,5,1608045,266.889484301861,6.0,20.375,11.0,61.0,0.0,1.0,1.0
2016-08-05,1,1608051,156.95610535683,4.0,20.5,15.0,21.0,0.0,1.0,1.0
2016-08-05,2,1608052,582.139047360436,4.0,20.5,15.0,21.0,0.0,1.0,1.0
2016-08-05,3,1608053,307.366610857395,4.0,20.5,15.0,21.0,0.0,1.0,1.0
2016-08-05,4,1608054,82.5878750874778,4.0,20.5,15.0,21.0,0.0,1.0,1.0
2016-08-05,5,1608055,300.234944047573,4.0,20.5,15.0,21.0,0.0,1.0,1.0
2016-08-06,1,1608061,175.282574113376,5.0,17.5,14.0,95.0,0.0,1.0,1.0
2016-08-06,2,1608062,627.399879345698,5.0,17.5,14.0,95.0,0.0,1.0,1.0
2016-08-06,3,1608063,326.032069049756,5.0,17.5,14.0,95.0,0.0,1.0,1.0
2016-08-06,4,1608064,98.7069424269931,5.0,17.5,14.0,95.0,0.0,1.0,1.0
2016-08-06,5,1608065,352.396772595034,5.0,17.5,14.0,95.0,0.0,1.0,1.0
2016-08-07,1,1608071,71.899100617287,6.0,21.125,13.0,21.0,0.0,1.0,1.0
2016-08-07,2,1608072,717.630142641236,6.0,21.125,13.0,21.0,0.0,1.0,1.0
2016-08-07,3,1608073,327.052753961083,6.0,21.125,13.0,21.0,0.0,1.0,1.0
2016-08-07,4,1608074,142.162153969304,6.0,21.125,13.0,21.0,0.0,1.0,1.0
2016-08-07,5,1608075,388.395780108233,6.0,21.125,13.0,21.0,0.0,1.0,1.0
2016-08-08,1,1608081,164.185739816663,5.0,19.0,18.0,21.0,0.0,1.0,1.0
2016-08-08,2,1608082,590.364639279926,5.0,19.0,18.0,21.0,0.0,1.0,1.0
2016-08-08,3,1608083,277.881342355861,5.0,19.0,18.0,21.0,0.0,1.0,1.0
2016-08-08,4,1608084,101.48674551854,5.0,19.0,18.0,21.0,0.0,1.0,1.0
2016-08-08,5,1608085,376.108331144121,5.0,19.0,18.0,21.0,0.0,1.0,1.0
2016-08-09,1,1608091,168.392491471408,5.0,15.375,18.0,21.0,0.0,1.0,1.0
2016-08-09,2,1608092,614.057655871662,5.0,15.375,18.0,21.0,0.0,1.0,1.0
2016-08-09,3,1608093,320.651490164019,5.0,15.375,18.0,21.0,0.0,1.0,1.0
2016-08-09,4,1608094,84.6457978181583,5.0,15.375,18.0,21.0,0.0,1.0,1.0
2016-08-09,5,1608095,323.201034184973,5.0,15.375,18.0,21.0,0.0,1.0,1.0
2016-08-10,1,1608101,146.108444701411,4.0,14.5,15.0,95.0,0.0,1.0,1.0
2016-08-10,2,1608102,591.248086981698,4.0,14.5,15.0,95.0,0.0,1.0,1.0
2016-08-10,3,1608103,315.42015433627,4.0,14.5,15.0,95.0,0.0,1.0,1.0
2016-08-10,4,1608104,122.20775285546,4.0,14.5,15.0,95.0,0.0,1.0,1.0
2016-08-10,5,1608105,406.182788802522,4.0,14.5,15.0,95.0,0.0,1.0,1.0
2016-08-11,1,1608111,155.445190548365,7.0,13.875,9.0,61.0,0.0,1.0,1.0
2016-08-11,2,1608112,598.898338586543,7.0,13.875,9.0,61.0,0.0,1.0,1.0
2016-08-11,3,1608113,312.998425205478,7.0,13.875,9.0,61.0,0.0,1.0,1.0
2016-08-11,4,1608114,156.030512564163,7.0,13.875,9.0,61.0,0.0,1.0,1.0
2016-08-11,5,1608115,434.053480046566,7.0,13.875,9.0,61.0,0.0,1.0,1.0
2016-08-12,1,1608121,172.772180030773,7.0,18.25,12.0,61.0,0.0,1.0,1.0
2016-08-12,2,1608122,628.540557526445,7.0,18.25,12.0,61.0,0.0,1.0,1.0
2016-08-12,3,1608123,316.412519279478,7.0,18.25,12.0,61.0,0.0,1.0,1.0
2016-08-12,4,1608124,82.8057057640178,7.0,18.25,12.0,61.0,0.0,1.0,1.0
2016-08-12,5,1608125,360.020079003047,7.0,18.25,12.0,61.0,0.0,1.0,1.0
2016-08-13,1,1608131,242.04298764093,7.0,18.125,12.0,61.0,0.0,1.0,1.0
2016-08-13,2,1608132,738.269009184729,7.0,18.125,12.0,61.0,0.0,1.0,1.0
2016-08-13,3,1608133,402.860567190888,7.0,18.125,12.0,61.0,0.0,1.0,1.0
2016-08-13,4,1608134,174.56607234021,7.0,18.125,12.0,61.0,0.0,1.0,1.0
2016-08-13,5,1608135,456.299833761621,7.0,18.125,12.0,61.0,0.0,1.0,1.0
2016-08-14,1,1608141,,6.0,18.125,12.0,21.0,0.0,1.0,1.0
2016-08-14,2,1608142,,6.0,18.125,12.0,21.0,0.0,1.0,1.0
2016-08-14,3,1608143,,6.0,18.125,12.0,21.0,0.0,1.0,1.0
2016-08-14,4,1608144,,6.0,18.125,12.0,21.0,0.0,1.0,1.0
2016-08-14,5,1608145,,6.0,18.125,12.0,21.0,0.0,1.0,1.0
2016-08-15,1,1608151,,5.0,18.625,11.0,21.0,0.0,1.0,1.0
2016-08-15,2,1608152,,5.0,18.625,11.0,21.0,0.0,1.0,1.0
2016-08-15,3,1608153,,5.0,18.625,11.0,21.0,0.0,1.0,1.0
2016-08-15,4,1608154,,5.0,18.625,11.0,21.0,0.0,1.0,1.0
2016-08-15,5,1608155,,5.0,18.625,11.0,21.0,0.0,1.0,1.0
2016-08-16,1,1608161,111.26757761232,2.0,19.375,10.0,21.0,0.0,1.0,1.0
2016-08-16,2,1608162,563.245539657153,2.0,19.375,10.0,21.0,0.0,1.0,1.0
2016-08-16,3,1608163,268.715042972505,2.0,19.375,10.0,21.0,0.0,1.0,1.0
2016-08-16,4,1608164,71.3544496963885,2.0,19.375,10.0,21.0,0.0,1.0,1.0
2016-08-16,5,1608165,307.344475192462,2.0,19.375,10.0,21.0,0.0,1.0,1.0
2016-08-17,1,1608171,133.724113213579,0.0,19.571428,8.0,21.0,0.0,1.0,1.0
2016-08-17,2,1608172,580.959984588054,0.0,19.571428,8.0,21.0,0.0,1.0,1.0
2016-08-17,3,1608173,274.152347904724,0.0,19.571428,8.0,21.0,0.0,1.0,1.0
2016-08-17,4,1608174,84.2136113210601,0.0,19.571428,8.0,21.0,0.0,1.0,1.0
2016-08-17,5,1608175,274.043112966598,0.0,19.571428,8.0,21.0,0.0,1.0,1.0
2016-08-18,1,1608181,166.491293516648,3.0,18.25,9.0,21.0,0.0,1.0,1.0
2016-08-18,2,1608182,517.663284471291,3.0,18.25,9.0,21.0,0.0,1.0,1.0
2016-08-18,3,1608183,287.765747135281,3.0,18.25,9.0,21.0,0.0,1.0,1.0
2016-08-18,4,1608184,75.1747825318839,3.0,18.25,9.0,21.0,0.0,1.0,1.0
2016-08-18,5,1608185,256.02662776997,3.0,18.25,9.0,21.0,0.0,1.0,1.0
2016-08-19,1,1608191,163.439489694208,3.0,20.375,8.0,21.0,0.0,1.0,1.0
2016-08-19,2,1608192,547.814607365311,3.0,20.375,8.0,21.0,0.0,1.0,1.0
2016-08-19,3,1608193,264.579771990774,3.0,20.375,8.0,21.0,0.0,1.0,1.0
2016-08-19,4,1608194,104.565249046307,3.0,20.375,8.0,21.0,0.0,1.0,1.0
2016-08-19,5,1608195,323.819837083835,3.0,20.375,8.0,21.0,0.0,1.0,1.0
2016-08-20,1,1608201,168.383074897518,7.0,20.25,9.0,61.0,0.0,1.0,1.0
2016-08-20,2,1608202,727.82813857717,7.0,20.25,9.0,61.0,0.0,1.0,1.0
2016-08-20,3,1608203,383.298667769012,7.0,20.25,9.0,61.0,0.0,1.0,1.0
2016-08-20,4,1608204,99.6669300638897,7.0,20.25,9.0,61.0,0.0,1.0,1.0
2016-08-20,5,1608205,381.564647503155,7.0,20.25,9.0,61.0,0.0,1.0,1.0
2016-08-21,1,1608211,64.0296375905993,4.0,19.875,9.0,21.0,0.0,1.0,1.0
2016-08-21,2,1608212,611.969263585254,4.0,19.875,9.0,21.0,0.0,1.0,1.0
2016-08-21,3,1608213,259.585275102001,4.0,19.875,9.0,21.0,0.0,1.0,1.0
2016-08-21,4,1608214,111.755342047448,4.0,19.875,9.0,21.0,0.0,1.0,1.0
2016-08-21,5,1608215,376.667002956842,4.0,19.875,9.0,21.0,0.0,1.0,1.0
2016-08-22,1,1608221,132.218707810364,7.0,18.375,10.0,65.0,0.0,1.0,1.0
2016-08-22,2,1608222,503.322164342482,7.0,18.375,10.0,65.0,0.0,1.0,1.0
2016-08-22,3,1608223,138.3366983689,7.0,18.375,10.0,65.0,0.0,1.0,1.0
2016-08-22,4,1608224,94.2234768021405,7.0,18.375,10.0,65.0,0.0,1.0,1.0
2016-08-22,5,1608225,227.851783425876,7.0,18.375,10.0,65.0,0.0,1.0,1.0
2016-08-23,1,1608231,100.797638745173,6.0,21.75,8.0,65.0,0.0,1.0,1.0
2016-08-23,2,1608232,394.591725517269,6.0,21.75,8.0,65.0,0.0,1.0,1.0
2016-08-23,3,1608233,184.170367057689,6.0,21.75,8.0,65.0,0.0,1.0,1.0
2016-08-23,4,1608234,69.2699552944854,6.0,21.75,8.0,65.0,0.0,1.0,1.0
2016-08-23,5,1608235,259.918385195652,6.0,21.75,8.0,65.0,0.0,1.0,1.0
2016-08-24,1,1608241,128.031689472655,0.0,25.375,6.0,65.0,0.0,1.0,1.0
2016-08-24,2,1608242,421.314999974756,0.0,25.375,6.0,65.0,0.0,1.0,1.0
2016-08-24,3,1608243,170.353220830059,0.0,25.375,6.0,65.0,0.0,1.0,1.0
2016-08-24,4,1608244,81.8077351867349,0.0,25.375,6.0,65.0,0.0,1.0,1.0
2016-08-24,5,1608245,294.57976527934,0.0,25.375,6.0,65.0,0.0,1.0,1.0
2016-08-25,1,1608251,131.898041645196,0.0,28.375,6.0,65.0,0.0,1.0,1.0
2016-08-25,2,1608252,423.336573971822,0.0,28.375,6.0,65.0,0.0,1.0,1.0
2016-08-25,3,1608253,181.842118829346,0.0,28.375,6.0,65.0,0.0,1.0,1.0
2016-08-25,4,1608254,63.1344169982834,0.0,28.375,6.0,65.0,0.0,1.0,1.0
2016-08-25,5,1608255,246.372730541868,0.0,28.375,6.0,65.0,0.0,1.0,1.0
2016-08-26,1,1608261,113.857651667203,0.0,27.75,13.0,65.0,0.0,1.0,1.0
2016-08-26,2,1608262,457.308960245821,0.0,27.75,13.0,65.0,0.0,1.0,1.0
2016-08-26,3,1608263,166.402064505158,0.0,27.75,13.0,65.0,0.0,1.0,1.0
2016-08-26,4,1608264,69.4076743077305,0.0,27.75,13.0,65.0,0.0,1.0,1.0
2016-08-26,5,1608265,298.47149111382,0.0,27.75,13.0,65.0,0.0,1.0,1.0
2016-08-27,1,1608271,143.728050251138,0.0,20.375,8.0,65.0,0.0,1.0,1.0
2016-08-27,2,1608272,591.839425440136,0.0,20.375,8.0,65.0,0.0,1.0,1.0
2016-08-27,3,1608273,277.903100318237,0.0,20.375,8.0,65.0,0.0,1.0,1.0
2016-08-27,4,1608274,78.9703185036615,0.0,20.375,8.0,65.0,0.0,1.0,1.0
2016-08-27,5,1608275,431.883448160865,0.0,20.375,8.0,65.0,0.0,1.0,1.0
2016-08-28,1,1608281,64.0609471983839,4.0,21.875,12.0,63.0,0.0,1.0,1.0
2016-08-28,2,1608282,601.750589159833,4.0,21.875,12.0,63.0,0.0,1.0,1.0
2016-08-28,3,1608283,256.176762589354,4.0,21.875,12.0,63.0,0.0,1.0,1.0
2016-08-28,4,1608284,117.867595423087,4.0,21.875,12.0,63.0,0.0,1.0,1.0
2016-08-28,5,1608285,343.403459471737,4.0,21.875,12.0,63.0,0.0,1.0,1.0
2016-08-29,1,1608291,117.093542214261,3.0,18.5,15.0,21.0,0.0,1.0,1.0
2016-08-29,2,1608292,375.061712132817,3.0,18.5,15.0,21.0,0.0,1.0,1.0
2016-08-29,3,1608293,136.29657520517,3.0,18.5,15.0,21.0,0.0,1.0,1.0
2016-08-29,4,1608294,85.2839373894979,3.0,18.5,15.0,21.0,0.0,1.0,1.0
2016-08-29,5,1608295,250.800146184405,3.0,18.5,15.0,21.0,0.0,1.0,1.0
2016-08-30,1,1608301,146.236249515322,2.0,20.25,12.0,21.0,0.0,1.0,1.0
2016-08-30,2,1608302,363.235887655092,2.0,20.25,12.0,21.0,0.0,1.0,1.0
2016-08-30,3,1608303,160.336321801591,2.0,20.25,12.0,21.0,0.0,1.0,1.0
2016-08-30,4,1608304,92.2266717357749,2.0,20.25,12.0,21.0,0.0,1.0,1.0
2016-08-30,5,1608305,273.453181024855,2.0,20.25,12.0,21.0,0.0,1.0,1.0
2016-08-31,1,1608311,133.333037402885,0.0,23.125,6.0,21.0,0.0,1.0,1.0
2016-08-31,2,1608312,365.214393739474,0.0,23.125,6.0,21.0,0.0,1.0,1.0
2016-08-31,3,1608313,163.49670308802,0.0,23.125,6.0,21.0,0.0,1.0,1.0
2016-08-31,4,1608314,71.5042420592551,0.0,23.125,6.0,21.0,0.0,1.0,1.0
2016-08-31,5,1608315,269.080065666109,0.0,23.125,6.0,21.0,0.0,1.0,1.0
2016-09-01,1,1609011,134.059380486205,5.0,20.25,13.0,21.0,0.0,1.0,1.0
2016-09-01,2,1609012,414.957000694047,5.0,20.25,13.0,21.0,0.0,1.0,1.0
2016-09-01,3,1609013,184.329861039082,5.0,20.25,13.0,21.0,0.0,1.0,1.0
2016-09-01,4,1609014,98.0009346613173,5.0,20.25,13.0,21.0,0.0,1.0,1.0
2016-09-01,5,1609015,280.656910658055,5.0,20.25,13.0,21.0,0.0,1.0,1.0
2016-09-02,1,1609021,85.2045971552449,4.0,19.125,8.0,61.0,0.0,1.0,1.0
2016-09-02,2,1609022,387.212025911342,4.0,19.125,8.0,61.0,0.0,1.0,1.0
2016-09-02,3,1609023,161.932437682552,4.0,19.125,8.0,61.0,0.0,1.0,1.0
2016-09-02,4,1609024,102.536382009367,4.0,19.125,8.0,61.0,0.0,1.0,1.0
2016-09-02,5,1609025,307.486044616984,4.0,19.125,8.0,61.0,0.0,1.0,1.0
2016-09-03,1,1609031,167.820279051247,5.0,19.25,12.0,21.0,0.0,1.0,1.0
2016-09-03,2,1609032,448.508773592816,5.0,19.25,12.0,21.0,0.0,1.0,1.0
2016-09-03,3,1609033,269.483931194562,5.0,19.25,12.0,21.0,0.0,1.0,1.0
2016-09-03,4,1609034,95.5664580471743,5.0,19.25,12.0,21.0,0.0,1.0,1.0
2016-09-03,5,1609035,315.397578767879,5.0,19.25,12.0,21.0,0.0,1.0,1.0
2016-09-04,1,1609041,63.5013684156845,6.0,19.25,8.0,61.0,0.0,0.0,1.0
2016-09-04,2,1609042,504.632657854187,6.0,19.25,8.0,61.0,0.0,0.0,1.0
2016-09-04,3,1609043,221.580285871103,6.0,19.25,8.0,61.0,0.0,0.0,1.0
2016-09-04,4,1609044,121.00365176454,6.0,19.25,8.0,61.0,0.0,0.0,1.0
2016-09-04,5,1609045,248.446151856183,6.0,19.25,8.0,61.0,0.0,0.0,1.0
2016-09-05,1,1609051,162.984490197691,0.0,19.125,12.0,0.0,0.0,0.0,1.0
2016-09-05,2,1609052,359.122720726491,0.0,19.125,12.0,0.0,0.0,0.0,1.0
2016-09-05,3,1609053,126.457096377826,0.0,19.125,12.0,0.0,0.0,0.0,1.0
2016-09-05,4,1609054,86.1298167903769,0.0,19.125,12.0,0.0,0.0,0.0,1.0
2016-09-05,5,1609055,227.369946945208,0.0,19.125,12.0,0.0,0.0,0.0,1.0
2016-09-06,1,1609061,95.8411144296674,2.0,21.75,6.0,0.0,0.0,0.0,1.0
2016-09-06,2,1609062,377.634634092805,2.0,21.75,6.0,0.0,0.0,0.0,1.0
2016-09-06,3,1609063,122.486688739232,2.0,21.75,6.0,0.0,0.0,0.0,1.0
2016-09-06,4,1609064,88.8408823873541,2.0,21.75,6.0,0.0,0.0,0.0,1.0
2016-09-06,5,1609065,257.278299655972,2.0,21.75,6.0,0.0,0.0,0.0,1.0
2016-09-07,1,1609071,109.455420848433,0.0,23.625,6.0,0.0,0.0,0.0,1.0
2016-09-07,2,1609072,335.203709564339,0.0,23.625,6.0,0.0,0.0,0.0,1.0
2016-09-07,3,1609073,125.901174672784,0.0,23.625,6.0,0.0,0.0,0.0,1.0
2016-09-07,4,1609074,75.8390999246391,0.0,23.625,6.0,0.0,0.0,0.0,1.0
2016-09-07,5,1609075,214.606653386836,0.0,23.625,6.0,0.0,0.0,0.0,1.0
2016-09-08,1,1609081,125.091909371069,0.0,25.625,7.0,0.0,0.0,0.0,1.0
2016-09-08,2,1609082,414.047201809759,0.0,25.625,7.0,0.0,0.0,0.0,1.0
2016-09-08,3,1609083,123.558512923317,0.0,25.625,7.0,0.0,0.0,0.0,1.0
2016-09-08,4,1609084,73.4969485194111,0.0,25.625,7.0,0.0,0.0,0.0,1.0
2016-09-08,5,1609085,256.59523471466,0.0,25.625,7.0,0.0,0.0,0.0,1.0
2016-09-09,1,1609091,148.877333962067,2.0,21.375,10.0,0.0,0.0,0.0,1.0
2016-09-09,2,1609092,388.211917631675,2.0,21.375,10.0,0.0,0.0,0.0,1.0
2016-09-09,3,1609093,152.138133385527,2.0,21.375,10.0,0.0,0.0,0.0,1.0
2016-09-09,4,1609094,90.352809156542,2.0,21.375,10.0,0.0,0.0,0.0,1.0
2016-09-09,5,1609095,320.307189780233,2.0,21.375,10.0,0.0,0.0,0.0,1.0
2016-09-10,1,1609101,140.376787154846,0.0,23.875,6.0,0.0,0.0,0.0,1.0
2016-09-10,2,1609102,507.689903698188,0.0,23.875,6.0,0.0,0.0,0.0,1.0
2016-09-10,3,1609103,280.009462399262,0.0,23.875,6.0,0.0,0.0,0.0,1.0
2016-09-10,4,1609104,82.4639150738783,0.0,23.875,6.0,0.0,0.0,0.0,1.0
2016-09-10,5,1609105,261.823943368235,0.0,23.875,6.0,0.0,0.0,0.0,1.0
2016-09-11,1,1609111,85.7357676571596,6.0,20.875,10.0,0.0,0.0,0.0,1.0
2016-09-11,2,1609112,545.176831557782,6.0,20.875,10.0,0.0,0.0,0.0,1.0
2016-09-11,3,1609113,209.960575918,6.0,20.875,10.0,0.0,0.0,0.0,1.0
2016-09-11,4,1609114,97.8618931914927,6.0,20.875,10.0,0.0,0.0,0.0,1.0
2016-09-11,5,1609115,277.142389168356,6.0,20.875,10.0,0.0,0.0,0.0,1.0
2016-09-12,1,1609121,129.296154663315,0.0,25.375,8.0,0.0,0.0,0.0,1.0
2016-09-12,2,1609122,360.218015490865,0.0,25.375,8.0,0.0,0.0,0.0,1.0
2016-09-12,3,1609123,155.471605350608,0.0,25.375,8.0,0.0,0.0,0.0,1.0
2016-09-12,4,1609124,102.601670931527,0.0,25.375,8.0,0.0,0.0,0.0,1.0
2016-09-12,5,1609125,253.837291756647,0.0,25.375,8.0,0.0,0.0,0.0,1.0
2016-09-13,1,1609131,110.165491085845,0.0,27.875,8.0,0.0,0.0,0.0,1.0
2016-09-13,2,1609132,357.809460758136,0.0,27.875,8.0,0.0,0.0,0.0,1.0
2016-09-13,3,1609133,176.251944609301,0.0,27.875,8.0,0.0,0.0,0.0,1.0
2016-09-13,4,1609134,87.237524139977,0.0,27.875,8.0,0.0,0.0,0.0,1.0
2016-09-13,5,1609135,224.064010585292,0.0,27.875,8.0,0.0,0.0,0.0,1.0
2016-09-14,1,1609141,101.506886848651,0.0,25.25,9.0,0.0,0.0,0.0,1.0
2016-09-14,2,1609142,362.729463906085,0.0,25.25,9.0,0.0,0.0,0.0,1.0
2016-09-14,3,1609143,151.863811050942,0.0,25.25,9.0,0.0,0.0,0.0,1.0
2016-09-14,4,1609144,77.1166001131505,0.0,25.25,9.0,0.0,0.0,0.0,1.0
2016-09-14,5,1609145,256.29712162676,0.0,25.25,9.0,0.0,0.0,0.0,1.0
2016-09-15,1,1609151,139.038489572332,0.0,23.75,13.0,0.0,0.0,0.0,1.0
2016-09-15,2,1609152,349.380070632085,0.0,23.75,13.0,0.0,0.0,0.0,1.0
2016-09-15,3,1609153,135.288518813294,0.0,23.75,13.0,0.0,0.0,0.0,1.0
2016-09-15,4,1609154,66.4875550410147,0.0,23.75,13.0,0.0,0.0,0.0,1.0
2016-09-15,5,1609155,219.830534671562,0.0,23.75,13.0,0.0,0.0,0.0,1.0
2016-09-16,1,1609161,82.9657291003825,4.0,22.75,8.0,0.0,0.0,0.0,1.0
2016-09-16,2,1609162,351.893580474176,4.0,22.75,8.0,0.0,0.0,0.0,1.0
2016-09-16,3,1609163,161.752881879896,4.0,22.75,8.0,0.0,0.0,0.0,1.0
2016-09-16,4,1609164,76.0503916109054,4.0,22.75,8.0,0.0,0.0,0.0,1.0
2016-09-16,5,1609165,296.199040575708,4.0,22.75,8.0,0.0,0.0,0.0,1.0
2016-09-17,1,1609171,120.786599548847,5.0,18.875,14.0,0.0,0.0,0.0,1.0
2016-09-17,2,1609172,407.185483742369,5.0,18.875,14.0,0.0,0.0,0.0,1.0
2016-09-17,3,1609173,215.046440523193,5.0,18.875,14.0,0.0,0.0,0.0,1.0
2016-09-17,4,1609174,85.8607134017524,5.0,18.875,14.0,0.0,0.0,0.0,1.0
2016-09-17,5,1609175,314.548531974333,5.0,18.875,14.0,0.0,0.0,0.0,1.0
2016-09-18,1,1609181,93.160862383955,7.0,16.75,15.0,21.0,0.0,0.0,1.0
2016-09-18,2,1609182,480.542581284257,7.0,16.75,15.0,21.0,0.0,0.0,1.0
2016-09-18,3,1609183,197.307853070949,7.0,16.75,15.0,21.0,0.0,0.0,1.0
2016-09-18,4,1609184,116.914398691126,7.0,16.75,15.0,21.0,0.0,0.0,1.0
2016-09-18,5,1609185,355.723154107446,7.0,16.75,15.0,21.0,0.0,0.0,1.0
2016-09-19,1,1609191,114.697410367889,7.0,17.0,9.0,21.0,0.0,0.0,1.0
2016-09-19,2,1609192,348.610476356749,7.0,17.0,9.0,21.0,0.0,0.0,1.0
2016-09-19,3,1609193,122.536393643501,7.0,17.0,9.0,21.0,0.0,0.0,1.0
2016-09-19,4,1609194,71.303734470392,7.0,17.0,9.0,21.0,0.0,0.0,1.0
2016-09-19,5,1609195,236.03384301998,7.0,17.0,9.0,21.0,0.0,0.0,1.0
2016-09-20,1,1609201,147.044940899915,5.0,17.5,8.0,21.0,0.0,0.0,1.0
2016-09-20,2,1609202,328.479395676693,5.0,17.5,8.0,21.0,0.0,0.0,1.0
2016-09-20,3,1609203,131.214401149036,5.0,17.5,8.0,21.0,0.0,0.0,1.0
2016-09-20,4,1609204,108.289673677416,5.0,17.5,8.0,21.0,0.0,0.0,1.0
2016-09-20,5,1609205,298.704245346708,5.0,17.5,8.0,21.0,0.0,0.0,1.0
2016-09-21,1,1609211,113.835673304499,3.0,18.375,10.0,21.0,0.0,0.0,1.0
2016-09-21,2,1609212,320.751362736203,3.0,18.375,10.0,21.0,0.0,0.0,1.0
2016-09-21,3,1609213,118.573978194193,3.0,18.375,10.0,21.0,0.0,0.0,1.0
2016-09-21,4,1609214,65.5328953727373,3.0,18.375,10.0,21.0,0.0,0.0,1.0
2016-09-21,5,1609215,247.327301625247,3.0,18.375,10.0,21.0,0.0,0.0,1.0
2016-09-22,1,1609221,124.063350220345,4.0,18.5,6.0,21.0,0.0,0.0,1.0
2016-09-22,2,1609222,333.491710900249,4.0,18.5,6.0,21.0,0.0,0.0,1.0
2016-09-22,3,1609223,121.812793900583,4.0,18.5,6.0,21.0,0.0,0.0,1.0
2016-09-22,4,1609224,64.8747804188171,4.0,18.5,6.0,21.0,0.0,0.0,1.0
2016-09-22,5,1609225,246.238476364069,4.0,18.5,6.0,21.0,0.0,0.0,1.0
2016-09-23,1,1609231,123.203567184748,4.0,18.625,12.0,21.0,0.0,0.0,1.0
2016-09-23,2,1609232,334.835340053426,4.0,18.625,12.0,21.0,0.0,0.0,1.0
2016-09-23,3,1609233,114.784833689674,4.0,18.625,12.0,21.0,0.0,0.0,1.0
2016-09-23,4,1609234,83.6829450528489,4.0,18.625,12.0,21.0,0.0,0.0,1.0
2016-09-23,5,1609235,305.71368923846,4.0,18.625,12.0,21.0,0.0,0.0,1.0
2016-09-24,1,1609241,124.760380048605,0.0,18.625,6.0,21.0,0.0,0.0,1.0
2016-09-24,2,1609242,382.884661267337,0.0,18.625,6.0,21.0,0.0,0.0,1.0
2016-09-24,3,1609243,147.403447349753,0.0,18.625,6.0,21.0,0.0,0.0,1.0
2016-09-24,4,1609244,77.091225998223,0.0,18.625,6.0,21.0,0.0,0.0,1.0
2016-09-24,5,1609245,236.684978855263,0.0,18.625,6.0,21.0,0.0,0.0,1.0
2016-09-25,1,1609251,50.7009834904937,0.0,21.375,8.0,21.0,0.0,0.0,1.0
2016-09-25,2,1609252,467.862772221578,0.0,21.375,8.0,21.0,0.0,0.0,1.0
2016-09-25,3,1609253,171.298099810589,0.0,21.375,8.0,21.0,0.0,0.0,1.0
2016-09-25,4,1609254,191.100179090963,0.0,21.375,8.0,21.0,0.0,0.0,1.0
2016-09-25,5,1609255,324.339798106822,0.0,21.375,8.0,21.0,0.0,0.0,1.0
2016-09-26,1,1609261,100.687007359059,4.0,18.25,6.0,0.0,0.0,0.0,1.0
2016-09-26,2,1609262,288.924972627933,4.0,18.25,6.0,0.0,0.0,0.0,1.0
2016-09-26,3,1609263,100.656797037996,4.0,18.25,6.0,0.0,0.0,0.0,1.0
2016-09-26,4,1609264,70.1183016667403,4.0,18.25,6.0,0.0,0.0,0.0,1.0
2016-09-26,5,1609265,200.729575512528,4.0,18.25,6.0,0.0,0.0,0.0,1.0
2016-09-27,1,1609271,124.380118113529,0.0,19.875,6.0,0.0,0.0,0.0,1.0
2016-09-27,2,1609272,308.430274429297,0.0,19.875,6.0,0.0,0.0,0.0,1.0
2016-09-27,3,1609273,106.824179540477,0.0,19.875,6.0,0.0,0.0,0.0,1.0
2016-09-27,4,1609274,70.5754586717771,0.0,19.875,6.0,0.0,0.0,0.0,1.0
2016-09-27,5,1609275,219.691025714482,0.0,19.875,6.0,0.0,0.0,0.0,1.0
2016-09-28,1,1609281,120.131624904303,6.0,19.125,19.0,0.0,0.0,0.0,1.0
2016-09-28,2,1609282,276.95747509989,6.0,19.125,19.0,0.0,0.0,0.0,1.0
2016-09-28,3,1609283,108.052540485998,6.0,19.125,19.0,0.0,0.0,0.0,1.0
2016-09-28,4,1609284,104.204658150352,6.0,19.125,19.0,0.0,0.0,0.0,1.0
2016-09-28,5,1609285,281.33173727172,6.0,19.125,19.0,0.0,0.0,0.0,1.0
2016-09-29,1,1609291,106.899462001863,7.0,17.375,13.0,61.0,0.0,0.0,1.0
2016-09-29,2,1609292,304.639393081772,7.0,17.375,13.0,61.0,0.0,0.0,1.0
2016-09-29,3,1609293,113.054146061102,7.0,17.375,13.0,61.0,0.0,0.0,1.0
2016-09-29,4,1609294,87.0039728646358,7.0,17.375,13.0,61.0,0.0,0.0,1.0
2016-09-29,5,1609295,209.323640196751,7.0,17.375,13.0,61.0,0.0,0.0,1.0
2016-09-30,1,1609301,126.366800158974,6.0,14.0,11.0,61.0,0.0,0.0,1.0
2016-09-30,2,1609302,292.054154725351,6.0,14.0,11.0,61.0,0.0,0.0,1.0
2016-09-30,3,1609303,129.269260103097,6.0,14.0,11.0,61.0,0.0,0.0,1.0
2016-09-30,4,1609304,75.2887876903606,6.0,14.0,11.0,61.0,0.0,0.0,1.0
2016-09-30,5,1609305,193.213490974817,6.0,14.0,11.0,61.0,0.0,0.0,1.0
2016-10-01,1,1610011,173.938069367793,3.0,15.875,6.0,61.0,0.0,0.0,1.0
2016-10-01,2,1610012,422.462880305042,3.0,15.875,6.0,61.0,0.0,0.0,1.0
2016-10-01,3,1610013,166.963999835678,3.0,15.875,6.0,61.0,0.0,0.0,1.0
2016-10-01,4,1610014,94.9968110543908,3.0,15.875,6.0,61.0,0.0,0.0,1.0
2016-10-01,5,1610015,241.948734757705,3.0,15.875,6.0,61.0,0.0,0.0,1.0
2016-10-02,1,1610021,56.3004091147622,3.0,15.75,7.0,21.0,0.0,0.0,1.0
2016-10-02,2,1610022,562.125467854407,3.0,15.75,7.0,21.0,0.0,0.0,1.0
2016-10-02,3,1610023,186.732360367454,3.0,15.75,7.0,21.0,0.0,0.0,1.0
2016-10-02,4,1610024,114.266134889728,3.0,15.75,7.0,21.0,0.0,0.0,1.0
2016-10-02,5,1610025,262.299773706351,3.0,15.75,7.0,21.0,0.0,0.0,1.0
2016-10-03,1,1610031,62.1746495327839,7.0,14.375,18.0,61.0,0.0,0.0,1.0
2016-10-03,2,1610032,484.636032498125,7.0,14.375,18.0,61.0,0.0,0.0,1.0
2016-10-03,3,1610033,182.443859182106,7.0,14.375,18.0,61.0,0.0,0.0,1.0
2016-10-03,4,1610034,175.777025560835,7.0,14.375,18.0,61.0,0.0,0.0,1.0
2016-10-03,5,1610035,349.311805504009,7.0,14.375,18.0,61.0,0.0,0.0,1.0
2016-10-04,1,1610041,172.446738288365,5.0,13.25,16.0,61.0,0.0,0.0,1.0
2016-10-04,2,1610042,334.855690002673,5.0,13.25,16.0,61.0,0.0,0.0,1.0
2016-10-04,3,1610043,123.415726677241,5.0,13.25,16.0,61.0,0.0,0.0,1.0
2016-10-04,4,1610044,74.0120712141302,5.0,13.25,16.0,61.0,0.0,0.0,1.0
2016-10-04,5,1610045,240.277045454432,5.0,13.25,16.0,61.0,0.0,0.0,1.0
2016-10-05,1,1610051,114.574136259055,3.0,12.0,19.0,61.0,0.0,0.0,1.0
2016-10-05,2,1610052,313.330103838322,3.0,12.0,19.0,61.0,0.0,0.0,1.0
2016-10-05,3,1610053,120.624272460905,3.0,12.0,19.0,61.0,0.0,0.0,1.0
2016-10-05,4,1610054,90.4487624824519,3.0,12.0,19.0,61.0,0.0,0.0,1.0
2016-10-05,5,1610055,233.962258844718,3.0,12.0,19.0,61.0,0.0,0.0,1.0
2016-10-06,1,1610061,136.945957744399,7.0,11.25,17.0,20.0,0.0,0.0,1.0
2016-10-06,2,1610062,345.113524952996,7.0,11.25,17.0,20.0,0.0,0.0,1.0
2016-10-06,3,1610063,101.60163656775,7.0,11.25,17.0,20.0,0.0,0.0,1.0
2016-10-06,4,1610064,80.9955881840322,7.0,11.25,17.0,20.0,0.0,0.0,1.0
2016-10-06,5,1610065,221.280556813048,7.0,11.25,17.0,20.0,0.0,0.0,1.0
2016-10-07,1,1610071,134.611025021576,7.0,11.125,15.0,0.0,0.0,0.0,1.0
2016-10-07,2,1610072,383.204234938422,7.0,11.125,15.0,0.0,0.0,0.0,1.0
2016-10-07,3,1610073,141.93416312528,7.0,11.125,15.0,0.0,0.0,0.0,1.0
2016-10-07,4,1610074,72.7219032623409,7.0,11.125,15.0,0.0,0.0,0.0,1.0
2016-10-07,5,1610075,217.762142609866,7.0,11.125,15.0,0.0,0.0,0.0,1.0
2016-10-08,1,1610081,147.66789204124,5.0,11.625,16.0,0.0,0.0,0.0,1.0
2016-10-08,2,1610082,366.932902975983,5.0,11.625,16.0,0.0,0.0,0.0,1.0
2016-10-08,3,1610083,159.043461454141,5.0,11.625,16.0,0.0,0.0,0.0,1.0
2016-10-08,4,1610084,97.1573327373914,5.0,11.625,16.0,0.0,0.0,0.0,1.0
2016-10-08,5,1610085,227.094809459833,5.0,11.625,16.0,0.0,0.0,0.0,1.0
2016-10-09,1,1610091,53.3156087813301,7.0,9.125,10.0,61.0,0.0,0.0,1.0
2016-10-09,2,1610092,496.810974350594,7.0,9.125,10.0,61.0,0.0,0.0,1.0
2016-10-09,3,1610093,181.693182252688,7.0,9.125,10.0,61.0,0.0,0.0,1.0
2016-10-09,4,1610094,111.55603133276,7.0,9.125,10.0,61.0,0.0,0.0,1.0
2016-10-09,5,1610095,204.564566537797,7.0,9.125,10.0,61.0,0.0,0.0,1.0
2016-10-10,1,1610101,130.880964042862,7.0,11.125,10.0,61.0,0.0,0.0,1.0
2016-10-10,2,1610102,380.153458343839,7.0,11.125,10.0,61.0,0.0,0.0,1.0
2016-10-10,3,1610103,144.619334839444,7.0,11.125,10.0,61.0,0.0,0.0,1.0
2016-10-10,4,1610104,81.5808277860361,7.0,11.125,10.0,61.0,0.0,0.0,1.0
2016-10-10,5,1610105,272.096460064269,7.0,11.125,10.0,61.0,0.0,0.0,1.0
2016-10-11,1,1610111,85.4801757621986,7.0,9.875,20.0,61.0,0.0,0.0,1.0
2016-10-11,2,1610112,376.573866608268,7.0,9.875,20.0,61.0,0.0,0.0,1.0
2016-10-11,3,1610113,193.457092513929,7.0,9.875,20.0,61.0,0.0,0.0,1.0
2016-10-11,4,1610114,83.3654496634983,7.0,9.875,20.0,61.0,0.0,0.0,1.0
2016-10-11,5,1610115,250.286651016106,7.0,9.875,20.0,61.0,0.0,0.0,1.0
2016-10-12,1,1610121,98.0361155623953,7.0,9.75,18.0,63.0,0.0,0.0,1.0
2016-10-12,2,1610122,344.070542410265,7.0,9.75,18.0,63.0,0.0,0.0,1.0
2016-10-12,3,1610123,159.062487471256,7.0,9.75,18.0,63.0,0.0,0.0,1.0
2016-10-12,4,1610124,74.0803337557003,7.0,9.75,18.0,63.0,0.0,0.0,1.0
2016-10-12,5,1610125,294.043757384809,7.0,9.75,18.0,63.0,0.0,0.0,1.0
2016-10-13,1,1610131,148.18590913848,6.0,10.875,15.0,0.0,0.0,0.0,1.0
2016-10-13,2,1610132,373.773464347884,6.0,10.875,15.0,0.0,0.0,0.0,1.0
2016-10-13,3,1610133,147.744752027756,6.0,10.875,15.0,0.0,0.0,0.0,1.0
2016-10-13,4,1610134,55.6395261362085,6.0,10.875,15.0,0.0,0.0,0.0,1.0
2016-10-13,5,1610135,241.411791384101,6.0,10.875,15.0,0.0,0.0,0.0,1.0
2016-10-14,1,1610141,93.8261887010055,7.0,9.125,13.0,61.0,0.0,0.0,1.0
2016-10-14,2,1610142,362.891896618259,7.0,9.125,13.0,61.0,0.0,0.0,1.0
2016-10-14,3,1610143,166.32217095808,7.0,9.125,13.0,61.0,0.0,0.0,1.0
2016-10-14,4,1610144,63.964902716704,7.0,9.125,13.0,61.0,0.0,0.0,1.0
2016-10-14,5,1610145,200.946834376251,7.0,9.125,13.0,61.0,0.0,0.0,1.0
2016-10-15,1,1610151,132.894647230153,8.0,8.625,12.0,61.0,0.0,0.0,1.0
2016-10-15,2,1610152,419.758055396142,8.0,8.625,12.0,61.0,0.0,0.0,1.0
2016-10-15,3,1610153,189.027358152441,8.0,8.625,12.0,61.0,0.0,0.0,1.0
2016-10-15,4,1610154,75.3813465737841,8.0,8.625,12.0,61.0,0.0,0.0,1.0
2016-10-15,5,1610155,232.565718859558,8.0,8.625,12.0,61.0,0.0,0.0,1.0
2016-10-16,1,1610161,74.5534527201843,8.0,11.375,6.0,10.0,0.0,0.0,1.0
2016-10-16,2,1610162,531.445003131207,8.0,11.375,6.0,10.0,0.0,0.0,1.0
2016-10-16,3,1610163,213.136283121314,8.0,11.375,6.0,10.0,0.0,0.0,1.0
2016-10-16,4,1610164,151.709518375799,8.0,11.375,6.0,10.0,0.0,0.0,1.0
2016-10-16,5,1610165,225.595272346529,8.0,11.375,6.0,10.0,0.0,0.0,1.0
2016-10-17,1,1610171,120.547856066705,8.0,9.75,6.0,10.0,0.0,1.0,1.0
2016-10-17,2,1610172,384.771661762652,8.0,9.75,6.0,10.0,0.0,1.0,1.0
2016-10-17,3,1610173,158.15111344134,8.0,9.75,6.0,10.0,0.0,1.0,1.0
2016-10-17,4,1610174,81.293499003446,8.0,9.75,6.0,10.0,0.0,1.0,1.0
2016-10-17,5,1610175,255.735410277856,8.0,9.75,6.0,10.0,0.0,1.0,1.0
2016-10-18,1,1610181,110.361356326637,7.0,13.25,6.0,28.0,0.0,1.0,1.0
2016-10-18,2,1610182,401.418865570001,7.0,13.25,6.0,28.0,0.0,1.0,1.0
2016-10-18,3,1610183,149.45088792686,7.0,13.25,6.0,28.0,0.0,1.0,1.0
2016-10-18,4,1610184,91.7436118231859,7.0,13.25,6.0,28.0,0.0,1.0,1.0
2016-10-18,5,1610185,228.600350570995,7.0,13.25,6.0,28.0,0.0,1.0,1.0
2016-10-19,1,1610191,110.217732943397,8.0,7.625,4.0,61.0,0.0,1.0,1.0
2016-10-19,2,1610192,413.509458544512,8.0,7.625,4.0,61.0,0.0,1.0,1.0
2016-10-19,3,1610193,139.392809720067,8.0,7.625,4.0,61.0,0.0,1.0,1.0
2016-10-19,4,1610194,78.4940631916244,8.0,7.625,4.0,61.0,0.0,1.0,1.0
2016-10-19,5,1610195,236.472455694277,8.0,7.625,4.0,61.0,0.0,1.0,1.0
2016-10-20,1,1610201,115.866476082293,7.0,10.125,10.0,21.0,0.0,1.0,1.0
2016-10-20,2,1610202,361.39994077193,7.0,10.125,10.0,21.0,0.0,1.0,1.0
2016-10-20,3,1610203,163.589529856023,7.0,10.125,10.0,21.0,0.0,1.0,1.0
2016-10-20,4,1610204,73.5637731329557,7.0,10.125,10.0,21.0,0.0,1.0,1.0
2016-10-20,5,1610205,243.207657848516,7.0,10.125,10.0,21.0,0.0,1.0,1.0
2016-10-21,1,1610211,114.340023882369,6.0,9.875,10.0,61.0,0.0,1.0,1.0
2016-10-21,2,1610212,344.284592144664,6.0,9.875,10.0,61.0,0.0,1.0,1.0
2016-10-21,3,1610213,157.154195182157,6.0,9.875,10.0,61.0,0.0,1.0,1.0
2016-10-21,4,1610214,59.065770949536,6.0,9.875,10.0,61.0,0.0,1.0,1.0
2016-10-21,5,1610215,228.823612348767,6.0,9.875,10.0,61.0,0.0,1.0,1.0
2016-10-22,1,1610221,160.103777760669,8.0,8.125,12.0,61.0,0.0,1.0,1.0
2016-10-22,2,1610222,362.998937459473,8.0,8.125,12.0,61.0,0.0,1.0,1.0
2016-10-22,3,1610223,142.628523419571,8.0,8.125,12.0,61.0,0.0,1.0,1.0
2016-10-22,4,1610224,94.8825770148696,8.0,8.125,12.0,61.0,0.0,1.0,1.0
2016-10-22,5,1610225,247.988385028377,8.0,8.125,12.0,61.0,0.0,1.0,1.0
2016-10-23,1,1610231,71.392684860845,7.0,8.625,4.0,21.0,0.0,1.0,1.0
2016-10-23,2,1610232,432.075653766841,7.0,8.625,4.0,21.0,0.0,1.0,1.0
2016-10-23,3,1610233,184.302463772913,7.0,8.625,4.0,21.0,0.0,1.0,1.0
2016-10-23,4,1610234,117.026902753308,7.0,8.625,4.0,21.0,0.0,1.0,1.0
2016-10-23,5,1610235,318.531476179231,7.0,8.625,4.0,21.0,0.0,1.0,1.0
2016-10-24,1,1610241,101.614370965389,5.0,9.25,8.0,10.0,0.0,1.0,1.0
2016-10-24,2,1610242,283.900274763154,5.0,9.25,8.0,10.0,0.0,1.0,1.0
2016-10-24,3,1610243,91.661343436281,5.0,9.25,8.0,10.0,0.0,1.0,1.0
2016-10-24,4,1610244,75.9963763592931,5.0,9.25,8.0,10.0,0.0,1.0,1.0
2016-10-24,5,1610245,151.291654680164,5.0,9.25,8.0,10.0,0.0,1.0,1.0
2016-10-25,1,1610251,74.5196202965945,5.0,9.0,8.0,0.0,0.0,1.0,1.0
2016-10-25,2,1610252,275.214526471799,5.0,9.0,8.0,0.0,0.0,1.0,1.0
2016-10-25,3,1610253,91.4174596798256,5.0,9.0,8.0,0.0,0.0,1.0,1.0
2016-10-25,4,1610254,81.7877921677137,5.0,9.0,8.0,0.0,0.0,1.0,1.0
2016-10-25,5,1610255,233.037954480734,5.0,9.0,8.0,0.0,0.0,1.0,1.0
2016-10-26,1,1610261,75.1781153356293,6.0,7.375,6.0,10.0,0.0,1.0,1.0
2016-10-26,2,1610262,289.426912922535,6.0,7.375,6.0,10.0,0.0,1.0,1.0
2016-10-26,3,1610263,124.814994354034,6.0,7.375,6.0,10.0,0.0,1.0,1.0
2016-10-26,4,1610264,65.9312615469244,6.0,7.375,6.0,10.0,0.0,1.0,1.0
2016-10-26,5,1610265,227.350266377509,6.0,7.375,6.0,10.0,0.0,1.0,1.0
2016-10-27,1,1610271,107.497900955149,7.0,13.375,9.0,21.0,0.0,1.0,1.0
2016-10-27,2,1610272,270.934898095161,7.0,13.375,9.0,21.0,0.0,1.0,1.0
2016-10-27,3,1610273,81.3083736578224,7.0,13.375,9.0,21.0,0.0,1.0,1.0
2016-10-27,4,1610274,64.3530038292111,7.0,13.375,9.0,21.0,0.0,1.0,1.0
2016-10-27,5,1610275,146.8201866379,7.0,13.375,9.0,21.0,0.0,1.0,1.0
2016-10-28,1,1610281,125.569231616337,6.0,12.75,15.0,21.0,0.0,1.0,1.0
2016-10-28,2,1610282,259.659612215792,6.0,12.75,15.0,21.0,0.0,1.0,1.0
2016-10-28,3,1610283,84.2028058990911,6.0,12.75,15.0,21.0,0.0,1.0,1.0
2016-10-28,4,1610284,84.6394877180107,6.0,12.75,15.0,21.0,0.0,1.0,1.0
2016-10-28,5,1610285,177.402134342248,6.0,12.75,15.0,21.0,0.0,1.0,1.0
2016-10-29,1,1610291,151.413102878923,4.0,11.375,16.0,20.0,0.0,0.0,1.0
2016-10-29,2,1610292,302.126163329756,4.0,11.375,16.0,20.0,0.0,0.0,1.0
2016-10-29,3,1610293,110.598012441388,4.0,11.375,16.0,20.0,0.0,0.0,1.0
2016-10-29,4,1610294,151.2765089983,4.0,11.375,16.0,20.0,0.0,0.0,1.0
2016-10-29,5,1610295,233.469252900936,4.0,11.375,16.0,20.0,0.0,0.0,1.0
2016-10-30,1,1610301,68.3827588351215,4.0,11.0,9.0,5.0,0.0,0.0,1.0
2016-10-30,2,1610302,473.283997822259,4.0,11.0,9.0,5.0,0.0,0.0,1.0
2016-10-30,3,1610303,141.901075742017,4.0,11.0,9.0,5.0,0.0,0.0,1.0
2016-10-30,4,1610304,103.985083901352,4.0,11.0,9.0,5.0,0.0,0.0,1.0
2016-10-30,5,1610305,189.684581223678,4.0,11.0,9.0,5.0,0.0,0.0,1.0
2016-10-31,1,1610311,116.860031849405,7.0,12.125,6.0,61.0,0.0,0.0,1.0
2016-10-31,2,1610312,326.876981669562,7.0,12.125,6.0,61.0,0.0,0.0,1.0
2016-10-31,3,1610313,116.957939230667,7.0,12.125,6.0,61.0,0.0,0.0,1.0
2016-10-31,4,1610314,70.3254304239473,7.0,12.125,6.0,61.0,0.0,0.0,1.0
2016-10-31,5,1610315,206.801935482933,7.0,12.125,6.0,61.0,0.0,0.0,1.0
2016-11-01,1,1611011,109.272941497746,6.0,10.125,12.0,61.0,0.0,0.0,1.0
2016-11-01,2,1611012,247.262323992562,6.0,10.125,12.0,61.0,0.0,0.0,1.0
2016-11-01,3,1611013,101.44458467343,6.0,10.125,12.0,61.0,0.0,0.0,1.0
2016-11-01,4,1611014,58.5481326695856,6.0,10.125,12.0,61.0,0.0,0.0,1.0
2016-11-01,5,1611015,239.636644566373,6.0,10.125,12.0,61.0,0.0,0.0,1.0
2016-11-01,6,1611016,,6.0,10.125,12.0,61.0,0.0,0.0,1.0
2016-11-02,1,1611021,98.5457706234247,4.0,7.25,13.0,21.0,0.0,0.0,1.0
2016-11-02,2,1611022,258.630529285405,4.0,7.25,13.0,21.0,0.0,0.0,1.0
2016-11-02,3,1611023,90.8202443873751,4.0,7.25,13.0,21.0,0.0,0.0,1.0
2016-11-02,4,1611024,85.8246991515178,4.0,7.25,13.0,21.0,0.0,0.0,1.0
2016-11-02,5,1611025,222.447233073532,4.0,7.25,13.0,21.0,0.0,0.0,1.0
2016-11-02,6,1611026,,4.0,7.25,13.0,21.0,0.0,0.0,1.0
2016-11-03,1,1611031,146.232819423347,4.0,5.875,5.0,21.0,0.0,0.0,1.0
2016-11-03,2,1611032,279.971350500935,4.0,5.875,5.0,21.0,0.0,0.0,1.0
2016-11-03,3,1611033,111.819161696001,4.0,5.875,5.0,21.0,0.0,0.0,1.0
2016-11-03,4,1611034,56.4275502608749,4.0,5.875,5.0,21.0,0.0,0.0,1.0
2016-11-03,5,1611035,188.291283441223,4.0,5.875,5.0,21.0,0.0,0.0,1.0
2016-11-03,6,1611036,43.0067702051724,4.0,5.875,5.0,21.0,0.0,0.0,1.0
2016-11-04,1,1611041,97.3009447369516,7.0,7.875,8.0,61.0,0.0,0.0,1.0
2016-11-04,2,1611042,243.545607844563,7.0,7.875,8.0,61.0,0.0,0.0,1.0
2016-11-04,3,1611043,122.555235204681,7.0,7.875,8.0,61.0,0.0,0.0,1.0
2016-11-04,4,1611044,85.1323711654376,7.0,7.875,8.0,61.0,0.0,0.0,1.0
2016-11-04,5,1611045,248.1861831044,7.0,7.875,8.0,61.0,0.0,0.0,1.0
2016-11-04,6,1611046,31.0302746062749,7.0,7.875,8.0,61.0,0.0,0.0,1.0
2016-11-05,1,1611051,109.228922348071,7.0,5.5,5.0,61.0,0.0,0.0,1.0
2016-11-05,2,1611052,281.817751432173,7.0,5.5,5.0,61.0,0.0,0.0,1.0
2016-11-05,3,1611053,115.638311931186,7.0,5.5,5.0,61.0,0.0,0.0,1.0
2016-11-05,4,1611054,108.104548477186,7.0,5.5,5.0,61.0,0.0,0.0,1.0
2016-11-05,5,1611055,187.586828333204,7.0,5.5,5.0,61.0,0.0,0.0,1.0
2016-11-05,6,1611056,51.7425396361144,7.0,5.5,5.0,61.0,0.0,0.0,1.0
2016-11-06,1,1611061,95.267777844009,7.0,6.625,6.0,61.0,0.0,0.0,1.0
2016-11-06,2,1611062,460.230229180135,7.0,6.625,6.0,61.0,0.0,0.0,1.0
2016-11-06,3,1611063,142.854624136284,7.0,6.625,6.0,61.0,0.0,0.0,1.0
2016-11-06,4,1611064,90.1088934527147,7.0,6.625,6.0,61.0,0.0,0.0,1.0
2016-11-06,5,1611065,228.466900330671,7.0,6.625,6.0,61.0,0.0,0.0,1.0
2016-11-06,6,1611066,,7.0,6.625,6.0,61.0,0.0,0.0,1.0
2016-11-07,1,1611071,95.942904642186,7.0,3.5,14.0,61.0,0.0,0.0,1.0
2016-11-07,2,1611072,255.648328676303,7.0,3.5,14.0,61.0,0.0,0.0,1.0
2016-11-07,3,1611073,98.4615638799173,7.0,3.5,14.0,61.0,0.0,0.0,1.0
2016-11-07,4,1611074,89.5375676010166,7.0,3.5,14.0,61.0,0.0,0.0,1.0
2016-11-07,5,1611075,188.052534009555,7.0,3.5,14.0,61.0,0.0,0.0,1.0
2016-11-07,6,1611076,55.6447706787916,7.0,3.5,14.0,61.0,0.0,0.0,1.0
2016-11-08,1,1611081,98.6134473987209,7.0,0.75,14.0,71.0,0.0,0.0,1.0
2016-11-08,2,1611082,204.169287713438,7.0,0.75,14.0,71.0,0.0,0.0,1.0
2016-11-08,3,1611083,79.8857514598579,7.0,0.75,14.0,71.0,0.0,0.0,1.0
2016-11-08,4,1611084,81.4058061539498,7.0,0.75,14.0,71.0,0.0,0.0,1.0
2016-11-08,5,1611085,155.250018363632,7.0,0.75,14.0,71.0,0.0,0.0,1.0
2016-11-08,6,1611086,48.6539377155505,7.0,0.75,14.0,71.0,0.0,0.0,1.0
2016-11-09,1,1611091,102.800778634922,0.0,1.25,4.0,10.0,0.0,0.0,1.0
2016-11-09,2,1611092,225.625409365451,0.0,1.25,4.0,10.0,0.0,0.0,1.0
2016-11-09,3,1611093,76.8691465964589,0.0,1.25,4.0,10.0,0.0,0.0,1.0
2016-11-09,4,1611094,53.3169820192043,0.0,1.25,4.0,10.0,0.0,0.0,1.0
2016-11-09,5,1611095,216.290546703721,0.0,1.25,4.0,10.0,0.0,0.0,1.0
2016-11-09,6,1611096,37.9775832387439,0.0,1.25,4.0,10.0,0.0,0.0,1.0
2016-11-10,1,1611101,104.94423726981,7.0,4.0,8.0,22.0,0.0,0.0,1.0
2016-11-10,2,1611102,222.952935466743,7.0,4.0,8.0,22.0,0.0,0.0,1.0
2016-11-10,3,1611103,73.253261288051,7.0,4.0,8.0,22.0,0.0,0.0,1.0
2016-11-10,4,1611104,67.7511186941306,7.0,4.0,8.0,22.0,0.0,0.0,1.0
2016-11-10,5,1611105,156.348442296567,7.0,4.0,8.0,22.0,0.0,0.0,1.0
2016-11-10,6,1611106,51.6599610963361,7.0,4.0,8.0,22.0,0.0,0.0,1.0
2016-11-11,1,1611111,79.7625074114877,4.0,4.875,10.0,21.0,0.0,0.0,1.0
2016-11-11,2,1611112,248.496512725195,4.0,4.875,10.0,21.0,0.0,0.0,1.0
2016-11-11,3,1611113,81.1040142115944,4.0,4.875,10.0,21.0,0.0,0.0,1.0
2016-11-11,4,1611114,69.5484904815901,4.0,4.875,10.0,21.0,0.0,0.0,1.0
2016-11-11,5,1611115,208.651903838976,4.0,4.875,10.0,21.0,0.0,0.0,1.0
2016-11-11,6,1611116,32.1564594476948,4.0,4.875,10.0,21.0,0.0,0.0,1.0
2016-11-12,1,1611121,138.827828111692,3.0,1.625,6.0,49.0,0.0,0.0,1.0
2016-11-12,2,1611122,334.977522413811,3.0,1.625,6.0,49.0,0.0,0.0,1.0
2016-11-12,3,1611123,113.479986837697,3.0,1.625,6.0,49.0,0.0,0.0,1.0
2016-11-12,4,1611124,82.1527997216755,3.0,1.625,6.0,49.0,0.0,0.0,1.0
2016-11-12,5,1611125,279.651017681868,3.0,1.625,6.0,49.0,0.0,0.0,1.0
2016-11-12,6,1611126,66.4155220587801,3.0,1.625,6.0,49.0,0.0,0.0,1.0
2016-11-13,1,1611131,55.4419452131555,4.0,1.375,9.0,5.0,0.0,0.0,1.0
2016-11-13,2,1611132,474.067020573429,4.0,1.375,9.0,5.0,0.0,0.0,1.0
2016-11-13,3,1611133,155.829169523759,4.0,1.375,9.0,5.0,0.0,0.0,1.0
2016-11-13,4,1611134,180.570460709882,4.0,1.375,9.0,5.0,0.0,0.0,1.0
2016-11-13,5,1611135,315.771220676948,4.0,1.375,9.0,5.0,0.0,0.0,1.0
2016-11-13,6,1611136,33.3799044085387,4.0,1.375,9.0,5.0,0.0,0.0,1.0
2016-11-14,1,1611141,107.975134464159,4.0,2.0,10.0,5.0,0.0,0.0,1.0
2016-11-14,2,1611142,241.872122463559,4.0,2.0,10.0,5.0,0.0,0.0,1.0
2016-11-14,3,1611143,75.9976345648867,4.0,2.0,10.0,5.0,0.0,0.0,1.0
2016-11-14,4,1611144,73.1540811139103,4.0,2.0,10.0,5.0,0.0,0.0,1.0
2016-11-14,5,1611145,173.79328250457,4.0,2.0,10.0,5.0,0.0,0.0,1.0
2016-11-14,6,1611146,44.4033269674857,4.0,2.0,10.0,5.0,0.0,0.0,1.0
2016-11-15,1,1611151,97.521559634551,7.0,7.75,9.0,61.0,0.0,0.0,1.0
2016-11-15,2,1611152,226.597706259018,7.0,7.75,9.0,61.0,0.0,0.0,1.0
2016-11-15,3,1611153,84.5049657045271,7.0,7.75,9.0,61.0,0.0,0.0,1.0
2016-11-15,4,1611154,78.0316412082128,7.0,7.75,9.0,61.0,0.0,0.0,1.0
2016-11-15,5,1611155,190.063612843499,7.0,7.75,9.0,61.0,0.0,0.0,1.0
2016-11-15,6,1611156,20.6776720993102,7.0,7.75,9.0,61.0,0.0,0.0,1.0
2016-11-16,1,1611161,131.997447886261,7.0,8.75,11.0,61.0,0.0,0.0,1.0
2016-11-16,2,1611162,223.910531432435,7.0,8.75,11.0,61.0,0.0,0.0,1.0
2016-11-16,3,1611163,93.210451599767,7.0,8.75,11.0,61.0,0.0,0.0,1.0
2016-11-16,4,1611164,56.5734184066884,7.0,8.75,11.0,61.0,0.0,0.0,1.0
2016-11-16,5,1611165,193.849645107592,7.0,8.75,11.0,61.0,0.0,0.0,1.0
2016-11-16,6,1611166,62.5835195605112,7.0,8.75,11.0,61.0,0.0,0.0,1.0
2016-11-17,1,1611171,120.999764172375,6.0,7.75,9.0,21.0,0.0,0.0,1.0
2016-11-17,2,1611172,217.353481812849,6.0,7.75,9.0,21.0,0.0,0.0,1.0
2016-11-17,3,1611173,106.092674322495,6.0,7.75,9.0,21.0,0.0,0.0,1.0
2016-11-17,4,1611174,77.1064144815868,6.0,7.75,9.0,21.0,0.0,0.0,1.0
2016-11-17,5,1611175,219.93363358802,6.0,7.75,9.0,21.0,0.0,0.0,1.0
2016-11-17,6,1611176,50.9373223752499,6.0,7.75,9.0,21.0,0.0,0.0,1.0
2016-11-18,1,1611181,125.620231572559,4.0,7.25,13.0,21.0,0.0,0.0,1.0
2016-11-18,2,1611182,251.940427195203,4.0,7.25,13.0,21.0,0.0,0.0,1.0
2016-11-18,3,1611183,64.3170726423712,4.0,7.25,13.0,21.0,0.0,0.0,1.0
2016-11-18,4,1611184,66.7588049069519,4.0,7.25,13.0,21.0,0.0,0.0,1.0
2016-11-18,5,1611185,181.246063814946,4.0,7.25,13.0,21.0,0.0,0.0,1.0
2016-11-18,6,1611186,50.3838309810137,4.0,7.25,13.0,21.0,0.0,0.0,1.0
2016-11-19,1,1611191,98.4835152120726,6.0,6.625,11.0,21.0,0.0,0.0,1.0
2016-11-19,2,1611192,241.369289867448,6.0,6.625,11.0,21.0,0.0,0.0,1.0
2016-11-19,3,1611193,116.829845405325,6.0,6.625,11.0,21.0,0.0,0.0,1.0
2016-11-19,4,1611194,65.3295640909929,6.0,6.625,11.0,21.0,0.0,0.0,1.0
2016-11-19,5,1611195,203.253088517039,6.0,6.625,11.0,21.0,0.0,0.0,1.0
2016-11-19,6,1611196,64.0232163953006,6.0,6.625,11.0,21.0,0.0,0.0,1.0
2016-11-20,1,1611201,52.4424952545878,6.0,6.375,12.0,63.0,0.0,0.0,1.0
2016-11-20,2,1611202,401.605485731958,6.0,6.375,12.0,63.0,0.0,0.0,1.0
2016-11-20,3,1611203,142.385019678959,6.0,6.375,12.0,63.0,0.0,0.0,1.0
2016-11-20,4,1611204,129.902767985023,6.0,6.375,12.0,63.0,0.0,0.0,1.0
2016-11-20,5,1611205,244.917742885889,6.0,6.375,12.0,63.0,0.0,0.0,1.0
2016-11-20,6,1611206,31.2111820886231,6.0,6.375,12.0,63.0,0.0,0.0,1.0
2016-11-21,1,1611211,121.378744787554,7.0,11.5,6.0,61.0,0.0,0.0,1.0
2016-11-21,2,1611212,269.243262515845,7.0,11.5,6.0,61.0,0.0,0.0,1.0
2016-11-21,3,1611213,98.333606595868,7.0,11.5,6.0,61.0,0.0,0.0,1.0
2016-11-21,4,1611214,68.2474023885487,7.0,11.5,6.0,61.0,0.0,0.0,1.0
2016-11-21,5,1611215,182.99510955044,7.0,11.5,6.0,61.0,0.0,0.0,1.0
2016-11-21,6,1611216,108.577258313193,7.0,11.5,6.0,61.0,0.0,0.0,1.0
2016-11-22,1,1611221,87.2731117646776,7.0,12.125,7.0,61.0,0.0,0.0,1.0
2016-11-22,2,1611222,291.595873590611,7.0,12.125,7.0,61.0,0.0,0.0,1.0
2016-11-22,3,1611223,101.236985727754,7.0,12.125,7.0,61.0,0.0,0.0,1.0
2016-11-22,4,1611224,62.577534232199,7.0,12.125,7.0,61.0,0.0,0.0,1.0
2016-11-22,5,1611225,183.509214384925,7.0,12.125,7.0,61.0,0.0,0.0,1.0
2016-11-22,6,1611226,127.825211212228,7.0,12.125,7.0,61.0,0.0,0.0,1.0
2016-11-23,1,1611231,91.3408874396352,7.0,10.0,5.0,10.0,0.0,0.0,1.0
2016-11-23,2,1611232,228.728425858361,7.0,10.0,5.0,10.0,0.0,0.0,1.0
2016-11-23,3,1611233,91.490933306852,7.0,10.0,5.0,10.0,0.0,0.0,1.0
2016-11-23,4,1611234,43.216005794062,7.0,10.0,5.0,10.0,0.0,0.0,1.0
2016-11-23,5,1611235,186.927185150032,7.0,10.0,5.0,10.0,0.0,0.0,1.0
2016-11-23,6,1611236,59.2188630915755,7.0,10.0,5.0,10.0,0.0,0.0,1.0
2016-11-24,1,1611241,122.474432163973,0.0,4.5,8.0,10.0,0.0,0.0,1.0
2016-11-24,2,1611242,260.982600573745,0.0,4.5,8.0,10.0,0.0,0.0,1.0
2016-11-24,3,1611243,92.4017737531051,0.0,4.5,8.0,10.0,0.0,0.0,1.0
2016-11-24,4,1611244,37.1306198924289,0.0,4.5,8.0,10.0,0.0,0.0,1.0
2016-11-24,5,1611245,248.731233780428,0.0,4.5,8.0,10.0,0.0,0.0,1.0
2016-11-24,6,1611246,116.904606639941,0.0,4.5,8.0,10.0,0.0,0.0,1.0
2016-11-25,1,1611251,82.9237972563907,7.0,4.0,4.0,45.0,0.0,0.0,1.0
2016-11-25,2,1611252,273.012101942408,7.0,4.0,4.0,45.0,0.0,0.0,1.0
2016-11-25,3,1611253,100.690163238234,7.0,4.0,4.0,45.0,0.0,0.0,1.0
2016-11-25,4,1611254,82.6037845116303,7.0,4.0,4.0,45.0,0.0,0.0,1.0
2016-11-25,5,1611255,209.376976714726,7.0,4.0,4.0,45.0,0.0,0.0,1.0
2016-11-25,6,1611256,110.485453579136,7.0,4.0,4.0,45.0,0.0,0.0,1.0
2016-11-26,1,1611261,116.639176452944,7.0,5.875,10.0,61.0,0.0,0.0,1.0
2016-11-26,2,1611262,352.306886988669,7.0,5.875,10.0,61.0,0.0,0.0,1.0
2016-11-26,3,1611263,129.982834329394,7.0,5.875,10.0,61.0,0.0,0.0,1.0
2016-11-26,4,1611264,75.884321074918,7.0,5.875,10.0,61.0,0.0,0.0,1.0
2016-11-26,5,1611265,210.854307834817,7.0,5.875,10.0,61.0,0.0,0.0,1.0
2016-11-26,6,1611266,120.980209456819,7.0,5.875,10.0,61.0,0.0,0.0,1.0
2016-11-27,1,1611271,49.7963022970208,0.0,5.625,9.0,5.0,0.0,0.0,1.0
2016-11-27,2,1611272,469.43311875982,0.0,5.625,9.0,5.0,0.0,0.0,1.0
2016-11-27,3,1611273,157.081764001948,0.0,5.625,9.0,5.0,0.0,0.0,1.0
2016-11-27,4,1611274,114.122887017882,0.0,5.625,9.0,5.0,0.0,0.0,1.0
2016-11-27,5,1611275,300.546532404022,0.0,5.625,9.0,5.0,0.0,0.0,1.0
2016-11-27,6,1611276,100.104662588903,0.0,5.625,9.0,5.0,0.0,0.0,1.0
2016-11-28,1,1611281,112.658765618467,1.0,2.875,11.0,5.0,0.0,0.0,1.0
2016-11-28,2,1611282,250.19685466648,1.0,2.875,11.0,5.0,0.0,0.0,1.0
2016-11-28,3,1611283,93.4531134753644,1.0,2.875,11.0,5.0,0.0,0.0,1.0
2016-11-28,4,1611284,98.6464707783414,1.0,2.875,11.0,5.0,0.0,0.0,1.0
2016-11-28,5,1611285,195.698957062903,1.0,2.875,11.0,5.0,0.0,0.0,1.0
2016-11-28,6,1611286,50.5443755257431,1.0,2.875,11.0,5.0,0.0,0.0,1.0
2016-11-29,1,1611291,103.870082800741,3.0,3.0,9.0,10.0,0.0,0.0,1.0
2016-11-29,2,1611292,267.035376741299,3.0,3.0,9.0,10.0,0.0,0.0,1.0
2016-11-29,3,1611293,89.3040391726829,3.0,3.0,9.0,10.0,0.0,0.0,1.0
2016-11-29,4,1611294,65.931094292729,3.0,3.0,9.0,10.0,0.0,0.0,1.0
2016-11-29,5,1611295,199.6338632632,3.0,3.0,9.0,10.0,0.0,0.0,1.0
2016-11-29,6,1611296,94.936577234626,3.0,3.0,9.0,10.0,0.0,0.0,1.0
2016-11-30,1,1611301,128.456546571317,7.0,6.25,12.0,61.0,0.0,0.0,1.0
2016-11-30,2,1611302,269.284875545542,7.0,6.25,12.0,61.0,0.0,0.0,1.0
2016-11-30,3,1611303,85.4312169839517,7.0,6.25,12.0,61.0,0.0,0.0,1.0
2016-11-30,4,1611304,65.5482234967467,7.0,6.25,12.0,61.0,0.0,0.0,1.0
2016-11-30,5,1611305,156.243629364589,7.0,6.25,12.0,61.0,0.0,0.0,1.0
2016-11-30,6,1611306,69.1423951554017,7.0,6.25,12.0,61.0,0.0,0.0,1.0
2016-12-01,1,1612011,107.538858358439,8.0,8.5,19.0,61.0,0.0,0.0,1.0
2016-12-01,2,1612012,289.176303581184,8.0,8.5,19.0,61.0,0.0,0.0,1.0
2016-12-01,3,1612013,85.9494985489893,8.0,8.5,19.0,61.0,0.0,0.0,1.0
2016-12-01,4,1612014,73.0318577251844,8.0,8.5,19.0,61.0,0.0,0.0,1.0
2016-12-01,5,1612015,143.829997159402,8.0,8.5,19.0,61.0,0.0,0.0,1.0
2016-12-01,6,1612016,81.5257620674089,8.0,8.5,19.0,61.0,0.0,0.0,1.0
2016-12-02,1,1612021,94.5038724434251,0.0,3.625,8.0,0.0,0.0,0.0,1.0
2016-12-02,2,1612022,251.175708024115,0.0,3.625,8.0,0.0,0.0,0.0,1.0
2016-12-02,3,1612023,77.2714433251357,0.0,3.625,8.0,0.0,0.0,0.0,1.0
2016-12-02,4,1612024,56.1898608815284,0.0,3.625,8.0,0.0,0.0,0.0,1.0
2016-12-02,5,1612025,166.953409468071,0.0,3.625,8.0,0.0,0.0,0.0,1.0
2016-12-02,6,1612026,120.419034503586,0.0,3.625,8.0,0.0,0.0,0.0,1.0
2016-12-03,1,1612031,122.439207453624,4.0,-0.75,6.0,49.0,0.0,0.0,1.0
2016-12-03,2,1612032,303.777431914782,4.0,-0.75,6.0,49.0,0.0,0.0,1.0
2016-12-03,3,1612033,106.214827776906,4.0,-0.75,6.0,49.0,0.0,0.0,1.0
2016-12-03,4,1612034,68.03104342742,4.0,-0.75,6.0,49.0,0.0,0.0,1.0
2016-12-03,5,1612035,208.248215747008,4.0,-0.75,6.0,49.0,0.0,0.0,1.0
2016-12-03,6,1612036,102.031102607989,4.0,-0.75,6.0,49.0,0.0,0.0,1.0
2016-12-04,1,1612041,70.0253014166919,8.0,4.125,6.0,49.0,0.0,0.0,1.0
2016-12-04,2,1612042,425.776045338157,8.0,4.125,6.0,49.0,0.0,0.0,1.0
2016-12-04,3,1612043,125.514576263244,8.0,4.125,6.0,49.0,0.0,0.0,1.0
2016-12-04,4,1612044,158.468179526554,8.0,4.125,6.0,49.0,0.0,0.0,1.0
2016-12-04,5,1612045,237.541910926685,8.0,4.125,6.0,49.0,0.0,0.0,1.0
2016-12-04,6,1612046,63.954384003579,8.0,4.125,6.0,49.0,0.0,0.0,1.0
2016-12-05,1,1612051,119.636013828757,7.0,3.0,7.0,49.0,0.0,0.0,1.0
2016-12-05,2,1612052,248.023029715188,7.0,3.0,7.0,49.0,0.0,0.0,1.0
2016-12-05,3,1612053,95.5090556206996,7.0,3.0,7.0,49.0,0.0,0.0,1.0
2016-12-05,4,1612054,71.3207699523391,7.0,3.0,7.0,49.0,0.0,0.0,1.0
2016-12-05,5,1612055,166.823017109082,7.0,3.0,7.0,49.0,0.0,0.0,1.0
2016-12-05,6,1612056,71.6927561189485,7.0,3.0,7.0,49.0,0.0,0.0,1.0
2016-12-06,1,1612061,98.3868204798713,7.0,6.25,5.0,61.0,0.0,0.0,1.0
2016-12-06,2,1612062,242.026570423275,7.0,6.25,5.0,61.0,0.0,0.0,1.0
2016-12-06,3,1612063,70.1343151458493,7.0,6.25,5.0,61.0,0.0,0.0,1.0
2016-12-06,4,1612064,74.8709420444816,7.0,6.25,5.0,61.0,0.0,0.0,1.0
2016-12-06,5,1612065,178.942242034096,7.0,6.25,5.0,61.0,0.0,0.0,1.0
2016-12-06,6,1612066,170.032387317823,7.0,6.25,5.0,61.0,0.0,0.0,1.0
2016-12-07,1,1612071,106.089285160058,7.0,4.5,10.0,61.0,0.0,0.0,1.0
2016-12-07,2,1612072,254.664630713786,7.0,4.5,10.0,61.0,0.0,0.0,1.0
2016-12-07,3,1612073,85.2212886860415,7.0,4.5,10.0,61.0,0.0,0.0,1.0
2016-12-07,4,1612074,54.436418005143,7.0,4.5,10.0,61.0,0.0,0.0,1.0
2016-12-07,5,1612075,188.683723175965,7.0,4.5,10.0,61.0,0.0,0.0,1.0
2016-12-07,6,1612076,72.0570080200053,7.0,4.5,10.0,61.0,0.0,0.0,1.0
2016-12-08,1,1612081,127.742791107649,8.0,8.625,12.0,10.0,0.0,0.0,1.0
2016-12-08,2,1612082,286.690546648509,8.0,8.625,12.0,10.0,0.0,0.0,1.0
2016-12-08,3,1612083,85.9084157115656,8.0,8.625,12.0,10.0,0.0,0.0,1.0
2016-12-08,4,1612084,67.8059676809944,8.0,8.625,12.0,10.0,0.0,0.0,1.0
2016-12-08,5,1612085,169.625279584177,8.0,8.625,12.0,10.0,0.0,0.0,1.0
2016-12-08,6,1612086,125.010960620127,8.0,8.625,12.0,10.0,0.0,0.0,1.0
2016-12-09,1,1612091,81.5452124764518,7.0,8.875,13.0,20.0,0.0,0.0,1.0
2016-12-09,2,1612092,240.502242286095,7.0,8.875,13.0,20.0,0.0,0.0,1.0
2016-12-09,3,1612093,81.3562481298833,7.0,8.875,13.0,20.0,0.0,0.0,1.0
2016-12-09,4,1612094,49.4876098998061,7.0,8.875,13.0,20.0,0.0,0.0,1.0
2016-12-09,5,1612095,158.641062469319,7.0,8.875,13.0,20.0,0.0,0.0,1.0
2016-12-09,6,1612096,94.4315326169962,7.0,8.875,13.0,20.0,0.0,0.0,1.0
2016-12-10,1,1612101,82.9865412318734,7.0,9.5,10.0,61.0,0.0,0.0,1.0
2016-12-10,2,1612102,345.301145371851,7.0,9.5,10.0,61.0,0.0,0.0,1.0
2016-12-10,3,1612103,101.293319783939,7.0,9.5,10.0,61.0,0.0,0.0,1.0
2016-12-10,4,1612104,82.5554594056483,7.0,9.5,10.0,61.0,0.0,0.0,1.0
2016-12-10,5,1612105,227.874681711629,7.0,9.5,10.0,61.0,0.0,0.0,1.0
2016-12-10,6,1612106,128.057208409031,7.0,9.5,10.0,61.0,0.0,0.0,1.0
2016-12-11,1,1612111,58.5289054212942,7.0,7.1875,7.0,61.0,0.0,0.0,1.0
2016-12-11,2,1612112,486.685095537576,7.0,7.1875,7.0,61.0,0.0,0.0,1.0
2016-12-11,3,1612113,176.390387266873,7.0,7.1875,7.0,61.0,0.0,0.0,1.0
2016-12-11,4,1612114,122.393092255363,7.0,7.1875,7.0,61.0,0.0,0.0,1.0
2016-12-11,5,1612115,263.596298985189,7.0,7.1875,7.0,61.0,0.0,0.0,1.0
2016-12-11,6,1612116,84.5644203966836,7.0,7.1875,7.0,61.0,0.0,0.0,1.0
2016-12-12,1,1612121,89.5461152835577,7.0,4.875,4.0,61.0,0.0,0.0,1.0
2016-12-12,2,1612122,207.604751430375,7.0,4.875,4.0,61.0,0.0,0.0,1.0
2016-12-12,3,1612123,77.6737672684405,7.0,4.875,4.0,61.0,0.0,0.0,1.0
2016-12-12,4,1612124,64.6764106485914,7.0,4.875,4.0,61.0,0.0,0.0,1.0
2016-12-12,5,1612125,139.544487412734,7.0,4.875,4.0,61.0,0.0,0.0,1.0
2016-12-12,6,1612126,76.8451108268975,7.0,4.875,4.0,61.0,0.0,0.0,1.0
2016-12-13,1,1612131,86.1880456725954,7.0,6.285714,5.0,10.0,0.0,0.0,1.0
2016-12-13,2,1612132,233.770001608963,7.0,6.285714,5.0,10.0,0.0,0.0,1.0
2016-12-13,3,1612133,96.7761934509133,7.0,6.285714,5.0,10.0,0.0,0.0,1.0
2016-12-13,4,1612134,85.6826779457696,7.0,6.285714,5.0,10.0,0.0,0.0,1.0
2016-12-13,5,1612135,167.907720101753,7.0,6.285714,5.0,10.0,0.0,0.0,1.0
2016-12-13,6,1612136,65.1120642648545,7.0,6.285714,5.0,10.0,0.0,0.0,1.0
2016-12-14,1,1612141,75.4039519341152,7.0,4.625,6.0,45.0,0.0,0.0,1.0
2016-12-14,2,1612142,221.942272035382,7.0,4.625,6.0,45.0,0.0,0.0,1.0
2016-12-14,3,1612143,37.7392454247434,7.0,4.625,6.0,45.0,0.0,0.0,1.0
2016-12-14,4,1612144,37.7356552333979,7.0,4.625,6.0,45.0,0.0,0.0,1.0
2016-12-14,5,1612145,151.302391065882,7.0,4.625,6.0,45.0,0.0,0.0,1.0
2016-12-14,6,1612146,74.2674362412923,7.0,4.625,6.0,45.0,0.0,0.0,1.0
2016-12-15,1,1612151,137.130260969332,7.0,0.0,8.0,49.0,0.0,0.0,1.0
2016-12-15,2,1612152,249.859463715467,7.0,0.0,8.0,49.0,0.0,0.0,1.0
2016-12-15,3,1612153,73.6976971614453,7.0,0.0,8.0,49.0,0.0,0.0,1.0
2016-12-15,4,1612154,53.5004254895103,7.0,0.0,8.0,49.0,0.0,0.0,1.0
2016-12-15,5,1612155,160.830814816579,7.0,0.0,8.0,49.0,0.0,0.0,1.0
2016-12-15,6,1612156,75.9259389553386,7.0,0.0,8.0,49.0,0.0,0.0,1.0
2016-12-16,1,1612161,86.0242406261287,8.0,-1.0,5.0,10.0,0.0,0.0,1.0
2016-12-16,2,1612162,231.827718336113,8.0,-1.0,5.0,10.0,0.0,0.0,1.0
2016-12-16,3,1612163,81.0877267943151,8.0,-1.0,5.0,10.0,0.0,0.0,1.0
2016-12-16,4,1612164,38.9528425623819,8.0,-1.0,5.0,10.0,0.0,0.0,1.0
2016-12-16,5,1612165,182.735378148739,8.0,-1.0,5.0,10.0,0.0,0.0,1.0
2016-12-16,6,1612166,83.1967350210813,8.0,-1.0,5.0,10.0,0.0,0.0,1.0
2016-12-17,1,1612171,,8.0,2.125,6.0,10.0,0.0,0.0,1.0
2016-12-17,2,1612172,,8.0,2.125,6.0,10.0,0.0,0.0,1.0
2016-12-17,3,1612173,,8.0,2.125,6.0,10.0,0.0,0.0,1.0
2016-12-17,4,1612174,,8.0,2.125,6.0,10.0,0.0,0.0,1.0
2016-12-17,5,1612175,,8.0,2.125,6.0,10.0,0.0,0.0,1.0
2016-12-17,6,1612176,,8.0,2.125,6.0,10.0,0.0,0.0,1.0
2016-12-18,1,1612181,158.08476137293,7.0,7.0,8.0,0.0,0.0,0.0,1.0
2016-12-18,2,1612182,565.041664760473,7.0,7.0,8.0,0.0,0.0,0.0,1.0
2016-12-18,3,1612183,174.728998356701,7.0,7.0,8.0,0.0,0.0,0.0,1.0
2016-12-18,4,1612184,140.136610342031,7.0,7.0,8.0,0.0,0.0,0.0,1.0
2016-12-18,5,1612185,304.116504309465,7.0,7.0,8.0,0.0,0.0,0.0,1.0
2016-12-18,6,1612186,110.772438479613,7.0,7.0,8.0,0.0,0.0,0.0,1.0
2016-12-19,1,1612191,97.2450388316804,8.0,5.75,4.0,0.0,0.0,0.0,1.0
2016-12-19,2,1612192,228.043120399182,8.0,5.75,4.0,0.0,0.0,0.0,1.0
2016-12-19,3,1612193,86.5548623487554,8.0,5.75,4.0,0.0,0.0,0.0,1.0
2016-12-19,4,1612194,94.5628514641113,8.0,5.75,4.0,0.0,0.0,0.0,1.0
2016-12-19,5,1612195,142.177817455165,8.0,5.75,4.0,0.0,0.0,0.0,1.0
2016-12-19,6,1612196,51.7405211861006,8.0,5.75,4.0,0.0,0.0,0.0,1.0
2016-12-20,1,1612201,82.2737744983917,8.0,1.5,7.0,10.0,0.0,0.0,1.0
2016-12-20,2,1612202,230.544660181159,8.0,1.5,7.0,10.0,0.0,0.0,1.0
2016-12-20,3,1612203,62.3552365841189,8.0,1.5,7.0,10.0,0.0,0.0,1.0
2016-12-20,4,1612204,61.1485904856224,8.0,1.5,7.0,10.0,0.0,0.0,1.0
2016-12-20,5,1612205,195.208051721907,8.0,1.5,7.0,10.0,0.0,0.0,1.0
2016-12-20,6,1612206,73.8610197567487,8.0,1.5,7.0,10.0,0.0,0.0,1.0
2016-12-21,1,1612211,107.055526767408,6.0,3.625,10.0,10.0,0.0,1.0,1.0
2016-12-21,2,1612212,262.933974860887,6.0,3.625,10.0,10.0,0.0,1.0,1.0
2016-12-21,3,1612213,101.434261871418,6.0,3.625,10.0,10.0,0.0,1.0,1.0
2016-12-21,4,1612214,63.6403905738695,6.0,3.625,10.0,10.0,0.0,1.0,1.0
2016-12-21,5,1612215,190.449251582024,6.0,3.625,10.0,10.0,0.0,1.0,1.0
2016-12-21,6,1612216,47.2190696131545,6.0,3.625,10.0,10.0,0.0,1.0,1.0
2016-12-22,1,1612221,102.318594196839,7.0,5.25,8.0,61.0,0.0,1.0,1.0
2016-12-22,2,1612222,294.632086675127,7.0,5.25,8.0,61.0,0.0,1.0,1.0
2016-12-22,3,1612223,74.3581509870598,7.0,5.25,8.0,61.0,0.0,1.0,1.0
2016-12-22,4,1612224,56.7151675847979,7.0,5.25,8.0,61.0,0.0,1.0,1.0
2016-12-22,5,1612225,230.090005850979,7.0,5.25,8.0,61.0,0.0,1.0,1.0
2016-12-22,6,1612226,54.3229595577533,7.0,5.25,8.0,61.0,0.0,1.0,1.0
2016-12-23,1,1612231,189.733379813939,7.0,6.375,9.0,10.0,0.0,1.0,1.0
2016-12-23,2,1612232,320.332320272135,7.0,6.375,9.0,10.0,0.0,1.0,1.0
2016-12-23,3,1612233,100.734575177249,7.0,6.375,9.0,10.0,0.0,1.0,1.0
2016-12-23,4,1612234,84.3598588704714,7.0,6.375,9.0,10.0,0.0,1.0,1.0
2016-12-23,5,1612235,187.041433421959,7.0,6.375,9.0,10.0,0.0,1.0,1.0
2016-12-23,6,1612236,133.499200389925,7.0,6.375,9.0,10.0,0.0,1.0,1.0
2016-12-24,1,1612241,182.243850046631,6.0,6.125,14.0,95.0,0.0,1.0,1.0
2016-12-24,2,1612242,435.412836448077,6.0,6.125,14.0,95.0,0.0,1.0,1.0
2016-12-24,3,1612243,77.6179363690156,6.0,6.125,14.0,95.0,0.0,1.0,1.0
2016-12-24,4,1612244,95.06649534546,6.0,6.125,14.0,95.0,0.0,1.0,1.0
2016-12-24,5,1612245,223.415195457351,6.0,6.125,14.0,95.0,0.0,1.0,1.0
2016-12-24,6,1612246,39.5775381438053,6.0,6.125,14.0,95.0,0.0,1.0,1.0
2016-12-25,1,1612251,,7.0,9.375,16.0,61.0,0.0,1.0,1.0
2016-12-25,2,1612252,,7.0,9.375,16.0,61.0,0.0,1.0,1.0
2016-12-25,3,1612253,,7.0,9.375,16.0,61.0,0.0,1.0,1.0
2016-12-25,4,1612254,,7.0,9.375,16.0,61.0,0.0,1.0,1.0
2016-12-25,5,1612255,,7.0,9.375,16.0,61.0,0.0,1.0,1.0
2016-12-25,6,1612256,,7.0,9.375,16.0,61.0,0.0,1.0,1.0
2016-12-26,1,1612261,,4.0,6.875,25.0,22.0,0.0,1.0,1.0
2016-12-26,2,1612262,,4.0,6.875,25.0,22.0,0.0,1.0,1.0
2016-12-26,3,1612263,,4.0,6.875,25.0,22.0,0.0,1.0,1.0
2016-12-26,4,1612264,,4.0,6.875,25.0,22.0,0.0,1.0,1.0
2016-12-26,5,1612265,,4.0,6.875,25.0,22.0,0.0,1.0,1.0
2016-12-26,6,1612266,,4.0,6.875,25.0,22.0,0.0,1.0,1.0
2016-12-27,1,1612271,132.534941139693,6.0,8.25,21.0,22.0,0.0,1.0,1.0
2016-12-27,2,1612272,353.797791827776,6.0,8.25,21.0,22.0,0.0,1.0,1.0
2016-12-27,3,1612273,127.178228446889,6.0,8.25,21.0,22.0,0.0,1.0,1.0
2016-12-27,4,1612274,47.0674315395429,6.0,8.25,21.0,22.0,0.0,1.0,1.0
2016-12-27,5,1612275,264.133101710094,6.0,8.25,21.0,22.0,0.0,1.0,1.0
2016-12-27,6,1612276,48.8907184408876,6.0,8.25,21.0,22.0,0.0,1.0,1.0
2016-12-28,1,1612281,92.6053954826362,4.0,7.125,12.0,0.0,0.0,1.0,1.0
2016-12-28,2,1612282,369.891376672855,4.0,7.125,12.0,0.0,0.0,1.0,1.0
2016-12-28,3,1612283,137.541974900339,4.0,7.125,12.0,0.0,0.0,1.0,1.0
2016-12-28,4,1612284,61.4077235816262,4.0,7.125,12.0,0.0,0.0,1.0,1.0
2016-12-28,5,1612285,250.057179010162,4.0,7.125,12.0,0.0,0.0,1.0,1.0
2016-12-28,6,1612286,,4.0,7.125,12.0,0.0,0.0,1.0,1.0
2016-12-29,1,1612291,281.809035845441,3.0,3.75,11.0,10.0,0.0,1.0,1.0
2016-12-29,2,1612292,412.345692402398,3.0,3.75,11.0,10.0,0.0,1.0,1.0
2016-12-29,3,1612293,128.192786610977,3.0,3.75,11.0,10.0,0.0,1.0,1.0
2016-12-29,4,1612294,42.6612128486371,3.0,3.75,11.0,10.0,0.0,1.0,1.0
2016-12-29,5,1612295,229.50561195356,3.0,3.75,11.0,10.0,0.0,1.0,1.0
2016-12-29,6,1612296,25.9982201360405,3.0,3.75,11.0,10.0,0.0,1.0,1.0
2016-12-30,1,1612301,130.743678525635,4.0,1.75,10.0,10.0,0.0,1.0,1.0
2016-12-30,2,1612302,488.254599774454,4.0,1.75,10.0,10.0,0.0,1.0,1.0
2016-12-30,3,1612303,131.355693828947,4.0,1.75,10.0,10.0,0.0,1.0,1.0
2016-12-30,4,1612304,49.5316296726807,4.0,1.75,10.0,10.0,0.0,1.0,1.0
2016-12-30,5,1612305,414.932011356758,4.0,1.75,10.0,10.0,0.0,1.0,1.0
2016-12-30,6,1612306,,4.0,1.75,10.0,10.0,0.0,1.0,1.0
2016-12-31,1,1612311,288.843105743746,7.0,4.875,13.0,28.0,0.0,1.0,1.0
2016-12-31,2,1612312,569.614587079687,7.0,4.875,13.0,28.0,0.0,1.0,1.0
2016-12-31,3,1612313,158.239302804042,7.0,4.875,13.0,28.0,0.0,1.0,1.0
2016-12-31,4,1612314,50.7706476580069,7.0,4.875,13.0,28.0,0.0,1.0,1.0
2016-12-31,5,1612315,1705.14420496386,7.0,4.875,13.0,28.0,0.0,1.0,1.0
2016-12-31,6,1612316,,7.0,4.875,13.0,28.0,0.0,1.0,1.0
2017-01-01,1,1701011,,8.0,5.5,12.0,61.0,0.0,0.0,1.0
2017-01-01,2,1701012,,8.0,5.5,12.0,61.0,0.0,0.0,1.0
2017-01-01,3,1701013,,8.0,5.5,12.0,61.0,0.0,0.0,1.0
2017-01-01,4,1701014,,8.0,5.5,12.0,61.0,0.0,0.0,1.0
2017-01-01,5,1701015,,8.0,5.5,12.0,61.0,0.0,0.0,1.0
2017-01-02,1,1701021,127.942753867048,3.0,1.625,8.0,0.0,0.0,0.0,1.0
2017-01-02,2,1701022,363.785766586536,3.0,1.625,8.0,0.0,0.0,0.0,1.0
2017-01-02,3,1701023,93.0351063272558,3.0,1.625,8.0,0.0,0.0,0.0,1.0
2017-01-02,4,1701024,76.172894548647,3.0,1.625,8.0,0.0,0.0,0.0,1.0
2017-01-02,5,1701025,274.034203659944,3.0,1.625,8.0,0.0,0.0,0.0,1.0
2017-01-03,1,1701031,89.4483348556559,7.0,6.0,16.0,61.0,0.0,0.0,1.0
2017-01-03,2,1701032,309.961108123739,7.0,6.0,16.0,61.0,0.0,0.0,1.0
2017-01-03,3,1701033,80.7863564731785,7.0,6.0,16.0,61.0,0.0,0.0,1.0
2017-01-03,4,1701034,59.602476507477,7.0,6.0,16.0,61.0,0.0,0.0,1.0
2017-01-03,5,1701035,245.081683850067,7.0,6.0,16.0,61.0,0.0,0.0,1.0
2017-01-04,1,1701041,119.050990891285,4.0,4.0,19.0,20.0,0.0,0.0,1.0
2017-01-04,2,1701042,299.025295009328,4.0,4.0,19.0,20.0,0.0,0.0,1.0
2017-01-04,3,1701043,78.2861734025078,4.0,4.0,19.0,20.0,0.0,0.0,1.0
2017-01-04,4,1701044,92.77818043027,4.0,4.0,19.0,20.0,0.0,0.0,1.0
2017-01-04,5,1701045,281.903440110745,4.0,4.0,19.0,20.0,0.0,0.0,1.0
2017-01-05,1,1701051,115.680238055479,4.0,-2.875,15.0,0.0,0.0,0.0,1.0
2017-01-05,2,1701052,336.671269192301,4.0,-2.875,15.0,0.0,0.0,0.0,1.0
2017-01-05,3,1701053,106.740128482748,4.0,-2.875,15.0,0.0,0.0,0.0,1.0
2017-01-05,4,1701054,85.8475651563441,4.0,-2.875,15.0,0.0,0.0,0.0,1.0
2017-01-05,5,1701055,324.891360318795,4.0,-2.875,15.0,0.0,0.0,0.0,1.0
2017-01-06,1,1701061,101.303945374724,1.0,-4.25,6.0,0.0,0.0,0.0,1.0
2017-01-06,2,1701062,275.932996044414,1.0,-4.25,6.0,0.0,0.0,0.0,1.0
2017-01-06,3,1701063,65.3687307096755,1.0,-4.25,6.0,0.0,0.0,0.0,1.0
2017-01-06,4,1701064,72.5514428845978,1.0,-4.25,6.0,0.0,0.0,0.0,1.0
2017-01-06,5,1701065,328.627657201091,1.0,-4.25,6.0,0.0,0.0,0.0,1.0
2017-01-07,1,1701071,71.69205028378,8.0,-0.5,11.0,71.0,0.0,0.0,1.0
2017-01-07,2,1701072,270.247354621077,8.0,-0.5,11.0,71.0,0.0,0.0,1.0
2017-01-07,3,1701073,75.5002630311797,8.0,-0.5,11.0,71.0,0.0,0.0,1.0
2017-01-07,4,1701074,73.3540061918454,8.0,-0.5,11.0,71.0,0.0,0.0,1.0
2017-01-07,5,1701075,266.498427552309,8.0,-0.5,11.0,71.0,0.0,0.0,1.0
2017-01-08,1,1701081,54.8212865043727,8.0,2.25,4.0,10.0,0.0,0.0,1.0
2017-01-08,2,1701082,352.056991405427,8.0,2.25,4.0,10.0,0.0,0.0,1.0
2017-01-08,3,1701083,131.287627179758,8.0,2.25,4.0,10.0,0.0,0.0,1.0
2017-01-08,4,1701084,204.632350244358,8.0,2.25,4.0,10.0,0.0,0.0,1.0
2017-01-08,5,1701085,205.527279466295,8.0,2.25,4.0,10.0,0.0,0.0,1.0
2017-01-09,1,1701091,116.228031726541,8.0,2.5,6.0,20.0,0.0,0.0,1.0
2017-01-09,2,1701092,238.253386603281,8.0,2.5,6.0,20.0,0.0,0.0,1.0
2017-01-09,3,1701093,73.1420980887895,8.0,2.5,6.0,20.0,0.0,0.0,1.0
2017-01-09,4,1701094,57.1273534719678,8.0,2.5,6.0,20.0,0.0,0.0,1.0
2017-01-09,5,1701095,169.571265441278,8.0,2.5,6.0,20.0,0.0,0.0,1.0
2017-01-10,1,1701101,114.536612160932,7.0,2.625,9.0,10.0,0.0,0.0,1.0
2017-01-10,2,1701102,204.467443051391,7.0,2.625,9.0,10.0,0.0,0.0,1.0
2017-01-10,3,1701103,70.6114048326199,7.0,2.625,9.0,10.0,0.0,0.0,1.0
2017-01-10,4,1701104,97.3146919058678,7.0,2.625,9.0,10.0,0.0,0.0,1.0
2017-01-10,5,1701105,203.078663452626,7.0,2.625,9.0,10.0,0.0,0.0,1.0
2017-01-11,1,1701111,49.4763974006414,7.0,4.625,15.0,61.0,0.0,0.0,1.0
2017-01-11,2,1701112,174.999832388788,7.0,4.625,15.0,61.0,0.0,0.0,1.0
2017-01-11,3,1701113,62.0305965135655,7.0,4.625,15.0,61.0,0.0,0.0,1.0
2017-01-11,4,1701114,48.3637668861658,7.0,4.625,15.0,61.0,0.0,0.0,1.0
2017-01-11,5,1701115,191.103238450091,7.0,4.625,15.0,61.0,0.0,0.0,1.0
2017-01-12,1,1701121,73.7827205206854,4.0,4.5,16.0,61.0,0.0,0.0,1.0
2017-01-12,2,1701122,209.351176619157,4.0,4.5,16.0,61.0,0.0,0.0,1.0
2017-01-12,3,1701123,85.5837742718517,4.0,4.5,16.0,61.0,0.0,0.0,1.0
2017-01-12,4,1701124,61.4829250849197,4.0,4.5,16.0,61.0,0.0,0.0,1.0
2017-01-12,5,1701125,172.807199887607,4.0,4.5,16.0,61.0,0.0,0.0,1.0
2017-01-13,1,1701131,114.532728222355,3.0,3.125,7.0,61.0,0.0,0.0,1.0
2017-01-13,2,1701132,226.484139777162,3.0,3.125,7.0,61.0,0.0,0.0,1.0
2017-01-13,3,1701133,79.7615363372838,3.0,3.125,7.0,61.0,0.0,0.0,1.0
2017-01-13,4,1701134,44.2604372068594,3.0,3.125,7.0,61.0,0.0,0.0,1.0
2017-01-13,5,1701135,250.100370325241,3.0,3.125,7.0,61.0,0.0,0.0,1.0
2017-01-14,1,1701141,128.56240804852,2.0,1.75,10.0,61.0,0.0,0.0,1.0
2017-01-14,2,1701142,264.018180316324,2.0,1.75,10.0,61.0,0.0,0.0,1.0
2017-01-14,3,1701143,92.8889849290192,2.0,1.75,10.0,61.0,0.0,0.0,1.0
2017-01-14,4,1701144,114.52388735264,2.0,1.75,10.0,61.0,0.0,0.0,1.0
2017-01-14,5,1701145,281.035649119377,2.0,1.75,10.0,61.0,0.0,0.0,1.0
2017-01-15,1,1701151,57.5415780818905,5.0,1.375,10.0,71.0,0.0,0.0,1.0
2017-01-15,2,1701152,370.953894851707,5.0,1.375,10.0,71.0,0.0,0.0,1.0
2017-01-15,3,1701153,128.991720245868,5.0,1.375,10.0,71.0,0.0,0.0,1.0
2017-01-15,4,1701154,230.136726609361,5.0,1.375,10.0,71.0,0.0,0.0,1.0
2017-01-15,5,1701155,324.290621664852,5.0,1.375,10.0,71.0,0.0,0.0,1.0
2017-01-16,1,1701161,88.9021282031328,0.0,0.25,9.0,0.0,0.0,0.0,1.0
2017-01-16,2,1701162,221.861834510936,0.0,0.25,9.0,0.0,0.0,0.0,1.0
2017-01-16,3,1701163,88.4798588855233,0.0,0.25,9.0,0.0,0.0,0.0,1.0
2017-01-16,4,1701164,72.5723272399196,0.0,0.25,9.0,0.0,0.0,0.0,1.0
2017-01-16,5,1701165,209.248418962616,0.0,0.25,9.0,0.0,0.0,0.0,1.0
2017-01-17,1,1701171,82.1819950215278,7.0,0.5,4.0,10.0,0.0,0.0,1.0
2017-01-17,2,1701172,237.865415972532,7.0,0.5,4.0,10.0,0.0,0.0,1.0
2017-01-17,3,1701173,77.108394146931,7.0,0.5,4.0,10.0,0.0,0.0,1.0
2017-01-17,4,1701174,37.2233303255336,7.0,0.5,4.0,10.0,0.0,0.0,1.0
2017-01-17,5,1701175,179.153676006878,7.0,0.5,4.0,10.0,0.0,0.0,1.0
2017-01-18,1,1701181,88.8649502286419,7.0,0.125,8.0,20.0,0.0,0.0,1.0
2017-01-18,2,1701182,229.183246697448,7.0,0.125,8.0,20.0,0.0,0.0,1.0
2017-01-18,3,1701183,71.9438809937912,7.0,0.125,8.0,20.0,0.0,0.0,1.0
2017-01-18,4,1701184,88.740900134927,7.0,0.125,8.0,20.0,0.0,0.0,1.0
2017-01-18,5,1701185,237.62827116827,7.0,0.125,8.0,20.0,0.0,0.0,1.0
2017-01-19,1,1701191,119.723025026725,8.0,1.5,8.0,61.0,0.0,0.0,1.0
2017-01-19,2,1701192,217.31433192757,8.0,1.5,8.0,61.0,0.0,0.0,1.0
2017-01-19,3,1701193,80.7312120582498,8.0,1.5,8.0,61.0,0.0,0.0,1.0
2017-01-19,4,1701194,63.8146856927061,8.0,1.5,8.0,61.0,0.0,0.0,1.0
2017-01-19,5,1701195,203.847604046575,8.0,1.5,8.0,61.0,0.0,0.0,1.0
2017-01-20,1,1701201,87.1766818830841,8.0,3.625,5.0,21.0,0.0,0.0,1.0
2017-01-20,2,1701202,246.618836422496,8.0,3.625,5.0,21.0,0.0,0.0,1.0
2017-01-20,3,1701203,75.0514615596861,8.0,3.625,5.0,21.0,0.0,0.0,1.0
2017-01-20,4,1701204,83.6270664379288,8.0,3.625,5.0,21.0,0.0,0.0,1.0
2017-01-20,5,1701205,194.750787927686,8.0,3.625,5.0,21.0,0.0,0.0,1.0
2017-01-21,1,1701211,107.032520387605,7.0,5.75,5.0,10.0,0.0,0.0,1.0
2017-01-21,2,1701212,271.392050660175,7.0,5.75,5.0,10.0,0.0,0.0,1.0
2017-01-21,3,1701213,90.1864250970913,7.0,5.75,5.0,10.0,0.0,0.0,1.0
2017-01-21,4,1701214,92.928810396671,7.0,5.75,5.0,10.0,0.0,0.0,1.0
2017-01-21,5,1701215,228.950555168268,7.0,5.75,5.0,10.0,0.0,0.0,1.0
2017-01-22,1,1701221,57.9895653139982,8.0,1.375,5.0,10.0,0.0,0.0,1.0
2017-01-22,2,1701222,378.605208890515,8.0,1.375,5.0,10.0,0.0,0.0,1.0
2017-01-22,3,1701223,147.203478885503,8.0,1.375,5.0,10.0,0.0,0.0,1.0
2017-01-22,4,1701224,121.141203339317,8.0,1.375,5.0,10.0,0.0,0.0,1.0
2017-01-22,5,1701225,274.515010154733,8.0,1.375,5.0,10.0,0.0,0.0,1.0
2017-01-23,1,1701231,86.9879013792807,7.0,1.125,8.0,10.0,0.0,0.0,1.0
2017-01-23,2,1701232,200.650869397269,7.0,1.125,8.0,10.0,0.0,0.0,1.0
2017-01-23,3,1701233,75.9711931108962,7.0,1.125,8.0,10.0,0.0,0.0,1.0
2017-01-23,4,1701234,56.8576684618938,7.0,1.125,8.0,10.0,0.0,0.0,1.0
2017-01-23,5,1701235,227.684752239204,7.0,1.125,8.0,10.0,0.0,0.0,1.0
2017-01-24,1,1701241,95.5104682174382,7.0,1.875,8.0,45.0,0.0,0.0,1.0
2017-01-24,2,1701242,224.008464683995,7.0,1.875,8.0,45.0,0.0,0.0,1.0
2017-01-24,3,1701243,71.6836626592104,7.0,1.875,8.0,45.0,0.0,0.0,1.0
2017-01-24,4,1701244,88.8836214390903,7.0,1.875,8.0,45.0,0.0,0.0,1.0
2017-01-24,5,1701245,232.618667163025,7.0,1.875,8.0,45.0,0.0,0.0,1.0
2017-01-25,1,1701251,64.9830364754336,7.0,-1.25,6.0,49.0,0.0,0.0,1.0
2017-01-25,2,1701252,215.33818679634,7.0,-1.25,6.0,49.0,0.0,0.0,1.0
2017-01-25,3,1701253,63.1089282766633,7.0,-1.25,6.0,49.0,0.0,0.0,1.0
2017-01-25,4,1701254,67.8561608632943,7.0,-1.25,6.0,49.0,0.0,0.0,1.0
2017-01-25,5,1701255,221.039472266449,7.0,-1.25,6.0,49.0,0.0,0.0,1.0
2017-01-26,1,1701261,116.676851600561,6.0,1.0,7.0,10.0,0.0,0.0,1.0
2017-01-26,2,1701262,248.421889120763,6.0,1.0,7.0,10.0,0.0,0.0,1.0
2017-01-26,3,1701263,57.7648589403956,6.0,1.0,7.0,10.0,0.0,0.0,1.0
2017-01-26,4,1701264,83.4163243140965,6.0,1.0,7.0,10.0,0.0,0.0,1.0
2017-01-26,5,1701265,255.782068916167,6.0,1.0,7.0,10.0,0.0,0.0,1.0
2017-01-27,1,1701271,88.2521352952121,0.0,2.142857,7.0,5.0,0.0,0.0,1.0
2017-01-27,2,1701272,247.138197864919,0.0,2.142857,7.0,5.0,0.0,0.0,1.0
2017-01-27,3,1701273,88.9693164758223,0.0,2.142857,7.0,5.0,0.0,0.0,1.0
2017-01-27,4,1701274,134.892150309327,0.0,2.142857,7.0,5.0,0.0,0.0,1.0
2017-01-27,5,1701275,234.634393133873,0.0,2.142857,7.0,5.0,0.0,0.0,1.0
2017-01-28,1,1701281,119.776887506826,1.0,2.875,5.0,5.0,0.0,0.0,1.0
2017-01-28,2,1701282,313.682969192529,1.0,2.875,5.0,5.0,0.0,0.0,1.0
2017-01-28,3,1701283,109.069741792424,1.0,2.875,5.0,5.0,0.0,0.0,1.0
2017-01-28,4,1701284,150.612189036317,1.0,2.875,5.0,5.0,0.0,0.0,1.0
2017-01-28,5,1701285,332.611346798779,1.0,2.875,5.0,5.0,0.0,0.0,1.0
2017-01-29,1,1701291,30.3865291347707,7.0,4.75,8.0,61.0,0.0,0.0,1.0
2017-01-29,2,1701292,379.072962437235,7.0,4.75,8.0,61.0,0.0,0.0,1.0
2017-01-29,3,1701293,137.21086624229,7.0,4.75,8.0,61.0,0.0,0.0,1.0
2017-01-29,4,1701294,182.721053036135,7.0,4.75,8.0,61.0,0.0,0.0,1.0
2017-01-29,5,1701295,221.019629284822,7.0,4.75,8.0,61.0,0.0,0.0,1.0
2017-01-30,1,1701301,95.5900521407205,7.0,2.625,13.0,61.0,0.0,1.0,1.0
2017-01-30,2,1701302,239.843727193044,7.0,2.625,13.0,61.0,0.0,1.0,1.0
2017-01-30,3,1701303,87.292602098661,7.0,2.625,13.0,61.0,0.0,1.0,1.0
2017-01-30,4,1701304,58.6463743359007,7.0,2.625,13.0,61.0,0.0,1.0,1.0
2017-01-30,5,1701305,236.006377891823,7.0,2.625,13.0,61.0,0.0,1.0,1.0
2017-01-31,1,1701311,92.8994636837401,7.0,3.125,15.0,10.0,0.0,1.0,1.0
2017-01-31,2,1701312,221.330857530692,7.0,3.125,15.0,10.0,0.0,1.0,1.0
2017-01-31,3,1701313,97.6009704783781,7.0,3.125,15.0,10.0,0.0,1.0,1.0
2017-01-31,4,1701314,91.3282754946385,7.0,3.125,15.0,10.0,0.0,1.0,1.0
2017-01-31,5,1701315,213.403139400616,7.0,3.125,15.0,10.0,0.0,1.0,1.0
2017-02-01,1,1702011,66.5673255870155,7.0,1.125,8.0,20.0,0.0,0.0,1.0
2017-02-01,2,1702012,239.504840288098,7.0,1.125,8.0,20.0,0.0,0.0,1.0
2017-02-01,3,1702013,58.2224524882749,7.0,1.125,8.0,20.0,0.0,0.0,1.0
2017-02-01,4,1702014,71.90630540414,7.0,1.125,8.0,20.0,0.0,0.0,1.0
2017-02-01,5,1702015,241.547252007214,7.0,1.125,8.0,20.0,0.0,0.0,1.0
2017-02-02,1,1702021,89.9254398203578,7.0,1.75,6.0,61.0,0.0,0.0,1.0
2017-02-02,2,1702022,222.76706749452,7.0,1.75,6.0,61.0,0.0,0.0,1.0
2017-02-02,3,1702023,54.3967685635611,7.0,1.75,6.0,61.0,0.0,0.0,1.0
2017-02-02,4,1702024,71.8568347813858,7.0,1.75,6.0,61.0,0.0,0.0,1.0
2017-02-02,5,1702025,191.633105336455,7.0,1.75,6.0,61.0,0.0,0.0,1.0
2017-02-03,1,1702031,78.3684128353329,7.0,1.625,6.0,45.0,0.0,0.0,1.0
2017-02-03,2,1702032,212.92401534834,7.0,1.625,6.0,45.0,0.0,0.0,1.0
2017-02-03,3,1702033,83.3749446533499,7.0,1.625,6.0,45.0,0.0,0.0,1.0
2017-02-03,4,1702034,77.2719087098648,7.0,1.625,6.0,45.0,0.0,0.0,1.0
2017-02-03,5,1702035,220.640999608196,7.0,1.625,6.0,45.0,0.0,0.0,1.0
2017-02-04,1,1702041,108.219789178826,7.0,5.75,6.0,61.0,0.0,0.0,1.0
2017-02-04,2,1702042,276.252863559981,7.0,5.75,6.0,61.0,0.0,0.0,1.0
2017-02-04,3,1702043,97.3650366684813,7.0,5.75,6.0,61.0,0.0,0.0,1.0
2017-02-04,4,1702044,156.145828217114,7.0,5.75,6.0,61.0,0.0,0.0,1.0
2017-02-04,5,1702045,266.821574321585,7.0,5.75,6.0,61.0,0.0,0.0,1.0
2017-02-05,1,1702051,57.4532745562637,8.0,2.0,10.0,61.0,0.0,0.0,1.0
2017-02-05,2,1702052,374.084257351283,8.0,2.0,10.0,61.0,0.0,0.0,1.0
2017-02-05,3,1702053,126.842276780996,8.0,2.0,10.0,61.0,0.0,0.0,1.0
2017-02-05,4,1702054,148.611259758825,8.0,2.0,10.0,61.0,0.0,0.0,1.0
2017-02-05,5,1702055,244.404283981917,8.0,2.0,10.0,61.0,0.0,0.0,1.0
2017-02-06,1,1702061,132.177431806535,7.0,2.5,12.0,61.0,0.0,0.0,1.0
2017-02-06,2,1702062,237.959555280101,7.0,2.5,12.0,61.0,0.0,0.0,1.0
2017-02-06,3,1702063,91.3622676641499,7.0,2.5,12.0,61.0,0.0,0.0,1.0
2017-02-06,4,1702064,78.7402186288165,7.0,2.5,12.0,61.0,0.0,0.0,1.0
2017-02-06,5,1702065,220.574521924832,7.0,2.5,12.0,61.0,0.0,0.0,1.0
2017-02-07,1,1702071,132.849204976505,7.0,0.0,12.0,77.0,0.0,0.0,1.0
2017-02-07,2,1702072,266.645083093324,7.0,0.0,12.0,77.0,0.0,0.0,1.0
2017-02-07,3,1702073,89.252680922547,7.0,0.0,12.0,77.0,0.0,0.0,1.0
2017-02-07,4,1702074,64.4310797984471,7.0,0.0,12.0,77.0,0.0,0.0,1.0
2017-02-07,5,1702075,250.869064544005,7.0,0.0,12.0,77.0,0.0,0.0,1.0
2017-02-08,1,1702081,117.004984635316,8.0,-2.0,8.0,77.0,0.0,0.0,1.0
2017-02-08,2,1702082,249.061981621222,8.0,-2.0,8.0,77.0,0.0,0.0,1.0
2017-02-08,3,1702083,100.810504587999,8.0,-2.0,8.0,77.0,0.0,0.0,1.0
2017-02-08,4,1702084,62.108564002711,8.0,-2.0,8.0,77.0,0.0,0.0,1.0
2017-02-08,5,1702085,233.337060178352,8.0,-2.0,8.0,77.0,0.0,0.0,1.0
2017-02-09,1,1702091,119.337453228786,8.0,-2.125,11.0,22.0,0.0,0.0,1.0
2017-02-09,2,1702092,250.490563349257,8.0,-2.125,11.0,22.0,0.0,0.0,1.0
2017-02-09,3,1702093,107.639984783785,8.0,-2.125,11.0,22.0,0.0,0.0,1.0
2017-02-09,4,1702094,50.2485860858745,8.0,-2.125,11.0,22.0,0.0,0.0,1.0
2017-02-09,5,1702095,244.597694878654,8.0,-2.125,11.0,22.0,0.0,0.0,1.0
2017-02-10,1,1702101,121.144021086338,7.0,-1.75,16.0,10.0,0.0,0.0,1.0
2017-02-10,2,1702102,261.357365889667,7.0,-1.75,16.0,10.0,0.0,0.0,1.0
2017-02-10,3,1702103,90.3208657475892,7.0,-1.75,16.0,10.0,0.0,0.0,1.0
2017-02-10,4,1702104,68.707358861519,7.0,-1.75,16.0,10.0,0.0,0.0,1.0
2017-02-10,5,1702105,291.991357923282,7.0,-1.75,16.0,10.0,0.0,0.0,1.0
2017-02-11,1,1702111,100.989205252472,7.0,0.0,17.0,0.0,0.0,0.0,1.0
2017-02-11,2,1702112,370.184991912543,7.0,0.0,17.0,0.0,0.0,0.0,1.0
2017-02-11,3,1702113,107.677440690871,7.0,0.0,17.0,0.0,0.0,0.0,1.0
2017-02-11,4,1702114,108.587748137268,7.0,0.0,17.0,0.0,0.0,0.0,1.0
2017-02-11,5,1702115,265.755181023214,7.0,0.0,17.0,0.0,0.0,0.0,1.0
2017-02-12,1,1702121,44.557352092852,8.0,0.375,17.0,10.0,0.0,0.0,1.0
2017-02-12,2,1702122,416.379213088695,8.0,0.375,17.0,10.0,0.0,0.0,1.0
2017-02-12,3,1702123,132.993031450996,8.0,0.375,17.0,10.0,0.0,0.0,1.0
2017-02-12,4,1702124,164.72696827433,8.0,0.375,17.0,10.0,0.0,0.0,1.0
2017-02-12,5,1702125,254.571688425132,8.0,0.375,17.0,10.0,0.0,0.0,1.0
2017-02-13,1,1702131,119.108720290684,0.0,-0.25,10.0,10.0,0.0,0.0,1.0
2017-02-13,2,1702132,253.451793499213,0.0,-0.25,10.0,10.0,0.0,0.0,1.0
2017-02-13,3,1702133,78.6151404289983,0.0,-0.25,10.0,10.0,0.0,0.0,1.0
2017-02-13,4,1702134,66.9857019587524,0.0,-0.25,10.0,10.0,0.0,0.0,1.0
2017-02-13,5,1702135,248.698683073908,0.0,-0.25,10.0,10.0,0.0,0.0,1.0
2017-02-14,1,1702141,141.073519448693,2.0,-0.75,8.0,49.0,0.0,0.0,1.0
2017-02-14,2,1702142,255.75728975769,2.0,-0.75,8.0,49.0,0.0,0.0,1.0
2017-02-14,3,1702143,74.0592957059607,2.0,-0.75,8.0,49.0,0.0,0.0,1.0
2017-02-14,4,1702144,116.314901445917,2.0,-0.75,8.0,49.0,0.0,0.0,1.0
2017-02-14,5,1702145,241.414722898101,2.0,-0.75,8.0,49.0,0.0,0.0,1.0
2017-02-15,1,1702151,100.825877196342,0.0,5.875,4.0,5.0,0.0,0.0,1.0
2017-02-15,2,1702152,278.538706748637,0.0,5.875,4.0,5.0,0.0,0.0,1.0
2017-02-15,3,1702153,98.7987630293648,0.0,5.875,4.0,5.0,0.0,0.0,1.0
2017-02-15,4,1702154,85.8636816313846,0.0,5.875,4.0,5.0,0.0,0.0,1.0
2017-02-15,5,1702155,283.280374872234,0.0,5.875,4.0,5.0,0.0,0.0,1.0
2017-02-16,1,1702161,146.826941839259,7.0,6.25,10.0,61.0,0.0,0.0,1.0
2017-02-16,2,1702162,309.868693401512,7.0,6.25,10.0,61.0,0.0,0.0,1.0
2017-02-16,3,1702163,88.6343385040749,7.0,6.25,10.0,61.0,0.0,0.0,1.0
2017-02-16,4,1702164,76.3790125687554,7.0,6.25,10.0,61.0,0.0,0.0,1.0
2017-02-16,5,1702165,290.37633456587,7.0,6.25,10.0,61.0,0.0,0.0,1.0
2017-02-17,1,1702171,151.638373911674,7.0,6.0,9.0,61.0,0.0,0.0,1.0
2017-02-17,2,1702172,272.294876852516,7.0,6.0,9.0,61.0,0.0,0.0,1.0
2017-02-17,3,1702173,72.4603237114376,7.0,6.0,9.0,61.0,0.0,0.0,1.0
2017-02-17,4,1702174,84.904925270326,7.0,6.0,9.0,61.0,0.0,0.0,1.0
2017-02-17,5,1702175,279.376992517433,7.0,6.0,9.0,61.0,0.0,0.0,1.0
2017-02-18,1,1702181,141.71660063089,7.0,4.625,12.0,20.0,0.0,0.0,1.0
2017-02-18,2,1702182,428.420760681624,7.0,4.625,12.0,20.0,0.0,0.0,1.0
2017-02-18,3,1702183,110.173674444994,7.0,4.625,12.0,20.0,0.0,0.0,1.0
2017-02-18,4,1702184,130.746487752412,7.0,4.625,12.0,20.0,0.0,0.0,1.0
2017-02-18,5,1702185,470.50884355386,7.0,4.625,12.0,20.0,0.0,0.0,1.0
2017-02-19,1,1702191,62.0097969516182,7.0,5.625,8.0,61.0,0.0,0.0,1.0
2017-02-19,2,1702192,447.567200414903,7.0,5.625,8.0,61.0,0.0,0.0,1.0
2017-02-19,3,1702193,143.24278246555,7.0,5.625,8.0,61.0,0.0,0.0,1.0
2017-02-19,4,1702194,161.686427026824,7.0,5.625,8.0,61.0,0.0,0.0,1.0
2017-02-19,5,1702195,314.345356595209,7.0,5.625,8.0,61.0,0.0,0.0,1.0
2017-02-20,1,1702201,66.0328545899126,7.0,8.0,16.0,61.0,0.0,0.0,1.0
2017-02-20,2,1702202,253.268174669793,7.0,8.0,16.0,61.0,0.0,0.0,1.0
2017-02-20,3,1702203,71.0356451081313,7.0,8.0,16.0,61.0,0.0,0.0,1.0
2017-02-20,4,1702204,82.0547293877186,7.0,8.0,16.0,61.0,0.0,0.0,1.0
2017-02-20,5,1702205,172.609783679393,7.0,8.0,16.0,61.0,0.0,0.0,1.0
2017-02-21,1,1702211,109.49615849071,6.0,7.625,18.0,61.0,0.0,0.0,1.0
2017-02-21,2,1702212,228.580529593722,6.0,7.625,18.0,61.0,0.0,0.0,1.0
2017-02-21,3,1702213,73.4145321399375,6.0,7.625,18.0,61.0,0.0,0.0,1.0
2017-02-21,4,1702214,72.2593350833824,6.0,7.625,18.0,61.0,0.0,0.0,1.0
2017-02-21,5,1702215,216.340216270472,6.0,7.625,18.0,61.0,0.0,0.0,1.0
2017-02-22,1,1702221,61.7410274782351,6.0,7.375,20.0,61.0,0.0,0.0,1.0
2017-02-22,2,1702222,190.339694203761,6.0,7.375,20.0,61.0,0.0,0.0,1.0
2017-02-22,3,1702223,71.2165459705098,6.0,7.375,20.0,61.0,0.0,0.0,1.0
2017-02-22,4,1702224,58.1723333446861,6.0,7.375,20.0,61.0,0.0,0.0,1.0
2017-02-22,5,1702225,193.68895968633,6.0,7.375,20.0,61.0,0.0,0.0,1.0
2017-02-23,1,1702231,83.2419409328517,7.0,4.375,22.0,63.0,0.0,0.0,1.0
2017-02-23,2,1702232,211.823498155332,7.0,4.375,22.0,63.0,0.0,0.0,1.0
2017-02-23,3,1702233,64.732366279063,7.0,4.375,22.0,63.0,0.0,0.0,1.0
2017-02-23,4,1702234,68.0279423384753,7.0,4.375,22.0,63.0,0.0,0.0,1.0
2017-02-23,5,1702235,270.503133269846,7.0,4.375,22.0,63.0,0.0,0.0,1.0
2017-02-24,1,1702241,125.53740598929,1.0,4.125,15.0,21.0,0.0,0.0,1.0
2017-02-24,2,1702242,239.782123705357,1.0,4.125,15.0,21.0,0.0,0.0,1.0
2017-02-24,3,1702243,99.2841701711762,1.0,4.125,15.0,21.0,0.0,0.0,1.0
2017-02-24,4,1702244,80.4488608498589,1.0,4.125,15.0,21.0,0.0,0.0,1.0
2017-02-24,5,1702245,316.95394111832,1.0,4.125,15.0,21.0,0.0,0.0,1.0
2017-02-25,1,1702251,115.341612709924,7.0,3.375,12.0,61.0,0.0,0.0,1.0
2017-02-25,2,1702252,312.627992129368,7.0,3.375,12.0,61.0,0.0,0.0,1.0
2017-02-25,3,1702253,114.169995993508,7.0,3.375,12.0,61.0,0.0,0.0,1.0
2017-02-25,4,1702254,109.366704462816,7.0,3.375,12.0,61.0,0.0,0.0,1.0
2017-02-25,5,1702255,234.921803571215,7.0,3.375,12.0,61.0,0.0,0.0,1.0
2017-02-26,1,1702261,51.7803618656751,7.0,7.5,11.0,61.0,0.0,0.0,1.0
2017-02-26,2,1702262,428.913586120998,7.0,7.5,11.0,61.0,0.0,0.0,1.0
2017-02-26,3,1702263,158.09736357214,7.0,7.5,11.0,61.0,0.0,0.0,1.0
2017-02-26,4,1702264,219.070489867947,7.0,7.5,11.0,61.0,0.0,0.0,1.0
2017-02-26,5,1702265,285.771133555259,7.0,7.5,11.0,61.0,0.0,0.0,1.0
2017-02-27,1,1702271,122.569495991968,8.0,10.75,11.0,61.0,0.0,0.0,1.0
2017-02-27,2,1702272,309.386402370393,8.0,10.75,11.0,61.0,0.0,0.0,1.0
2017-02-27,3,1702273,84.7166976739322,8.0,10.75,11.0,61.0,0.0,0.0,1.0
2017-02-27,4,1702274,79.9282396414421,8.0,10.75,11.0,61.0,0.0,0.0,1.0
2017-02-27,5,1702275,225.788574192508,8.0,10.75,11.0,61.0,0.0,0.0,1.0
2017-02-28,1,1702281,83.0765621031534,6.0,6.0,15.0,21.0,0.0,0.0,1.0
2017-02-28,2,1702282,229.94140636776,6.0,6.0,15.0,21.0,0.0,0.0,1.0
2017-02-28,3,1702283,55.6773803478843,6.0,6.0,15.0,21.0,0.0,0.0,1.0
2017-02-28,4,1702284,63.4128404969572,6.0,6.0,15.0,21.0,0.0,0.0,1.0
2017-02-28,5,1702285,217.112882821244,6.0,6.0,15.0,21.0,0.0,0.0,1.0
2017-03-01,1,1703011,125.217450323725,6.0,5.0,14.0,63.0,0.0,0.0,1.0
2017-03-01,2,1703012,249.680771523383,6.0,5.0,14.0,63.0,0.0,0.0,1.0
2017-03-01,3,1703013,81.196753748226,6.0,5.0,14.0,63.0,0.0,0.0,1.0
2017-03-01,4,1703014,63.9917334574785,6.0,5.0,14.0,63.0,0.0,0.0,1.0
2017-03-01,5,1703015,184.419259396229,6.0,5.0,14.0,63.0,0.0,0.0,1.0
2017-03-02,1,1703021,129.890356481374,3.0,6.5,16.0,21.0,0.0,0.0,1.0
2017-03-02,2,1703022,236.090084433661,3.0,6.5,16.0,21.0,0.0,0.0,1.0
2017-03-02,3,1703023,93.1703797209382,3.0,6.5,16.0,21.0,0.0,0.0,1.0
2017-03-02,4,1703024,88.5170198704386,3.0,6.5,16.0,21.0,0.0,0.0,1.0
2017-03-02,5,1703025,208.162352876757,3.0,6.5,16.0,21.0,0.0,0.0,1.0
2017-03-03,1,1703031,87.3180596980489,2.0,8.375,10.0,0.0,0.0,0.0,1.0
2017-03-03,2,1703032,238.976721219758,2.0,8.375,10.0,0.0,0.0,0.0,1.0
2017-03-03,3,1703033,102.152065009225,2.0,8.375,10.0,0.0,0.0,0.0,1.0
2017-03-03,4,1703034,117.704319583557,2.0,8.375,10.0,0.0,0.0,0.0,1.0
2017-03-03,5,1703035,233.433296191023,2.0,8.375,10.0,0.0,0.0,0.0,1.0
2017-03-04,1,1703041,98.7435434121811,6.0,9.125,5.0,5.0,0.0,0.0,1.0
2017-03-04,2,1703042,294.842273268246,6.0,9.125,5.0,5.0,0.0,0.0,1.0
2017-03-04,3,1703043,106.326572981857,6.0,9.125,5.0,5.0,0.0,0.0,1.0
2017-03-04,4,1703044,106.359853382428,6.0,9.125,5.0,5.0,0.0,0.0,1.0
2017-03-04,5,1703045,244.654903697285,6.0,9.125,5.0,5.0,0.0,0.0,1.0
2017-03-05,1,1703051,34.5835550634367,7.0,7.375,12.0,61.0,0.0,0.0,1.0
2017-03-05,2,1703052,402.778273319068,7.0,7.375,12.0,61.0,0.0,0.0,1.0
2017-03-05,3,1703053,135.958950858257,7.0,7.375,12.0,61.0,0.0,0.0,1.0
2017-03-05,4,1703054,140.485447246568,7.0,7.375,12.0,61.0,0.0,0.0,1.0
2017-03-05,5,1703055,237.230130489581,7.0,7.375,12.0,61.0,0.0,0.0,1.0
2017-03-06,1,1703061,89.6750437494664,8.0,3.75,17.0,0.0,0.0,0.0,1.0
2017-03-06,2,1703062,243.60177838846,8.0,3.75,17.0,0.0,0.0,0.0,1.0
2017-03-06,3,1703063,86.9960424642728,8.0,3.75,17.0,0.0,0.0,0.0,1.0
2017-03-06,4,1703064,81.6378419412611,8.0,3.75,17.0,0.0,0.0,0.0,1.0
2017-03-06,5,1703065,237.36778410527,8.0,3.75,17.0,0.0,0.0,0.0,1.0
2017-03-07,1,1703071,100.15087379542,7.0,1.75,7.0,20.0,0.0,0.0,1.0
2017-03-07,2,1703072,220.995436239232,7.0,1.75,7.0,20.0,0.0,0.0,1.0
2017-03-07,3,1703073,83.4283849697076,7.0,1.75,7.0,20.0,0.0,0.0,1.0
2017-03-07,4,1703074,67.1621281398369,7.0,1.75,7.0,20.0,0.0,0.0,1.0
2017-03-07,5,1703075,221.073127599374,7.0,1.75,7.0,20.0,0.0,0.0,1.0
2017-03-08,1,1703081,94.9229502187465,6.0,5.75,9.0,61.0,0.0,0.0,1.0
2017-03-08,2,1703082,229.762106992602,6.0,5.75,9.0,61.0,0.0,0.0,1.0
2017-03-08,3,1703083,82.5934194590142,6.0,5.75,9.0,61.0,0.0,0.0,1.0
2017-03-08,4,1703084,66.6334195345118,6.0,5.75,9.0,61.0,0.0,0.0,1.0
2017-03-08,5,1703085,172.894375808564,6.0,5.75,9.0,61.0,0.0,0.0,1.0
2017-03-09,1,1703091,111.351351910469,7.0,7.375,8.0,21.0,0.0,0.0,1.0
2017-03-09,2,1703092,270.975919358021,7.0,7.375,8.0,21.0,0.0,0.0,1.0
2017-03-09,3,1703093,71.3137895523492,7.0,7.375,8.0,21.0,0.0,0.0,1.0
2017-03-09,4,1703094,60.757612565121,7.0,7.375,8.0,21.0,0.0,0.0,1.0
2017-03-09,5,1703095,201.981974396535,7.0,7.375,8.0,21.0,0.0,0.0,1.0
2017-03-10,1,1703101,100.450621108239,4.0,8.75,16.0,0.0,0.0,0.0,1.0
2017-03-10,2,1703102,269.069152280242,4.0,8.75,16.0,0.0,0.0,0.0,1.0
2017-03-10,3,1703103,85.9999360805292,4.0,8.75,16.0,0.0,0.0,0.0,1.0
2017-03-10,4,1703104,81.8267970341715,4.0,8.75,16.0,0.0,0.0,0.0,1.0
2017-03-10,5,1703105,220.561031064227,4.0,8.75,16.0,0.0,0.0,0.0,1.0
2017-03-11,1,1703111,121.869883897373,2.0,7.75,9.0,0.0,0.0,0.0,1.0
2017-03-11,2,1703112,275.941241422517,2.0,7.75,9.0,0.0,0.0,0.0,1.0
2017-03-11,3,1703113,108.418382637731,2.0,7.75,9.0,0.0,0.0,0.0,1.0
2017-03-11,4,1703114,133.379795484216,2.0,7.75,9.0,0.0,0.0,0.0,1.0
2017-03-11,5,1703115,270.40812557297,2.0,7.75,9.0,0.0,0.0,0.0,1.0
2017-03-12,1,1703121,95.7356255719552,6.0,6.375,9.0,0.0,0.0,0.0,1.0
2017-03-12,2,1703122,491.90798485682,6.0,6.375,9.0,0.0,0.0,0.0,1.0
2017-03-12,3,1703123,124.789965526841,6.0,6.375,9.0,0.0,0.0,0.0,1.0
2017-03-12,4,1703124,185.780111123125,6.0,6.375,9.0,0.0,0.0,0.0,1.0
2017-03-12,5,1703125,314.763402436625,6.0,6.375,9.0,0.0,0.0,0.0,1.0
2017-03-13,1,1703131,120.053295378394,7.0,6.625,7.0,5.0,0.0,0.0,1.0
2017-03-13,2,1703132,242.464512144723,7.0,6.625,7.0,5.0,0.0,0.0,1.0
2017-03-13,3,1703133,97.5939745535462,7.0,6.625,7.0,5.0,0.0,0.0,1.0
2017-03-13,4,1703134,36.8342602340521,7.0,6.625,7.0,5.0,0.0,0.0,1.0
2017-03-13,5,1703135,172.62499140603,7.0,6.625,7.0,5.0,0.0,0.0,1.0
2017-03-14,1,1703141,87.0000890332702,6.0,10.5,13.0,0.0,0.0,0.0,1.0
2017-03-14,2,1703142,243.409665197197,6.0,10.5,13.0,0.0,0.0,0.0,1.0
2017-03-14,3,1703143,83.7407885397308,6.0,10.5,13.0,0.0,0.0,0.0,1.0
2017-03-14,4,1703144,75.3949001762448,6.0,10.5,13.0,0.0,0.0,0.0,1.0
2017-03-14,5,1703145,231.454950724527,6.0,10.5,13.0,0.0,0.0,0.0,1.0
2017-03-15,1,1703151,92.6236598779842,0.0,9.25,16.0,5.0,0.0,0.0,1.0
2017-03-15,2,1703152,241.207717005148,0.0,9.25,16.0,5.0,0.0,0.0,1.0
2017-03-15,3,1703153,64.5780317895003,0.0,9.25,16.0,5.0,0.0,0.0,1.0
2017-03-15,4,1703154,84.2638211334626,0.0,9.25,16.0,5.0,0.0,0.0,1.0
2017-03-15,5,1703155,228.879500278325,0.0,9.25,16.0,5.0,0.0,0.0,1.0
2017-03-16,1,1703161,110.643982291844,5.0,11.75,9.0,5.0,0.0,0.0,1.0
2017-03-16,2,1703162,227.081015697025,5.0,11.75,9.0,5.0,0.0,0.0,1.0
2017-03-16,3,1703163,71.8054617106975,5.0,11.75,9.0,5.0,0.0,0.0,1.0
2017-03-16,4,1703164,61.6572117456336,5.0,11.75,9.0,5.0,0.0,0.0,1.0
2017-03-16,5,1703165,213.804929252107,5.0,11.75,9.0,5.0,0.0,0.0,1.0
2017-03-17,1,1703171,112.504534119038,6.0,6.75,18.0,63.0,0.0,0.0,1.0
2017-03-17,2,1703172,225.002939044633,6.0,6.75,18.0,63.0,0.0,0.0,1.0
2017-03-17,3,1703173,82.3548698176422,6.0,6.75,18.0,63.0,0.0,0.0,1.0
2017-03-17,4,1703174,90.533610402315,6.0,6.75,18.0,63.0,0.0,0.0,1.0
2017-03-17,5,1703175,190.177419969815,6.0,6.75,18.0,63.0,0.0,0.0,1.0
2017-03-18,1,1703181,106.208725638613,5.0,6.875,22.0,21.0,0.0,0.0,1.0
2017-03-18,2,1703182,287.843905619013,5.0,6.875,22.0,21.0,0.0,0.0,1.0
2017-03-18,3,1703183,102.87506239681,5.0,6.875,22.0,21.0,0.0,0.0,1.0
2017-03-18,4,1703184,113.966410569379,5.0,6.875,22.0,21.0,0.0,0.0,1.0
2017-03-18,5,1703185,241.153245549975,5.0,6.875,22.0,21.0,0.0,0.0,1.0
2017-03-19,1,1703191,36.557110132907,8.0,3.875,9.0,79.0,0.0,0.0,1.0
2017-03-19,2,1703192,381.163708694666,8.0,3.875,9.0,79.0,0.0,0.0,1.0
2017-03-19,3,1703193,109.641199449158,8.0,3.875,9.0,79.0,0.0,0.0,1.0
2017-03-19,4,1703194,115.495208167488,8.0,3.875,9.0,79.0,0.0,0.0,1.0
2017-03-19,5,1703195,229.126982582804,8.0,3.875,9.0,79.0,0.0,0.0,1.0
2017-03-20,1,1703201,97.3489147113908,7.0,10.25,8.0,61.0,0.0,0.0,1.0
2017-03-20,2,1703202,225.438695753547,7.0,10.25,8.0,61.0,0.0,0.0,1.0
2017-03-20,3,1703203,73.0242608684537,7.0,10.25,8.0,61.0,0.0,0.0,1.0
2017-03-20,4,1703204,51.316960690722,7.0,10.25,8.0,61.0,0.0,0.0,1.0
2017-03-20,5,1703205,183.265133200934,7.0,10.25,8.0,61.0,0.0,0.0,1.0
2017-03-21,1,1703211,126.927370810771,5.0,8.75,20.0,21.0,0.0,0.0,1.0
2017-03-21,2,1703212,234.577222381036,5.0,8.75,20.0,21.0,0.0,0.0,1.0
2017-03-21,3,1703213,92.1372741343699,5.0,8.75,20.0,21.0,0.0,0.0,1.0
2017-03-21,4,1703214,100.759683299883,5.0,8.75,20.0,21.0,0.0,0.0,1.0
2017-03-21,5,1703215,216.705423653414,5.0,8.75,20.0,21.0,0.0,0.0,1.0
2017-03-22,1,1703221,101.415037514976,0.0,10.75,11.0,0.0,0.0,0.0,1.0
2017-03-22,2,1703222,239.754869003961,0.0,10.75,11.0,0.0,0.0,0.0,1.0
2017-03-22,3,1703223,101.654984780132,0.0,10.75,11.0,0.0,0.0,0.0,1.0
2017-03-22,4,1703224,81.269583581414,0.0,10.75,11.0,0.0,0.0,0.0,1.0
2017-03-22,5,1703225,185.865995045763,0.0,10.75,11.0,0.0,0.0,0.0,1.0
2017-03-23,1,1703231,100.177760988448,4.0,8.125,11.0,0.0,0.0,0.0,1.0
2017-03-23,2,1703232,242.789527548901,4.0,8.125,11.0,0.0,0.0,0.0,1.0
2017-03-23,3,1703233,81.3953457468891,4.0,8.125,11.0,0.0,0.0,0.0,1.0
2017-03-23,4,1703234,70.849572294015,4.0,8.125,11.0,0.0,0.0,0.0,1.0
2017-03-23,5,1703235,199.236085328032,4.0,8.125,11.0,0.0,0.0,0.0,1.0
2017-03-24,1,1703241,128.368364908016,0.0,10.5,7.0,0.0,0.0,0.0,1.0
2017-03-24,2,1703242,263.089113905418,0.0,10.5,7.0,0.0,0.0,0.0,1.0
2017-03-24,3,1703243,92.3970924998567,0.0,10.5,7.0,0.0,0.0,0.0,1.0
2017-03-24,4,1703244,58.5851663089429,0.0,10.5,7.0,0.0,0.0,0.0,1.0
2017-03-24,5,1703245,228.995269827416,0.0,10.5,7.0,0.0,0.0,0.0,1.0
2017-03-25,1,1703251,97.8900868337535,3.0,9.875,12.0,0.0,0.0,0.0,1.0
2017-03-25,2,1703252,332.663651438926,3.0,9.875,12.0,0.0,0.0,0.0,1.0
2017-03-25,3,1703253,142.808942965401,3.0,9.875,12.0,0.0,0.0,0.0,1.0
2017-03-25,4,1703254,93.7758182509783,3.0,9.875,12.0,0.0,0.0,0.0,1.0
2017-03-25,5,1703255,244.607027290376,3.0,9.875,12.0,0.0,0.0,0.0,1.0
2017-03-26,1,1703261,85.2187867213704,3.0,9.375,7.0,0.0,0.0,0.0,1.0
2017-03-26,2,1703262,439.134557811679,3.0,9.375,7.0,0.0,0.0,0.0,1.0
2017-03-26,3,1703263,147.749370577668,3.0,9.375,7.0,0.0,0.0,0.0,1.0
2017-03-26,4,1703264,136.703246958164,3.0,9.375,7.0,0.0,0.0,0.0,1.0
2017-03-26,5,1703265,303.304688462581,3.0,9.375,7.0,0.0,0.0,0.0,1.0
2017-03-27,1,1703271,162.660207279858,0.0,12.5,11.0,10.0,0.0,0.0,1.0
2017-03-27,2,1703272,281.658152255303,0.0,12.5,11.0,10.0,0.0,0.0,1.0
2017-03-27,3,1703273,105.119114588585,0.0,12.5,11.0,10.0,0.0,0.0,1.0
2017-03-27,4,1703274,67.4186879160606,0.0,12.5,11.0,10.0,0.0,0.0,1.0
2017-03-27,5,1703275,178.202716912645,0.0,12.5,11.0,10.0,0.0,0.0,1.0
2017-03-28,1,1703281,107.613301109633,0.0,13.875,7.0,0.0,0.0,0.0,1.0
2017-03-28,2,1703282,301.988407159166,0.0,13.875,7.0,0.0,0.0,0.0,1.0
2017-03-28,3,1703283,141.684536419139,0.0,13.875,7.0,0.0,0.0,0.0,1.0
2017-03-28,4,1703284,69.5508750394699,0.0,13.875,7.0,0.0,0.0,0.0,1.0
2017-03-28,5,1703285,249.305527280316,0.0,13.875,7.0,0.0,0.0,0.0,1.0
2017-03-29,1,1703291,141.002747009982,8.0,10.0,13.0,21.0,0.0,0.0,1.0
2017-03-29,2,1703292,283.901062102534,8.0,10.0,13.0,21.0,0.0,0.0,1.0
2017-03-29,3,1703293,115.381551439348,8.0,10.0,13.0,21.0,0.0,0.0,1.0
2017-03-29,4,1703294,80.1827950388481,8.0,10.0,13.0,21.0,0.0,0.0,1.0
2017-03-29,5,1703295,193.830407363375,8.0,10.0,13.0,21.0,0.0,0.0,1.0
2017-03-30,1,1703301,151.539022676893,7.0,16.0,12.0,61.0,0.0,0.0,1.0
2017-03-30,2,1703302,258.352530429171,7.0,16.0,12.0,61.0,0.0,0.0,1.0
2017-03-30,3,1703303,115.063014487946,7.0,16.0,12.0,61.0,0.0,0.0,1.0
2017-03-30,4,1703304,72.0581071717604,7.0,16.0,12.0,61.0,0.0,0.0,1.0
2017-03-30,5,1703305,167.77991292989,7.0,16.0,12.0,61.0,0.0,0.0,1.0
2017-03-31,1,1703311,195.105275573427,0.0,19.75,7.0,61.0,0.0,0.0,1.0
2017-03-31,2,1703312,335.790960706967,0.0,19.75,7.0,61.0,0.0,0.0,1.0
2017-03-31,3,1703313,157.481998785748,0.0,19.75,7.0,61.0,0.0,0.0,1.0
2017-03-31,4,1703314,82.5857123112681,0.0,19.75,7.0,61.0,0.0,0.0,1.0
2017-03-31,5,1703315,180.482561633309,0.0,19.75,7.0,61.0,0.0,0.0,1.0
2017-04-01,1,1704011,224.207429968001,2.0,15.75,7.0,0.0,0.0,0.0,1.0
2017-04-01,2,1704012,400.922478349418,2.0,15.75,7.0,0.0,0.0,0.0,1.0
2017-04-01,3,1704013,211.755833640533,2.0,15.75,7.0,0.0,0.0,0.0,1.0
2017-04-01,4,1704014,105.327884180599,2.0,15.75,7.0,0.0,0.0,0.0,1.0
2017-04-01,5,1704015,264.587214218339,2.0,15.75,7.0,0.0,0.0,0.0,1.0
2017-04-02,1,1704021,90.4108850533697,2.0,13.375,13.0,0.0,0.0,0.0,1.0
2017-04-02,2,1704022,432.301825932669,2.0,13.375,13.0,0.0,0.0,0.0,1.0
2017-04-02,3,1704023,188.064263906535,2.0,13.375,13.0,0.0,0.0,0.0,1.0
2017-04-02,4,1704024,158.564600534337,2.0,13.375,13.0,0.0,0.0,0.0,1.0
2017-04-02,5,1704025,219.222337561653,2.0,13.375,13.0,0.0,0.0,0.0,1.0
2017-04-03,1,1704031,187.854069053637,2.0,10.375,8.0,0.0,0.0,1.0,1.0
2017-04-03,2,1704032,281.878141494214,2.0,10.375,8.0,0.0,0.0,1.0,1.0
2017-04-03,3,1704033,101.173868201099,2.0,10.375,8.0,0.0,0.0,1.0,1.0
2017-04-03,4,1704034,48.8649330595976,2.0,10.375,8.0,0.0,0.0,1.0,1.0
2017-04-03,5,1704035,235.099445841678,2.0,10.375,8.0,0.0,0.0,1.0,1.0
2017-04-04,1,1704041,167.875773750993,2.0,12.625,8.0,0.0,0.0,1.0,1.0
2017-04-04,2,1704042,281.892523822351,2.0,12.625,8.0,0.0,0.0,1.0,1.0
2017-04-04,3,1704043,144.48225784655,2.0,12.625,8.0,0.0,0.0,1.0,1.0
2017-04-04,4,1704044,103.705254020785,2.0,12.625,8.0,0.0,0.0,1.0,1.0
2017-04-04,5,1704045,219.879218705795,2.0,12.625,8.0,0.0,0.0,1.0,1.0
2017-04-05,1,1704051,98.318686836073,5.0,9.875,18.0,21.0,0.0,1.0,1.0
2017-04-05,2,1704052,250.769371674356,5.0,9.875,18.0,21.0,0.0,1.0,1.0
2017-04-05,3,1704053,94.3263408382335,5.0,9.875,18.0,21.0,0.0,1.0,1.0
2017-04-05,4,1704054,64.3576534956172,5.0,9.875,18.0,21.0,0.0,1.0,1.0
2017-04-05,5,1704055,227.038400118995,5.0,9.875,18.0,21.0,0.0,1.0,1.0
2017-04-06,1,1704061,142.738966819238,6.0,10.0,17.0,0.0,0.0,1.0,1.0
2017-04-06,2,1704062,254.338964495354,6.0,10.0,17.0,0.0,0.0,1.0,1.0
2017-04-06,3,1704063,118.869514113661,6.0,10.0,17.0,0.0,0.0,1.0,1.0
2017-04-06,4,1704064,100.271587035808,6.0,10.0,17.0,0.0,0.0,1.0,1.0
2017-04-06,5,1704065,232.449965037292,6.0,10.0,17.0,0.0,0.0,1.0,1.0
2017-04-07,1,1704071,153.13878108102,6.0,11.125,18.0,20.0,0.0,1.0,1.0
2017-04-07,2,1704072,334.908836896616,6.0,11.125,18.0,20.0,0.0,1.0,1.0
2017-04-07,3,1704073,128.841093710239,6.0,11.125,18.0,20.0,0.0,1.0,1.0
2017-04-07,4,1704074,65.2294235118217,6.0,11.125,18.0,20.0,0.0,1.0,1.0
2017-04-07,5,1704075,208.319733804666,6.0,11.125,18.0,20.0,0.0,1.0,1.0
2017-04-08,1,1704081,183.065412513501,7.0,10.875,12.0,20.0,0.0,1.0,1.0
2017-04-08,2,1704082,437.165237854628,7.0,10.875,12.0,20.0,0.0,1.0,1.0
2017-04-08,3,1704083,215.929338577534,7.0,10.875,12.0,20.0,0.0,1.0,1.0
2017-04-08,4,1704084,61.6953008735896,7.0,10.875,12.0,20.0,0.0,1.0,1.0
2017-04-08,5,1704085,265.698214966476,7.0,10.875,12.0,20.0,0.0,1.0,1.0
2017-04-09,1,1704091,78.3925102817988,0.0,16.0,9.0,5.0,0.0,1.0,1.0
2017-04-09,2,1704092,436.776106619664,0.0,16.0,9.0,5.0,0.0,1.0,1.0
2017-04-09,3,1704093,207.685117628376,0.0,16.0,9.0,5.0,0.0,1.0,1.0
2017-04-09,4,1704094,219.280741698519,0.0,16.0,9.0,5.0,0.0,1.0,1.0
2017-04-09,5,1704095,315.664491628115,0.0,16.0,9.0,5.0,0.0,1.0,1.0
2017-04-10,1,1704101,157.029670654949,7.0,9.5,19.0,21.0,0.0,1.0,1.0
2017-04-10,2,1704102,371.780197997679,7.0,9.5,19.0,21.0,0.0,1.0,1.0
2017-04-10,3,1704103,180.185219117576,7.0,9.5,19.0,21.0,0.0,1.0,1.0
2017-04-10,4,1704104,58.4301668528818,7.0,9.5,19.0,21.0,0.0,1.0,1.0
2017-04-10,5,1704105,280.038959302124,7.0,9.5,19.0,21.0,0.0,1.0,1.0
2017-04-11,1,1704111,142.450858065516,5.0,8.75,18.0,21.0,0.0,1.0,1.0
2017-04-11,2,1704112,358.664757300646,5.0,8.75,18.0,21.0,0.0,1.0,1.0
2017-04-11,3,1704113,178.857217552131,5.0,8.75,18.0,21.0,0.0,1.0,1.0
2017-04-11,4,1704114,52.4537471926837,5.0,8.75,18.0,21.0,0.0,1.0,1.0
2017-04-11,5,1704115,246.583597789097,5.0,8.75,18.0,21.0,0.0,1.0,1.0
2017-04-12,1,1704121,127.466200723679,7.0,8.75,13.0,61.0,0.0,1.0,1.0
2017-04-12,2,1704122,355.373078137408,7.0,8.75,13.0,61.0,0.0,1.0,1.0
2017-04-12,3,1704123,140.537089366937,7.0,8.75,13.0,61.0,0.0,1.0,1.0
2017-04-12,4,1704124,83.3483028955622,7.0,8.75,13.0,61.0,0.0,1.0,1.0
2017-04-12,5,1704125,256.331781657731,7.0,8.75,13.0,61.0,0.0,1.0,1.0
2017-04-13,1,1704131,357.843060948626,7.0,9.0,18.0,61.0,0.0,1.0,1.0
2017-04-13,2,1704132,538.001607100292,7.0,9.0,18.0,61.0,0.0,1.0,1.0
2017-04-13,3,1704133,238.93565386119,7.0,9.0,18.0,61.0,0.0,1.0,1.0
2017-04-13,4,1704134,67.6590164952461,7.0,9.0,18.0,61.0,0.0,1.0,1.0
2017-04-13,5,1704135,318.637385965497,7.0,9.0,18.0,61.0,0.0,1.0,1.0
2017-04-14,1,1704141,,7.0,9.25,12.0,63.0,0.0,1.0,1.0
2017-04-14,2,1704142,,7.0,9.25,12.0,63.0,0.0,1.0,1.0
2017-04-14,3,1704143,,7.0,9.25,12.0,63.0,0.0,1.0,1.0
2017-04-14,4,1704144,,7.0,9.25,12.0,63.0,0.0,1.0,1.0
2017-04-14,5,1704145,,7.0,9.25,12.0,63.0,0.0,1.0,1.0
2017-04-15,1,1704151,396.16076955053,6.0,8.125,23.0,63.0,0.0,1.0,1.0
2017-04-15,2,1704152,703.461610637217,6.0,8.125,23.0,63.0,0.0,1.0,1.0
2017-04-15,3,1704153,355.356015292507,6.0,8.125,23.0,63.0,0.0,1.0,1.0
2017-04-15,4,1704154,96.988462555113,6.0,8.125,23.0,63.0,0.0,1.0,1.0
2017-04-15,5,1704155,397.745140653693,6.0,8.125,23.0,63.0,0.0,1.0,1.0
2017-04-16,1,1704161,87.2043256933579,7.0,6.875,7.0,61.0,0.0,1.0,1.0
2017-04-16,2,1704162,587.643444652763,7.0,6.875,7.0,61.0,0.0,1.0,1.0
2017-04-16,3,1704163,208.028073939397,7.0,6.875,7.0,61.0,0.0,1.0,1.0
2017-04-16,4,1704164,163.798968606753,7.0,6.875,7.0,61.0,0.0,1.0,1.0
2017-04-16,5,1704165,313.891825934988,7.0,6.875,7.0,61.0,0.0,1.0,1.0
2017-04-17,1,1704171,23.1962791847882,6.0,6.25,10.0,61.0,0.0,1.0,1.0
2017-04-17,2,1704172,535.752770931191,6.0,6.25,10.0,61.0,0.0,1.0,1.0
2017-04-17,3,1704173,220.822836970653,6.0,6.25,10.0,61.0,0.0,1.0,1.0
2017-04-17,4,1704174,123.155523116043,6.0,6.25,10.0,61.0,0.0,1.0,1.0
2017-04-17,5,1704175,240.216709575721,6.0,6.25,10.0,61.0,0.0,1.0,1.0
2017-04-18,1,1704181,123.947010890956,4.0,5.625,15.0,61.0,0.0,1.0,1.0
2017-04-18,2,1704182,385.935119291841,4.0,5.625,15.0,61.0,0.0,1.0,1.0
2017-04-18,3,1704183,174.405032102088,4.0,5.625,15.0,61.0,0.0,1.0,1.0
2017-04-18,4,1704184,80.2153036784791,4.0,5.625,15.0,61.0,0.0,1.0,1.0
2017-04-18,5,1704185,240.477901761706,4.0,5.625,15.0,61.0,0.0,1.0,1.0
2017-04-19,1,1704191,107.21034333897,0.0,6.375,10.0,0.0,0.0,0.0,1.0
2017-04-19,2,1704192,335.51977175735,0.0,6.375,10.0,0.0,0.0,0.0,1.0
2017-04-19,3,1704193,166.270946808251,0.0,6.375,10.0,0.0,0.0,0.0,1.0
2017-04-19,4,1704194,75.1363705043662,0.0,6.375,10.0,0.0,0.0,0.0,1.0
2017-04-19,5,1704195,196.166067711426,0.0,6.375,10.0,0.0,0.0,0.0,1.0
2017-04-20,1,1704201,145.310365058131,7.0,8.25,12.0,0.0,0.0,0.0,1.0
2017-04-20,2,1704202,379.098895887089,7.0,8.25,12.0,0.0,0.0,0.0,1.0
2017-04-20,3,1704203,158.4435755673,7.0,8.25,12.0,0.0,0.0,0.0,1.0
2017-04-20,4,1704204,61.3656923024417,7.0,8.25,12.0,0.0,0.0,0.0,1.0
2017-04-20,5,1704205,277.746872210764,7.0,8.25,12.0,0.0,0.0,0.0,1.0
2017-04-21,1,1704211,124.895216030507,7.0,11.875,19.0,61.0,0.0,0.0,1.0
2017-04-21,2,1704212,362.773394053737,7.0,11.875,19.0,61.0,0.0,0.0,1.0
2017-04-21,3,1704213,172.182312895265,7.0,11.875,19.0,61.0,0.0,0.0,1.0
2017-04-21,4,1704214,79.5611036276012,7.0,11.875,19.0,61.0,0.0,0.0,1.0
2017-04-21,5,1704215,276.640745350247,7.0,11.875,19.0,61.0,0.0,0.0,1.0
2017-04-22,1,1704221,81.3906991756264,5.0,7.5,21.0,61.0,0.0,0.0,1.0
2017-04-22,2,1704222,288.896109942583,5.0,7.5,21.0,61.0,0.0,0.0,1.0
2017-04-22,3,1704223,142.250829321991,5.0,7.5,21.0,61.0,0.0,0.0,1.0
2017-04-22,4,1704224,82.4365753574389,5.0,7.5,21.0,61.0,0.0,0.0,1.0
2017-04-22,5,1704225,280.107585712671,5.0,7.5,21.0,61.0,0.0,0.0,1.0
2017-04-23,1,1704231,54.169922075821,4.0,7.875,20.0,21.0,0.0,0.0,1.0
2017-04-23,2,1704232,344.478120384968,4.0,7.875,20.0,21.0,0.0,0.0,1.0
2017-04-23,3,1704233,128.011118638722,4.0,7.875,20.0,21.0,0.0,0.0,1.0
2017-04-23,4,1704234,108.160033400098,4.0,7.875,20.0,21.0,0.0,0.0,1.0
2017-04-23,5,1704235,254.801005051949,4.0,7.875,20.0,21.0,0.0,0.0,1.0
2017-04-24,1,1704241,92.4677986737874,7.0,8.875,17.0,63.0,0.0,0.0,1.0
2017-04-24,2,1704242,252.01457232722,7.0,8.875,17.0,63.0,0.0,0.0,1.0
2017-04-24,3,1704243,110.815677841066,7.0,8.875,17.0,63.0,0.0,0.0,1.0
2017-04-24,4,1704244,48.2688725316541,7.0,8.875,17.0,63.0,0.0,0.0,1.0
2017-04-24,5,1704245,173.138734794459,7.0,8.875,17.0,63.0,0.0,0.0,1.0
2017-04-25,1,1704251,80.9218016064876,5.0,5.5,15.0,69.0,0.0,0.0,1.0
2017-04-25,2,1704252,264.954804770732,5.0,5.5,15.0,69.0,0.0,0.0,1.0
2017-04-25,3,1704253,90.8424805388247,5.0,5.5,15.0,69.0,0.0,0.0,1.0
2017-04-25,4,1704254,93.7444327678031,5.0,5.5,15.0,69.0,0.0,0.0,1.0
2017-04-25,5,1704255,195.820793331953,5.0,5.5,15.0,69.0,0.0,0.0,1.0
2017-04-26,1,1704261,82.1124954906633,6.0,7.625,7.0,61.0,0.0,0.0,1.0
2017-04-26,2,1704262,249.875360970281,6.0,7.625,7.0,61.0,0.0,0.0,1.0
2017-04-26,3,1704263,91.9799340844463,6.0,7.625,7.0,61.0,0.0,0.0,1.0
2017-04-26,4,1704264,62.8963375122886,6.0,7.625,7.0,61.0,0.0,0.0,1.0
2017-04-26,5,1704265,217.400706247577,6.0,7.625,7.0,61.0,0.0,0.0,1.0
2017-04-27,1,1704271,98.0715104557433,6.0,8.625,13.0,61.0,0.0,0.0,1.0
2017-04-27,2,1704272,307.530107231385,6.0,8.625,13.0,61.0,0.0,0.0,1.0
2017-04-27,3,1704273,86.5414452917236,6.0,8.625,13.0,61.0,0.0,0.0,1.0
2017-04-27,4,1704274,52.8328537833768,6.0,8.625,13.0,61.0,0.0,0.0,1.0
2017-04-27,5,1704275,193.571932122309,6.0,8.625,13.0,61.0,0.0,0.0,1.0
2017-04-28,1,1704281,125.456981753476,7.0,8.625,10.0,61.0,0.0,0.0,1.0
2017-04-28,2,1704282,307.704983145882,7.0,8.625,10.0,61.0,0.0,0.0,1.0
2017-04-28,3,1704283,91.6206157973301,7.0,8.625,10.0,61.0,0.0,0.0,1.0
2017-04-28,4,1704284,93.814442811662,7.0,8.625,10.0,61.0,0.0,0.0,1.0
2017-04-28,5,1704285,239.965767752371,7.0,8.625,10.0,61.0,0.0,0.0,1.0
2017-04-29,1,1704291,123.277101467222,4.0,7.125,9.0,61.0,0.0,0.0,1.0
2017-04-29,2,1704292,398.46430059208,4.0,7.125,9.0,61.0,0.0,0.0,1.0
2017-04-29,3,1704293,142.668665736822,4.0,7.125,9.0,61.0,0.0,0.0,1.0
2017-04-29,4,1704294,78.0971347346375,4.0,7.125,9.0,61.0,0.0,0.0,1.0
2017-04-29,5,1704295,265.652130449406,4.0,7.125,9.0,61.0,0.0,0.0,1.0
2017-04-30,1,1704301,60.2450021630226,1.0,11.875,12.0,0.0,0.0,0.0,1.0
2017-04-30,2,1704302,562.916646456546,1.0,11.875,12.0,0.0,0.0,0.0,1.0
2017-04-30,3,1704303,263.074963178365,1.0,11.875,12.0,0.0,0.0,0.0,1.0
2017-04-30,4,1704304,143.743529921784,1.0,11.875,12.0,0.0,0.0,0.0,1.0
2017-04-30,5,1704305,376.406197015406,1.0,11.875,12.0,0.0,0.0,0.0,1.0
2017-05-01,1,1705011,,1.0,11.75,19.0,5.0,0.0,0.0,1.0
2017-05-01,2,1705012,,1.0,11.75,19.0,5.0,0.0,0.0,1.0
2017-05-01,3,1705013,,1.0,11.75,19.0,5.0,0.0,0.0,1.0
2017-05-01,4,1705014,,1.0,11.75,19.0,5.0,0.0,0.0,1.0
2017-05-01,5,1705015,,1.0,11.75,19.0,5.0,0.0,0.0,1.0
2017-05-02,1,1705021,155.095888788648,2.0,10.875,21.0,5.0,0.0,0.0,1.0
2017-05-02,2,1705022,315.630672686886,2.0,10.875,21.0,5.0,0.0,0.0,1.0
2017-05-02,3,1705023,121.933716606701,2.0,10.875,21.0,5.0,0.0,0.0,1.0
2017-05-02,4,1705024,90.2913380889921,2.0,10.875,21.0,5.0,0.0,0.0,1.0
2017-05-02,5,1705025,224.460397977675,2.0,10.875,21.0,5.0,0.0,0.0,1.0
2017-05-03,1,1705031,118.326086080103,3.0,11.25,20.0,5.0,0.0,0.0,1.0
2017-05-03,2,1705032,284.682835501851,3.0,11.25,20.0,5.0,0.0,0.0,1.0
2017-05-03,3,1705033,119.106872435795,3.0,11.25,20.0,5.0,0.0,0.0,1.0
2017-05-03,4,1705034,73.1703266866572,3.0,11.25,20.0,5.0,0.0,0.0,1.0
2017-05-03,5,1705035,219.050576291744,3.0,11.25,20.0,5.0,0.0,0.0,1.0
2017-05-04,1,1705041,149.956078967988,7.0,10.625,19.0,5.0,0.0,0.0,1.0
2017-05-04,2,1705042,295.915357606995,7.0,10.625,19.0,5.0,0.0,0.0,1.0
2017-05-04,3,1705043,74.6328709215242,7.0,10.625,19.0,5.0,0.0,0.0,1.0
2017-05-04,4,1705044,71.1406609605042,7.0,10.625,19.0,5.0,0.0,0.0,1.0
2017-05-04,5,1705045,211.614338282333,7.0,10.625,19.0,5.0,0.0,0.0,1.0
2017-05-05,1,1705051,86.0402504738117,7.0,8.25,15.0,61.0,0.0,0.0,1.0
2017-05-05,2,1705052,285.806850844963,7.0,8.25,15.0,61.0,0.0,0.0,1.0
2017-05-05,3,1705053,78.6283508592188,7.0,8.25,15.0,61.0,0.0,0.0,1.0
2017-05-05,4,1705054,54.8732542166246,7.0,8.25,15.0,61.0,0.0,0.0,1.0
2017-05-05,5,1705055,257.727004746732,7.0,8.25,15.0,61.0,0.0,0.0,1.0
2017-05-06,1,1705061,137.068189796743,7.0,11.0,7.0,0.0,0.0,0.0,1.0
2017-05-06,2,1705062,362.221217999852,7.0,11.0,7.0,0.0,0.0,0.0,1.0
2017-05-06,3,1705063,187.893403457783,7.0,11.0,7.0,0.0,0.0,0.0,1.0
2017-05-06,4,1705064,92.5323948760614,7.0,11.0,7.0,0.0,0.0,0.0,1.0
2017-05-06,5,1705065,293.926963855473,7.0,11.0,7.0,0.0,0.0,0.0,1.0
2017-05-07,1,1705071,89.0086685072793,0.0,17.125,9.0,0.0,0.0,0.0,1.0
2017-05-07,2,1705072,508.869139944886,0.0,17.125,9.0,0.0,0.0,0.0,1.0
2017-05-07,3,1705073,199.339353285128,0.0,17.125,9.0,0.0,0.0,0.0,1.0
2017-05-07,4,1705074,126.947241444583,0.0,17.125,9.0,0.0,0.0,0.0,1.0
2017-05-07,5,1705075,240.382069263125,0.0,17.125,9.0,0.0,0.0,0.0,1.0
2017-05-08,1,1705081,148.83378586129,1.0,9.75,19.0,5.0,0.0,0.0,1.0
2017-05-08,2,1705082,311.132934202698,1.0,9.75,19.0,5.0,0.0,0.0,1.0
2017-05-08,3,1705083,93.5346324124759,1.0,9.75,19.0,5.0,0.0,0.0,1.0
2017-05-08,4,1705084,102.773384581564,1.0,9.75,19.0,5.0,0.0,0.0,1.0
2017-05-08,5,1705085,332.676745659594,1.0,9.75,19.0,5.0,0.0,0.0,1.0
2017-05-09,1,1705091,94.3672716433608,4.0,10.0,12.0,5.0,0.0,0.0,1.0
2017-05-09,2,1705092,329.987372950283,4.0,10.0,12.0,5.0,0.0,0.0,1.0
2017-05-09,3,1705093,150.630312037039,4.0,10.0,12.0,5.0,0.0,0.0,1.0
2017-05-09,4,1705094,69.5364551185151,4.0,10.0,12.0,5.0,0.0,0.0,1.0
2017-05-09,5,1705095,289.719168140822,4.0,10.0,12.0,5.0,0.0,0.0,1.0
2017-05-10,1,1705101,110.05390644857,7.0,9.25,11.0,61.0,0.0,0.0,1.0
2017-05-10,2,1705102,336.064196426434,7.0,9.25,11.0,61.0,0.0,0.0,1.0
2017-05-10,3,1705103,119.911954666173,7.0,9.25,11.0,61.0,0.0,0.0,1.0
2017-05-10,4,1705104,61.7792073905273,7.0,9.25,11.0,61.0,0.0,0.0,1.0
2017-05-10,5,1705105,313.401810139784,7.0,9.25,11.0,61.0,0.0,0.0,1.0
2017-05-11,1,1705111,142.677183364091,0.0,13.375,14.0,61.0,0.0,0.0,1.0
2017-05-11,2,1705112,363.473342078586,0.0,13.375,14.0,61.0,0.0,0.0,1.0
2017-05-11,3,1705113,131.244722476807,0.0,13.375,14.0,61.0,0.0,0.0,1.0
2017-05-11,4,1705114,72.8861793443066,0.0,13.375,14.0,61.0,0.0,0.0,1.0
2017-05-11,5,1705115,267.482152244043,0.0,13.375,14.0,61.0,0.0,0.0,1.0
2017-05-12,1,1705121,155.268162620008,7.0,12.75,13.0,61.0,0.0,0.0,1.0
2017-05-12,2,1705122,367.750542687151,7.0,12.75,13.0,61.0,0.0,0.0,1.0
2017-05-12,3,1705123,126.143339639084,7.0,12.75,13.0,61.0,0.0,0.0,1.0
2017-05-12,4,1705124,68.2309660323106,7.0,12.75,13.0,61.0,0.0,0.0,1.0
2017-05-12,5,1705125,327.994030360722,7.0,12.75,13.0,61.0,0.0,0.0,1.0
2017-05-13,1,1705131,132.162595452678,6.0,17.875,6.0,21.0,0.0,0.0,1.0
2017-05-13,2,1705132,459.7247031502,6.0,17.875,6.0,21.0,0.0,0.0,1.0
2017-05-13,3,1705133,209.808530503879,6.0,17.875,6.0,21.0,0.0,0.0,1.0
2017-05-13,4,1705134,58.305603187413,6.0,17.875,6.0,21.0,0.0,0.0,1.0
2017-05-13,5,1705135,337.812900050452,6.0,17.875,6.0,21.0,0.0,0.0,1.0
2017-05-14,1,1705141,81.7822715275506,2.0,18.75,12.0,0.0,0.0,0.0,1.0
2017-05-14,2,1705142,530.58659713245,2.0,18.75,12.0,0.0,0.0,0.0,1.0
2017-05-14,3,1705143,243.839147660595,2.0,18.75,12.0,0.0,0.0,0.0,1.0
2017-05-14,4,1705144,165.787943714285,2.0,18.75,12.0,0.0,0.0,0.0,1.0
2017-05-14,5,1705145,298.516009685069,2.0,18.75,12.0,0.0,0.0,0.0,1.0
2017-05-15,1,1705151,152.569401591519,3.0,17.375,9.0,0.0,0.0,0.0,1.0
2017-05-15,2,1705152,342.889202042715,3.0,17.375,9.0,0.0,0.0,0.0,1.0
2017-05-15,3,1705153,128.732413284614,3.0,17.375,9.0,0.0,0.0,0.0,1.0
2017-05-15,4,1705154,46.9369598854349,3.0,17.375,9.0,0.0,0.0,0.0,1.0
2017-05-15,5,1705155,248.364264375988,3.0,17.375,9.0,0.0,0.0,0.0,1.0
2017-05-16,1,1705161,133.170424802247,7.0,14.125,8.0,61.0,0.0,0.0,1.0
2017-05-16,2,1705162,313.764952419603,7.0,14.125,8.0,61.0,0.0,0.0,1.0
2017-05-16,3,1705163,124.651715960501,7.0,14.125,8.0,61.0,0.0,0.0,1.0
2017-05-16,4,1705164,87.5012817316997,7.0,14.125,8.0,61.0,0.0,0.0,1.0
2017-05-16,5,1705165,286.537288730474,7.0,14.125,8.0,61.0,0.0,0.0,1.0
2017-05-17,1,1705171,80.7776768540183,6.0,23.125,7.0,61.0,0.0,0.0,1.0
2017-05-17,2,1705172,280.817288739061,6.0,23.125,7.0,61.0,0.0,0.0,1.0
2017-05-17,3,1705173,100.509180114311,6.0,23.125,7.0,61.0,0.0,0.0,1.0
2017-05-17,4,1705174,52.2216515391077,6.0,23.125,7.0,61.0,0.0,0.0,1.0
2017-05-17,5,1705175,180.530192458298,6.0,23.125,7.0,61.0,0.0,0.0,1.0
2017-05-18,1,1705181,103.501730355572,4.0,23.125,12.0,61.0,0.0,0.0,1.0
2017-05-18,2,1705182,292.893495200293,4.0,23.125,12.0,61.0,0.0,0.0,1.0
2017-05-18,3,1705183,106.689064260606,4.0,23.125,12.0,61.0,0.0,0.0,1.0
2017-05-18,4,1705184,48.9746270370385,4.0,23.125,12.0,61.0,0.0,0.0,1.0
2017-05-18,5,1705185,220.51358813854,4.0,23.125,12.0,61.0,0.0,0.0,1.0
2017-05-19,1,1705191,84.0165889848927,6.0,17.375,7.0,21.0,0.0,0.0,1.0
2017-05-19,2,1705192,323.868172489266,6.0,17.375,7.0,21.0,0.0,0.0,1.0
2017-05-19,3,1705193,122.084205270661,6.0,17.375,7.0,21.0,0.0,0.0,1.0
2017-05-19,4,1705194,83.3433113602956,6.0,17.375,7.0,21.0,0.0,0.0,1.0
2017-05-19,5,1705195,253.202977700598,6.0,17.375,7.0,21.0,0.0,0.0,1.0
2017-05-20,1,1705201,174.274302653978,4.0,16.0,12.0,21.0,0.0,0.0,1.0
2017-05-20,2,1705202,399.207931088701,4.0,16.0,12.0,21.0,0.0,0.0,1.0
2017-05-20,3,1705203,182.261517278229,4.0,16.0,12.0,21.0,0.0,0.0,1.0
2017-05-20,4,1705204,72.2408129711556,4.0,16.0,12.0,21.0,0.0,0.0,1.0
2017-05-20,5,1705205,330.116910689343,4.0,16.0,12.0,21.0,0.0,0.0,1.0
2017-05-21,1,1705211,55.8214595630896,1.0,18.625,12.0,21.0,0.0,0.0,1.0
2017-05-21,2,1705212,490.732842299275,1.0,18.625,12.0,21.0,0.0,0.0,1.0
2017-05-21,3,1705213,227.67270257599,1.0,18.625,12.0,21.0,0.0,0.0,1.0
2017-05-21,4,1705214,81.2419387265385,1.0,18.625,12.0,21.0,0.0,0.0,1.0
2017-05-21,5,1705215,317.49470665019,1.0,18.625,12.0,21.0,0.0,0.0,1.0
2017-05-22,1,1705221,138.415948678585,0.0,17.75,9.0,21.0,0.0,0.0,1.0
2017-05-22,2,1705222,320.454391423915,0.0,17.75,9.0,21.0,0.0,0.0,1.0
2017-05-22,3,1705223,128.575815518014,0.0,17.75,9.0,21.0,0.0,0.0,1.0
2017-05-22,4,1705224,63.2162742609165,0.0,17.75,9.0,21.0,0.0,0.0,1.0
2017-05-22,5,1705225,230.090365674046,0.0,17.75,9.0,21.0,0.0,0.0,1.0
2017-05-23,1,1705231,96.780584678581,4.0,22.125,15.0,95.0,0.0,0.0,1.0
2017-05-23,2,1705232,298.6104668373,4.0,22.125,15.0,95.0,0.0,0.0,1.0
2017-05-23,3,1705233,110.225477848188,4.0,22.125,15.0,95.0,0.0,0.0,1.0
2017-05-23,4,1705234,70.5717735905547,4.0,22.125,15.0,95.0,0.0,0.0,1.0
2017-05-23,5,1705235,244.051421992994,4.0,22.125,15.0,95.0,0.0,0.0,1.0
2017-05-24,1,1705241,136.939147637809,3.0,17.125,18.0,0.0,0.0,0.0,1.0
2017-05-24,2,1705242,321.683000444292,3.0,17.125,18.0,0.0,0.0,0.0,1.0
2017-05-24,3,1705243,133.616732956026,3.0,17.125,18.0,0.0,0.0,0.0,1.0
2017-05-24,4,1705244,55.0551017140636,3.0,17.125,18.0,0.0,0.0,0.0,1.0
2017-05-24,5,1705245,249.8950638071,3.0,17.125,18.0,0.0,0.0,0.0,1.0
2017-05-25,1,1705251,83.9282232026622,2.0,18.875,12.0,0.0,0.0,0.0,1.0
2017-05-25,2,1705252,482.301654528959,2.0,18.875,12.0,0.0,0.0,0.0,1.0
2017-05-25,3,1705253,210.548524011838,2.0,18.875,12.0,0.0,0.0,0.0,1.0
2017-05-25,4,1705254,178.507311972289,2.0,18.875,12.0,0.0,0.0,0.0,1.0
2017-05-25,5,1705255,317.404836481468,2.0,18.875,12.0,0.0,0.0,0.0,1.0
2017-05-26,1,1705261,127.227158892085,0.0,20.75,6.0,0.0,0.0,1.0,1.0
2017-05-26,2,1705262,477.872595597851,0.0,20.75,6.0,0.0,0.0,1.0,1.0
2017-05-26,3,1705263,214.844989934608,0.0,20.75,6.0,0.0,0.0,1.0,1.0
2017-05-26,4,1705264,96.5346384793528,0.0,20.75,6.0,0.0,0.0,1.0,1.0
2017-05-26,5,1705265,225.010073250424,0.0,20.75,6.0,0.0,0.0,1.0,1.0
2017-05-27,1,1705271,128.587609179322,0.0,24.75,7.0,0.0,0.0,0.0,1.0
2017-05-27,2,1705272,466.44498663774,0.0,24.75,7.0,0.0,0.0,0.0,1.0
2017-05-27,3,1705273,242.802648676142,0.0,24.75,7.0,0.0,0.0,0.0,1.0
2017-05-27,4,1705274,83.3171295360551,0.0,24.75,7.0,0.0,0.0,0.0,1.0
2017-05-27,5,1705275,298.641514720536,0.0,24.75,7.0,0.0,0.0,0.0,1.0
2017-05-28,1,1705281,72.2162693070431,1.0,22.375,14.0,61.0,0.0,0.0,1.0
2017-05-28,2,1705282,562.175923774896,1.0,22.375,14.0,61.0,0.0,0.0,1.0
2017-05-28,3,1705283,258.875202728905,1.0,22.375,14.0,61.0,0.0,0.0,1.0
2017-05-28,4,1705284,79.3642256524708,1.0,22.375,14.0,61.0,0.0,0.0,1.0
2017-05-28,5,1705285,280.801005123022,1.0,22.375,14.0,61.0,0.0,0.0,1.0
2017-05-29,1,1705291,138.960680835425,5.0,18.75,7.0,0.0,0.0,0.0,1.0
2017-05-29,2,1705292,353.209476241264,5.0,18.75,7.0,0.0,0.0,0.0,1.0
2017-05-29,3,1705293,143.870005518646,5.0,18.75,7.0,0.0,0.0,0.0,1.0
2017-05-29,4,1705294,106.540596254849,5.0,18.75,7.0,0.0,0.0,0.0,1.0
2017-05-29,5,1705295,218.340098437627,5.0,18.75,7.0,0.0,0.0,0.0,1.0
2017-05-30,1,1705301,112.762433854322,6.0,20.5,14.0,5.0,0.0,0.0,1.0
2017-05-30,2,1705302,317.086764790425,6.0,20.5,14.0,5.0,0.0,0.0,1.0
2017-05-30,3,1705303,99.5288254799332,6.0,20.5,14.0,5.0,0.0,0.0,1.0
2017-05-30,4,1705304,67.7307516958576,6.0,20.5,14.0,5.0,0.0,0.0,1.0
2017-05-30,5,1705305,256.922058941524,6.0,20.5,14.0,5.0,0.0,0.0,1.0
2017-05-31,1,1705311,128.075086840652,5.0,15.5,18.0,5.0,0.0,0.0,1.0
2017-05-31,2,1705312,312.984752322811,5.0,15.5,18.0,5.0,0.0,0.0,1.0
2017-05-31,3,1705313,137.596314089354,5.0,15.5,18.0,5.0,0.0,0.0,1.0
2017-05-31,4,1705314,83.0460110169265,5.0,15.5,18.0,5.0,0.0,0.0,1.0
2017-05-31,5,1705315,250.903481555561,5.0,15.5,18.0,5.0,0.0,0.0,1.0
2017-06-01,1,1706011,122.612602773757,0.0,17.375,12.0,5.0,0.0,0.0,1.0
2017-06-01,2,1706012,326.444731043874,0.0,17.375,12.0,5.0,0.0,0.0,1.0
2017-06-01,3,1706013,131.185928554762,0.0,17.375,12.0,5.0,0.0,0.0,1.0
2017-06-01,4,1706014,63.4915307338161,0.0,17.375,12.0,5.0,0.0,0.0,1.0
2017-06-01,5,1706015,257.53068125839,0.0,17.375,12.0,5.0,0.0,0.0,1.0
2017-06-02,1,1706021,109.568315162716,0.0,20.25,9.0,5.0,0.0,0.0,1.0
2017-06-02,2,1706022,352.166900202888,0.0,20.25,9.0,5.0,0.0,0.0,1.0
2017-06-02,3,1706023,108.539694596306,0.0,20.25,9.0,5.0,0.0,0.0,1.0
2017-06-02,4,1706024,62.6538987320347,0.0,20.25,9.0,5.0,0.0,0.0,1.0
2017-06-02,5,1706025,219.892781359991,0.0,20.25,9.0,5.0,0.0,0.0,1.0
2017-06-03,1,1706031,147.340788187836,7.0,17.5,5.0,61.0,0.0,0.0,1.0
2017-06-03,2,1706032,430.671317030427,7.0,17.5,5.0,61.0,0.0,0.0,1.0
2017-06-03,3,1706033,202.327403612151,7.0,17.5,5.0,61.0,0.0,0.0,1.0
2017-06-03,4,1706034,79.8748577098249,7.0,17.5,5.0,61.0,0.0,0.0,1.0
2017-06-03,5,1706035,341.219951593786,7.0,17.5,5.0,61.0,0.0,0.0,1.0
2017-06-04,1,1706041,71.186698283748,5.0,17.125,14.0,61.0,0.0,0.0,1.0
2017-06-04,2,1706042,475.727406203782,5.0,17.125,14.0,61.0,0.0,0.0,1.0
2017-06-04,3,1706043,213.121898505059,5.0,17.125,14.0,61.0,0.0,0.0,1.0
2017-06-04,4,1706044,133.455027306339,5.0,17.125,14.0,61.0,0.0,0.0,1.0
2017-06-04,5,1706045,282.766379717761,5.0,17.125,14.0,61.0,0.0,0.0,1.0
2017-06-05,1,1706051,51.613320416559,1.0,20.125,9.0,0.0,0.0,0.0,1.0
2017-06-05,2,1706052,631.207142909744,1.0,20.125,9.0,0.0,0.0,0.0,1.0
2017-06-05,3,1706053,300.22343502337,1.0,20.125,9.0,0.0,0.0,0.0,1.0
2017-06-05,4,1706054,172.589776003415,1.0,20.125,9.0,0.0,0.0,0.0,1.0
2017-06-05,5,1706055,305.044021088221,1.0,20.125,9.0,0.0,0.0,0.0,1.0
2017-06-06,1,1706061,129.923307518664,4.0,21.625,10.0,61.0,0.0,0.0,1.0
2017-06-06,2,1706062,405.757523699606,4.0,21.625,10.0,61.0,0.0,0.0,1.0
2017-06-06,3,1706063,140.565536536744,4.0,21.625,10.0,61.0,0.0,0.0,1.0
2017-06-06,4,1706064,102.198889451759,4.0,21.625,10.0,61.0,0.0,0.0,1.0
2017-06-06,5,1706065,230.088051311499,4.0,21.625,10.0,61.0,0.0,0.0,1.0
2017-06-07,1,1706071,96.3261708017248,7.0,12.25,14.0,63.0,0.0,0.0,1.0
2017-06-07,2,1706072,328.179059389348,7.0,12.25,14.0,63.0,0.0,0.0,1.0
2017-06-07,3,1706073,162.153139309064,7.0,12.25,14.0,63.0,0.0,0.0,1.0
2017-06-07,4,1706074,83.9117859837582,7.0,12.25,14.0,63.0,0.0,0.0,1.0
2017-06-07,5,1706075,199.147542181916,7.0,12.25,14.0,63.0,0.0,0.0,1.0
2017-06-08,1,1706081,109.25094379784,7.0,14.875,8.0,61.0,0.0,0.0,1.0
2017-06-08,2,1706082,333.992680117377,7.0,14.875,8.0,61.0,0.0,0.0,1.0
2017-06-08,3,1706083,118.536762094212,7.0,14.875,8.0,61.0,0.0,0.0,1.0
2017-06-08,4,1706084,73.5704897538955,7.0,14.875,8.0,61.0,0.0,0.0,1.0
2017-06-08,5,1706085,248.667270223624,7.0,14.875,8.0,61.0,0.0,0.0,1.0
2017-06-09,1,1706091,146.050825934372,6.0,20.25,14.0,95.0,0.0,0.0,1.0
2017-06-09,2,1706092,360.541873839481,6.0,20.25,14.0,95.0,0.0,0.0,1.0
2017-06-09,3,1706093,163.069676294977,6.0,20.25,14.0,95.0,0.0,0.0,1.0
2017-06-09,4,1706094,67.4684022242791,6.0,20.25,14.0,95.0,0.0,0.0,1.0
2017-06-09,5,1706095,252.167271175662,6.0,20.25,14.0,95.0,0.0,0.0,1.0
2017-06-10,1,1706101,155.244457489777,5.0,19.25,10.0,0.0,0.0,0.0,1.0
2017-06-10,2,1706102,394.659748547811,5.0,19.25,10.0,0.0,0.0,0.0,1.0
2017-06-10,3,1706103,210.975177421469,5.0,19.25,10.0,0.0,0.0,0.0,1.0
2017-06-10,4,1706104,32.1168117155127,5.0,19.25,10.0,0.0,0.0,0.0,1.0
2017-06-10,5,1706105,295.925237566685,5.0,19.25,10.0,0.0,0.0,0.0,1.0
2017-06-11,1,1706111,71.2809920560123,2.0,25.0,11.0,0.0,0.0,0.0,1.0
2017-06-11,2,1706112,468.687847891715,2.0,25.0,11.0,0.0,0.0,0.0,1.0
2017-06-11,3,1706113,215.171645362008,2.0,25.0,11.0,0.0,0.0,0.0,1.0
2017-06-11,4,1706114,46.2552218805324,2.0,25.0,11.0,0.0,0.0,0.0,1.0
2017-06-11,5,1706115,218.900286398773,2.0,25.0,11.0,0.0,0.0,0.0,1.0
2017-06-12,1,1706121,134.798408035579,7.0,16.25,16.0,61.0,0.0,0.0,1.0
2017-06-12,2,1706122,321.626699370205,7.0,16.25,16.0,61.0,0.0,0.0,1.0
2017-06-12,3,1706123,133.14564353779,7.0,16.25,16.0,61.0,0.0,0.0,1.0
2017-06-12,4,1706124,97.26620417744,7.0,16.25,16.0,61.0,0.0,0.0,1.0
2017-06-12,5,1706125,224.860256662599,7.0,16.25,16.0,61.0,0.0,0.0,1.0
2017-06-13,1,1706131,118.641824642293,6.0,16.125,16.0,21.0,0.0,0.0,1.0
2017-06-13,2,1706132,359.221168966116,6.0,16.125,16.0,21.0,0.0,0.0,1.0
2017-06-13,3,1706133,144.137864637622,6.0,16.125,16.0,21.0,0.0,0.0,1.0
2017-06-13,4,1706134,63.3994762725495,6.0,16.125,16.0,21.0,0.0,0.0,1.0
2017-06-13,5,1706135,251.89343554553,6.0,16.125,16.0,21.0,0.0,0.0,1.0
2017-06-14,1,1706141,107.822210054913,7.0,19.125,9.0,21.0,0.0,0.0,1.0
2017-06-14,2,1706142,329.596145708856,7.0,19.125,9.0,21.0,0.0,0.0,1.0
2017-06-14,3,1706143,141.310244761151,7.0,19.125,9.0,21.0,0.0,0.0,1.0
2017-06-14,4,1706144,69.9676858088209,7.0,19.125,9.0,21.0,0.0,0.0,1.0
2017-06-14,5,1706145,241.878666670142,7.0,19.125,9.0,21.0,0.0,0.0,1.0
2017-06-15,1,1706151,121.510818120738,3.0,22.75,6.0,21.0,0.0,0.0,1.0
2017-06-15,2,1706152,442.307093391398,3.0,22.75,6.0,21.0,0.0,0.0,1.0
2017-06-15,3,1706153,149.097950537212,3.0,22.75,6.0,21.0,0.0,0.0,1.0
2017-06-15,4,1706154,50.2552344362863,3.0,22.75,6.0,21.0,0.0,0.0,1.0
2017-06-15,5,1706155,239.393849321219,3.0,22.75,6.0,21.0,0.0,0.0,1.0
2017-06-16,1,1706161,159.386053748275,5.0,17.375,20.0,21.0,0.0,0.0,1.0
2017-06-16,2,1706162,452.798153358759,5.0,17.375,20.0,21.0,0.0,0.0,1.0
2017-06-16,3,1706163,188.189995473921,5.0,17.375,20.0,21.0,0.0,0.0,1.0
2017-06-16,4,1706164,31.6497269804199,5.0,17.375,20.0,21.0,0.0,0.0,1.0
2017-06-16,5,1706165,357.991437584472,5.0,17.375,20.0,21.0,0.0,0.0,1.0
2017-06-17,1,1706171,152.587185601354,0.0,20.125,15.0,0.0,1.0,0.0,1.0
2017-06-17,2,1706172,578.780125724772,0.0,20.125,15.0,0.0,1.0,0.0,1.0
2017-06-17,3,1706173,289.376417642361,0.0,20.125,15.0,0.0,1.0,0.0,1.0
2017-06-17,4,1706174,72.512643357311,0.0,20.125,15.0,0.0,1.0,0.0,1.0
2017-06-17,5,1706175,352.506179682214,0.0,20.125,15.0,0.0,1.0,0.0,1.0
2017-06-18,1,1706181,75.1727854873289,2.0,24.25,9.0,0.0,1.0,0.0,1.0
2017-06-18,2,1706182,586.165188828483,2.0,24.25,9.0,0.0,1.0,0.0,1.0
2017-06-18,3,1706183,301.35058891641,2.0,24.25,9.0,0.0,1.0,0.0,1.0
2017-06-18,4,1706184,71.2599878811923,2.0,24.25,9.0,0.0,1.0,0.0,1.0
2017-06-18,5,1706185,216.356703017971,2.0,24.25,9.0,0.0,1.0,0.0,1.0
2017-06-19,1,1706191,146.631334543439,1.0,25.375,7.0,0.0,1.0,0.0,1.0
2017-06-19,2,1706192,382.488175663817,1.0,25.375,7.0,0.0,1.0,0.0,1.0
2017-06-19,3,1706193,211.583246910582,1.0,25.375,7.0,0.0,1.0,0.0,1.0
2017-06-19,4,1706194,66.5031569430632,1.0,25.375,7.0,0.0,1.0,0.0,1.0
2017-06-19,5,1706195,266.040845002576,1.0,25.375,7.0,0.0,1.0,0.0,1.0
2017-06-20,1,1706201,127.815304326711,0.0,20.75,12.0,0.0,1.0,0.0,1.0
2017-06-20,2,1706202,434.849517951858,0.0,20.75,12.0,0.0,1.0,0.0,1.0
2017-06-20,3,1706203,181.240683684111,0.0,20.75,12.0,0.0,1.0,0.0,1.0
2017-06-20,4,1706204,59.7710397044917,0.0,20.75,12.0,0.0,1.0,0.0,1.0
2017-06-20,5,1706205,239.596188002166,0.0,20.75,12.0,0.0,1.0,0.0,1.0
2017-06-21,1,1706211,120.022105971466,3.0,18.75,10.0,0.0,1.0,0.0,1.0
2017-06-21,2,1706212,430.906719081176,3.0,18.75,10.0,0.0,1.0,0.0,1.0
2017-06-21,3,1706213,181.547354525725,3.0,18.75,10.0,0.0,1.0,0.0,1.0
2017-06-21,4,1706214,74.2881182284261,3.0,18.75,10.0,0.0,1.0,0.0,1.0
2017-06-21,5,1706215,232.925986116455,3.0,18.75,10.0,0.0,1.0,0.0,1.0
2017-06-22,1,1706221,78.1688619382617,3.0,20.25,10.0,95.0,1.0,0.0,1.0
2017-06-22,2,1706222,418.672448020086,3.0,20.25,10.0,95.0,1.0,0.0,1.0
2017-06-22,3,1706223,143.490671929285,3.0,20.25,10.0,95.0,1.0,0.0,1.0
2017-06-22,4,1706224,93.3756723023931,3.0,20.25,10.0,95.0,1.0,0.0,1.0
2017-06-22,5,1706225,231.444516999084,3.0,20.25,10.0,95.0,1.0,0.0,1.0
2017-06-23,1,1706231,160.591006007475,7.0,17.25,14.0,61.0,1.0,0.0,1.0
2017-06-23,2,1706232,439.210505371538,7.0,17.25,14.0,61.0,1.0,0.0,1.0
2017-06-23,3,1706233,172.344413428855,7.0,17.25,14.0,61.0,1.0,0.0,1.0
2017-06-23,4,1706234,79.9477044026905,7.0,17.25,14.0,61.0,1.0,0.0,1.0
2017-06-23,5,1706235,335.567446461642,7.0,17.25,14.0,61.0,1.0,0.0,1.0
2017-06-24,1,1706241,213.304834757744,6.0,17.875,19.0,61.0,1.0,0.0,1.0
2017-06-24,2,1706242,631.28176537999,6.0,17.875,19.0,61.0,1.0,0.0,1.0
2017-06-24,3,1706243,367.632769652741,6.0,17.875,19.0,61.0,1.0,0.0,1.0
2017-06-24,4,1706244,62.1562035019027,6.0,17.875,19.0,61.0,1.0,0.0,1.0
2017-06-24,5,1706245,448.004437068748,6.0,17.875,19.0,61.0,1.0,0.0,1.0
2017-06-25,1,1706251,69.3531645812572,7.0,17.25,16.0,20.0,1.0,0.0,1.0
2017-06-25,2,1706252,577.997897373246,7.0,17.25,16.0,20.0,1.0,0.0,1.0
2017-06-25,3,1706253,257.372454543866,7.0,17.25,16.0,20.0,1.0,0.0,1.0
2017-06-25,4,1706254,94.280904248875,7.0,17.25,16.0,20.0,1.0,0.0,1.0
2017-06-25,5,1706255,305.520160355371,7.0,17.25,16.0,20.0,1.0,0.0,1.0
2017-06-26,1,1706261,155.543228693566,3.0,17.375,16.0,21.0,0.0,0.0,1.0
2017-06-26,2,1706262,343.416699850294,3.0,17.375,16.0,21.0,0.0,0.0,1.0
2017-06-26,3,1706263,161.648694395923,3.0,17.375,16.0,21.0,0.0,0.0,1.0
2017-06-26,4,1706264,33.6633467822054,3.0,17.375,16.0,21.0,0.0,0.0,1.0
2017-06-26,5,1706265,270.978865267527,3.0,17.375,16.0,21.0,0.0,0.0,1.0
2017-06-27,1,1706271,135.490018589734,3.0,16.375,9.0,21.0,0.0,0.0,1.0
2017-06-27,2,1706272,352.863655088474,3.0,16.375,9.0,21.0,0.0,0.0,1.0
2017-06-27,3,1706273,134.933457557944,3.0,16.375,9.0,21.0,0.0,0.0,1.0
2017-06-27,4,1706274,91.6504679892195,3.0,16.375,9.0,21.0,0.0,0.0,1.0
2017-06-27,5,1706275,233.934559868307,3.0,16.375,9.0,21.0,0.0,0.0,1.0
2017-06-28,1,1706281,110.528030025808,6.0,19.75,18.0,21.0,0.0,0.0,1.0
2017-06-28,2,1706282,375.93664906759,6.0,19.75,18.0,21.0,0.0,0.0,1.0
2017-06-28,3,1706283,185.573198643115,6.0,19.75,18.0,21.0,0.0,0.0,1.0
2017-06-28,4,1706284,97.0032376307129,6.0,19.75,18.0,21.0,0.0,0.0,1.0
2017-06-28,5,1706285,205.983447305846,6.0,19.75,18.0,21.0,0.0,0.0,1.0
2017-06-29,1,1706291,126.32363509346,7.0,17.875,8.0,61.0,0.0,0.0,1.0
2017-06-29,2,1706292,359.267467899639,7.0,17.875,8.0,61.0,0.0,0.0,1.0
2017-06-29,3,1706293,155.221902949467,7.0,17.875,8.0,61.0,0.0,0.0,1.0
2017-06-29,4,1706294,108.636058610424,7.0,17.875,8.0,61.0,0.0,0.0,1.0
2017-06-29,5,1706295,275.570722936418,7.0,17.875,8.0,61.0,0.0,0.0,1.0
2017-06-30,1,1706301,118.656267761961,7.0,14.875,11.0,63.0,0.0,0.0,1.0
2017-06-30,2,1706302,332.500323215319,7.0,14.875,11.0,63.0,0.0,0.0,1.0
2017-06-30,3,1706303,126.129236923882,7.0,14.875,11.0,63.0,0.0,0.0,1.0
2017-06-30,4,1706304,69.1769825237336,7.0,14.875,11.0,63.0,0.0,0.0,1.0
2017-06-30,5,1706305,276.906279043165,7.0,14.875,11.0,63.0,0.0,0.0,1.0
2017-07-01,1,1707011,142.537037918789,7.0,17.625,10.0,21.0,0.0,0.0,1.0
2017-07-01,2,1707012,443.178850570886,7.0,17.625,10.0,21.0,0.0,0.0,1.0
2017-07-01,3,1707013,183.864255743189,7.0,17.625,10.0,21.0,0.0,0.0,1.0
2017-07-01,4,1707014,91.7431250723518,7.0,17.625,10.0,21.0,0.0,0.0,1.0
2017-07-01,5,1707015,263.834203280722,7.0,17.625,10.0,21.0,0.0,0.0,1.0
2017-07-02,1,1707021,63.6146685898519,7.0,17.125,18.0,21.0,0.0,0.0,1.0
2017-07-02,2,1707022,477.995936942089,7.0,17.125,18.0,21.0,0.0,0.0,1.0
2017-07-02,3,1707023,246.338419886437,7.0,17.125,18.0,21.0,0.0,0.0,1.0
2017-07-02,4,1707024,113.939643815891,7.0,17.125,18.0,21.0,0.0,0.0,1.0
2017-07-02,5,1707025,258.691508842531,7.0,17.125,18.0,21.0,0.0,0.0,1.0
2017-07-03,1,1707031,144.589969427013,7.0,18.625,14.0,95.0,0.0,0.0,1.0
2017-07-03,2,1707032,373.267876537498,7.0,18.625,14.0,95.0,0.0,0.0,1.0
2017-07-03,3,1707033,187.71776492446,7.0,18.625,14.0,95.0,0.0,0.0,1.0
2017-07-03,4,1707034,63.8439379450254,7.0,18.625,14.0,95.0,0.0,0.0,1.0
2017-07-03,5,1707035,265.352384049741,7.0,18.625,14.0,95.0,0.0,0.0,1.0
2017-07-04,1,1707041,,6.0,17.25,15.0,95.0,0.0,0.0,1.0
2017-07-04,2,1707042,,6.0,17.25,15.0,95.0,0.0,0.0,1.0
2017-07-04,3,1707043,,6.0,17.25,15.0,95.0,0.0,0.0,1.0
2017-07-04,4,1707044,,6.0,17.25,15.0,95.0,0.0,0.0,1.0
2017-07-04,5,1707045,,6.0,17.25,15.0,95.0,0.0,0.0,1.0
2017-07-05,1,1707051,137.917961104922,2.0,19.0,9.0,95.0,0.0,0.0,1.0
2017-07-05,2,1707052,457.585596181938,2.0,19.0,9.0,95.0,0.0,0.0,1.0
2017-07-05,3,1707053,199.163798137962,2.0,19.0,9.0,95.0,0.0,0.0,1.0
2017-07-05,4,1707054,65.1183318108935,2.0,19.0,9.0,95.0,0.0,0.0,1.0
2017-07-05,5,1707055,283.910217712057,2.0,19.0,9.0,95.0,0.0,0.0,1.0
2017-07-06,1,1707061,170.80244658411,0.0,18.375,8.0,95.0,0.0,0.0,1.0
2017-07-06,2,1707062,448.518282397681,0.0,18.375,8.0,95.0,0.0,0.0,1.0
2017-07-06,3,1707063,188.91776073987,0.0,18.375,8.0,95.0,0.0,0.0,1.0
2017-07-06,4,1707064,86.783817525492,0.0,18.375,8.0,95.0,0.0,0.0,1.0
2017-07-06,5,1707065,261.128792847111,0.0,18.375,8.0,95.0,0.0,0.0,1.0
2017-07-07,1,1707071,136.561795937936,5.0,20.625,7.0,61.0,0.0,0.0,1.0
2017-07-07,2,1707072,476.283376116767,5.0,20.625,7.0,61.0,0.0,0.0,1.0
2017-07-07,3,1707073,192.727972707754,5.0,20.625,7.0,61.0,0.0,0.0,1.0
2017-07-07,4,1707074,68.9772820349558,5.0,20.625,7.0,61.0,0.0,0.0,1.0
2017-07-07,5,1707075,280.03553855482,5.0,20.625,7.0,61.0,0.0,0.0,1.0
2017-07-08,1,1707081,156.573447907018,4.0,20.625,16.0,21.0,0.0,0.0,1.0
2017-07-08,2,1707082,580.465886398025,4.0,20.625,16.0,21.0,0.0,0.0,1.0
2017-07-08,3,1707083,241.187433084311,4.0,20.625,16.0,21.0,0.0,0.0,1.0
2017-07-08,4,1707084,95.7270922502977,4.0,20.625,16.0,21.0,0.0,0.0,1.0
2017-07-08,5,1707085,323.252800431888,4.0,20.625,16.0,21.0,0.0,0.0,1.0
2017-07-09,1,1707091,76.246567028981,1.0,19.125,9.0,21.0,0.0,0.0,1.0
2017-07-09,2,1707092,613.942968297244,1.0,19.125,9.0,21.0,0.0,0.0,1.0
2017-07-09,3,1707093,329.248061272308,1.0,19.125,9.0,21.0,0.0,0.0,1.0
2017-07-09,4,1707094,107.869190385805,1.0,19.125,9.0,21.0,0.0,0.0,1.0
2017-07-09,5,1707095,291.01852385457,1.0,19.125,9.0,21.0,0.0,0.0,1.0
2017-07-10,1,1707101,140.641759507657,7.0,17.5,6.0,61.0,0.0,0.0,1.0
2017-07-10,2,1707102,403.02834298579,7.0,17.5,6.0,61.0,0.0,0.0,1.0
2017-07-10,3,1707103,177.453927895789,7.0,17.5,6.0,61.0,0.0,0.0,1.0
2017-07-10,4,1707104,96.5349131699666,7.0,17.5,6.0,61.0,0.0,0.0,1.0
2017-07-10,5,1707105,308.707126781116,7.0,17.5,6.0,61.0,0.0,0.0,1.0
2017-07-11,1,1707111,134.174542819592,6.0,19.875,11.0,95.0,0.0,0.0,1.0
2017-07-11,2,1707112,423.994881388252,6.0,19.875,11.0,95.0,0.0,0.0,1.0
2017-07-11,3,1707113,168.296001762297,6.0,19.875,11.0,95.0,0.0,0.0,1.0
2017-07-11,4,1707114,66.1297555388744,6.0,19.875,11.0,95.0,0.0,0.0,1.0
2017-07-11,5,1707115,216.222234709874,6.0,19.875,11.0,95.0,0.0,0.0,1.0
2017-07-12,1,1707121,92.5453856390347,7.0,14.75,12.0,61.0,0.0,0.0,1.0
2017-07-12,2,1707122,395.371907193752,7.0,14.75,12.0,61.0,0.0,0.0,1.0
2017-07-12,3,1707123,154.145230589462,7.0,14.75,12.0,61.0,0.0,0.0,1.0
2017-07-12,4,1707124,82.3784967231009,7.0,14.75,12.0,61.0,0.0,0.0,1.0
2017-07-12,5,1707125,305.086914673925,7.0,14.75,12.0,61.0,0.0,0.0,1.0
2017-07-13,1,1707131,165.69253636193,6.0,16.875,15.0,61.0,0.0,0.0,1.0
2017-07-13,2,1707132,460.294611216087,6.0,16.875,15.0,61.0,0.0,0.0,1.0
2017-07-13,3,1707133,189.580727494569,6.0,16.875,15.0,61.0,0.0,0.0,1.0
2017-07-13,4,1707134,95.1582387192905,6.0,16.875,15.0,61.0,0.0,0.0,1.0
2017-07-13,5,1707135,250.968535168665,6.0,16.875,15.0,61.0,0.0,0.0,1.0
2017-07-14,1,1707141,161.336234262394,3.0,19.5,8.0,61.0,0.0,0.0,1.0
2017-07-14,2,1707142,455.738678370628,3.0,19.5,8.0,61.0,0.0,0.0,1.0
2017-07-14,3,1707143,183.691695131553,3.0,19.5,8.0,61.0,0.0,0.0,1.0
2017-07-14,4,1707144,85.6926686077635,3.0,19.5,8.0,61.0,0.0,0.0,1.0
2017-07-14,5,1707145,336.129612974149,3.0,19.5,8.0,61.0,0.0,0.0,1.0
2017-07-15,1,1707151,161.368243588646,7.0,18.75,10.0,21.0,0.0,0.0,1.0
2017-07-15,2,1707152,671.168738211215,7.0,18.75,10.0,21.0,0.0,0.0,1.0
2017-07-15,3,1707153,245.417481970711,7.0,18.75,10.0,21.0,0.0,0.0,1.0
2017-07-15,4,1707154,71.1735594852225,7.0,18.75,10.0,21.0,0.0,0.0,1.0
2017-07-15,5,1707155,285.564576484531,7.0,18.75,10.0,21.0,0.0,0.0,1.0
2017-07-16,1,1707161,83.446445422438,8.0,17.375,9.0,61.0,0.0,0.0,1.0
2017-07-16,2,1707162,596.167592528165,8.0,17.375,9.0,61.0,0.0,0.0,1.0
2017-07-16,3,1707163,285.659838885549,8.0,17.375,9.0,61.0,0.0,0.0,1.0
2017-07-16,4,1707164,94.3001047890986,8.0,17.375,9.0,61.0,0.0,0.0,1.0
2017-07-16,5,1707165,312.089956191711,8.0,17.375,9.0,61.0,0.0,0.0,1.0
2017-07-17,1,1707171,158.966094203543,6.0,18.5,12.0,61.0,0.0,0.0,1.0
2017-07-17,2,1707172,487.240000029275,6.0,18.5,12.0,61.0,0.0,0.0,1.0
2017-07-17,3,1707173,210.556063204536,6.0,18.5,12.0,61.0,0.0,0.0,1.0
2017-07-17,4,1707174,72.6701335341285,6.0,18.5,12.0,61.0,0.0,0.0,1.0
2017-07-17,5,1707175,308.725687110286,6.0,18.5,12.0,61.0,0.0,0.0,1.0
2017-07-18,1,1707181,123.668309159157,5.0,18.75,7.0,61.0,0.0,0.0,1.0
2017-07-18,2,1707182,498.207067945866,5.0,18.75,7.0,61.0,0.0,0.0,1.0
2017-07-18,3,1707183,210.035193962853,5.0,18.75,7.0,61.0,0.0,0.0,1.0
2017-07-18,4,1707184,89.1266102583634,5.0,18.75,7.0,61.0,0.0,0.0,1.0
2017-07-18,5,1707185,292.647047885435,5.0,18.75,7.0,61.0,0.0,0.0,1.0
2017-07-19,1,1707191,126.617460532105,1.0,22.5,13.0,0.0,0.0,0.0,1.0
2017-07-19,2,1707192,480.701110944238,1.0,22.5,13.0,0.0,0.0,0.0,1.0
2017-07-19,3,1707193,264.262174906022,1.0,22.5,13.0,0.0,0.0,0.0,1.0
2017-07-19,4,1707194,77.1847470017168,1.0,22.5,13.0,0.0,0.0,0.0,1.0
2017-07-19,5,1707195,272.974738842505,1.0,22.5,13.0,0.0,0.0,0.0,1.0
2017-07-20,1,1707201,152.89730610752,7.0,21.5,5.0,61.0,0.0,0.0,1.0
2017-07-20,2,1707202,516.025848097357,7.0,21.5,5.0,61.0,0.0,0.0,1.0
2017-07-20,3,1707203,231.137564394634,7.0,21.5,5.0,61.0,0.0,0.0,1.0
2017-07-20,4,1707204,74.7950274442457,7.0,21.5,5.0,61.0,0.0,0.0,1.0
2017-07-20,5,1707205,307.578629865835,7.0,21.5,5.0,61.0,0.0,0.0,1.0
2017-07-21,1,1707211,128.063478737945,2.0,20.5,10.0,61.0,0.0,0.0,1.0
2017-07-21,2,1707212,557.68775678789,2.0,20.5,10.0,61.0,0.0,0.0,1.0
2017-07-21,3,1707213,240.009691214717,2.0,20.5,10.0,61.0,0.0,0.0,1.0
2017-07-21,4,1707214,55.5483271970157,2.0,20.5,10.0,61.0,0.0,0.0,1.0
2017-07-21,5,1707215,242.757993509039,2.0,20.5,10.0,61.0,0.0,0.0,1.0
2017-07-22,1,1707221,118.581655925728,7.0,18.5,9.0,63.0,0.0,0.0,1.0
2017-07-22,2,1707222,703.366173269316,7.0,18.5,9.0,63.0,0.0,0.0,1.0
2017-07-22,3,1707223,311.79730154225,7.0,18.5,9.0,63.0,0.0,0.0,1.0
2017-07-22,4,1707224,69.8668112848796,7.0,18.5,9.0,63.0,0.0,0.0,1.0
2017-07-22,5,1707225,311.294356726898,7.0,18.5,9.0,63.0,0.0,0.0,1.0
2017-07-23,1,1707231,60.4808932763266,6.0,19.375,12.0,61.0,0.0,0.0,1.0
2017-07-23,2,1707232,607.272441480619,6.0,19.375,12.0,61.0,0.0,0.0,1.0
2017-07-23,3,1707233,270.892805038016,6.0,19.375,12.0,61.0,0.0,0.0,1.0
2017-07-23,4,1707234,86.316802196675,6.0,19.375,12.0,61.0,0.0,0.0,1.0
2017-07-23,5,1707235,309.722661028726,6.0,19.375,12.0,61.0,0.0,0.0,1.0
2017-07-24,1,1707241,171.708992805544,7.0,18.75,10.0,21.0,0.0,1.0,1.0
2017-07-24,2,1707242,579.28803115614,7.0,18.75,10.0,21.0,0.0,1.0,1.0
2017-07-24,3,1707243,319.719249418743,7.0,18.75,10.0,21.0,0.0,1.0,1.0
2017-07-24,4,1707244,90.7708220684182,7.0,18.75,10.0,21.0,0.0,1.0,1.0
2017-07-24,5,1707245,294.414373895706,7.0,18.75,10.0,21.0,0.0,1.0,1.0
2017-07-25,1,1707251,129.504249202353,7.0,16.25,16.0,63.0,0.0,1.0,1.0
2017-07-25,2,1707252,510.733529654244,7.0,16.25,16.0,63.0,0.0,1.0,1.0
2017-07-25,3,1707253,256.669227442759,7.0,16.25,16.0,63.0,0.0,1.0,1.0
2017-07-25,4,1707254,81.2695426792517,7.0,16.25,16.0,63.0,0.0,1.0,1.0
2017-07-25,5,1707255,292.873336608295,7.0,16.25,16.0,63.0,0.0,1.0,1.0
2017-07-26,1,1707261,182.444822422102,0.0,20.875,10.0,63.0,0.0,1.0,1.0
2017-07-26,2,1707262,507.820179245606,0.0,20.875,10.0,63.0,0.0,1.0,1.0
2017-07-26,3,1707263,287.611585624058,0.0,20.875,10.0,63.0,0.0,1.0,1.0
2017-07-26,4,1707264,79.1146599002503,0.0,20.875,10.0,63.0,0.0,1.0,1.0
2017-07-26,5,1707265,280.921450739357,0.0,20.875,10.0,63.0,0.0,1.0,1.0
2017-07-27,1,1707271,239.066940896544,6.0,19.5,10.0,61.0,0.0,1.0,1.0
2017-07-27,2,1707272,582.549770241516,6.0,19.5,10.0,61.0,0.0,1.0,1.0
2017-07-27,3,1707273,264.347742587261,6.0,19.5,10.0,61.0,0.0,1.0,1.0
2017-07-27,4,1707274,111.906264476103,6.0,19.5,10.0,61.0,0.0,1.0,1.0
2017-07-27,5,1707275,274.724777653659,6.0,19.5,10.0,61.0,0.0,1.0,1.0
2017-07-28,1,1707281,184.323576306162,6.0,18.125,17.0,61.0,0.0,1.0,1.0
2017-07-28,2,1707282,551.167149777235,6.0,18.125,17.0,61.0,0.0,1.0,1.0
2017-07-28,3,1707283,291.869109786323,6.0,18.125,17.0,61.0,0.0,1.0,1.0
2017-07-28,4,1707284,81.3318887692057,6.0,18.125,17.0,61.0,0.0,1.0,1.0
2017-07-28,5,1707285,265.400900332413,6.0,18.125,17.0,61.0,0.0,1.0,1.0
2017-07-29,1,1707291,202.431896081896,5.0,19.625,11.0,61.0,0.0,1.0,1.0
2017-07-29,2,1707292,557.05720038088,5.0,19.625,11.0,61.0,0.0,1.0,1.0
2017-07-29,3,1707293,367.886160346572,5.0,19.625,11.0,61.0,0.0,1.0,1.0
2017-07-29,4,1707294,67.3861469013822,5.0,19.625,11.0,61.0,0.0,1.0,1.0
2017-07-29,5,1707295,260.119810951082,5.0,19.625,11.0,61.0,0.0,1.0,1.0
2017-07-30,1,1707301,65.4532794606465,5.0,24.0,11.0,61.0,0.0,1.0,1.0
2017-07-30,2,1707302,605.805099130182,5.0,24.0,11.0,61.0,0.0,1.0,1.0
2017-07-30,3,1707303,322.250156339845,5.0,24.0,11.0,61.0,0.0,1.0,1.0
2017-07-30,4,1707304,150.306407349588,5.0,24.0,11.0,61.0,0.0,1.0,1.0
2017-07-30,5,1707305,294.303759404718,5.0,24.0,11.0,61.0,0.0,1.0,1.0
2017-07-31,1,1707311,162.425333410717,2.0,22.75,9.0,61.0,0.0,1.0,1.0
2017-07-31,2,1707312,548.102447200155,2.0,22.75,9.0,61.0,0.0,1.0,1.0
2017-07-31,3,1707313,294.721801189509,2.0,22.75,9.0,61.0,0.0,1.0,1.0
2017-07-31,4,1707314,87.2264793728435,2.0,22.75,9.0,61.0,0.0,1.0,1.0
2017-07-31,5,1707315,222.684255865425,2.0,22.75,9.0,61.0,0.0,1.0,1.0
2017-08-01,1,1708011,166.135486122073,6.0,21.375,7.0,21.0,0.0,1.0,1.0
2017-08-01,2,1708012,557.470897762849,6.0,21.375,7.0,21.0,0.0,1.0,1.0
2017-08-01,3,1708013,294.872700835774,6.0,21.375,7.0,21.0,0.0,1.0,1.0
2017-08-01,4,1708014,88.2080059991747,6.0,21.375,7.0,21.0,0.0,1.0,1.0
2017-08-01,5,1708015,325.864227815201,6.0,21.375,7.0,21.0,0.0,1.0,1.0
2017-08-02,1,1708021,155.022099183108,5.0,21.375,8.0,61.0,0.0,1.0,1.0
2017-08-02,2,1708022,584.846712161711,5.0,21.375,8.0,61.0,0.0,1.0,1.0
2017-08-02,3,1708023,304.11610963943,5.0,21.375,8.0,61.0,0.0,1.0,1.0
2017-08-02,4,1708024,131.702253696054,5.0,21.375,8.0,61.0,0.0,1.0,1.0
2017-08-02,5,1708025,346.233879982049,5.0,21.375,8.0,61.0,0.0,1.0,1.0
2017-08-03,1,1708031,159.5753401745,7.0,20.125,10.0,95.0,0.0,1.0,1.0
2017-08-03,2,1708032,483.068231580132,7.0,20.125,10.0,95.0,0.0,1.0,1.0
2017-08-03,3,1708033,290.500488567803,7.0,20.125,10.0,95.0,0.0,1.0,1.0
2017-08-03,4,1708034,55.4231226495198,7.0,20.125,10.0,95.0,0.0,1.0,1.0
2017-08-03,5,1708035,284.067056413653,7.0,20.125,10.0,95.0,0.0,1.0,1.0
2017-08-04,1,1708041,161.585238563032,6.0,19.625,18.0,21.0,0.0,1.0,1.0
2017-08-04,2,1708042,542.553671194929,6.0,19.625,18.0,21.0,0.0,1.0,1.0
2017-08-04,3,1708043,296.329975775803,6.0,19.625,18.0,21.0,0.0,1.0,1.0
2017-08-04,4,1708044,109.238985280319,6.0,19.625,18.0,21.0,0.0,1.0,1.0
2017-08-04,5,1708045,306.240426831459,6.0,19.625,18.0,21.0,0.0,1.0,1.0
2017-08-05,1,1708051,198.088094187281,4.0,20.125,12.0,21.0,0.0,1.0,1.0
2017-08-05,2,1708052,641.275312196642,4.0,20.125,12.0,21.0,0.0,1.0,1.0
2017-08-05,3,1708053,323.640426901058,4.0,20.125,12.0,21.0,0.0,1.0,1.0
2017-08-05,4,1708054,85.1293179346948,4.0,20.125,12.0,21.0,0.0,1.0,1.0
2017-08-05,5,1708055,305.981167385721,4.0,20.125,12.0,21.0,0.0,1.0,1.0
2017-08-06,1,1708061,72.3122759066064,3.0,18.5,13.0,21.0,0.0,1.0,1.0
2017-08-06,2,1708062,591.809052421491,3.0,18.5,13.0,21.0,0.0,1.0,1.0
2017-08-06,3,1708063,306.788962919757,3.0,18.5,13.0,21.0,0.0,1.0,1.0
2017-08-06,4,1708064,127.390987922708,3.0,18.5,13.0,21.0,0.0,1.0,1.0
2017-08-06,5,1708065,250.580732174045,3.0,18.5,13.0,21.0,0.0,1.0,1.0
2017-08-07,1,1708071,172.028528903065,2.0,22.4875,8.0,21.0,0.0,1.0,1.0
2017-08-07,2,1708072,533.297032767377,2.0,22.4875,8.0,21.0,0.0,1.0,1.0
2017-08-07,3,1708073,279.605045716123,2.0,22.4875,8.0,21.0,0.0,1.0,1.0
2017-08-07,4,1708074,125.232220841053,2.0,22.4875,8.0,21.0,0.0,1.0,1.0
2017-08-07,5,1708075,228.070359307693,2.0,22.4875,8.0,21.0,0.0,1.0,1.0
2017-08-08,1,1708081,137.161092618244,6.0,23.0625,8.0,21.0,0.0,1.0,1.0
2017-08-08,2,1708082,573.241944463135,6.0,23.0625,8.0,21.0,0.0,1.0,1.0
2017-08-08,3,1708083,325.750887704869,6.0,23.0625,8.0,21.0,0.0,1.0,1.0
2017-08-08,4,1708084,67.058818368455,6.0,23.0625,8.0,21.0,0.0,1.0,1.0
2017-08-08,5,1708085,241.398367826028,6.0,23.0625,8.0,21.0,0.0,1.0,1.0
2017-08-09,1,1708091,138.409853223588,1.0,21.125,11.0,0.0,0.0,1.0,1.0
2017-08-09,2,1708092,502.947388962741,1.0,21.125,11.0,0.0,0.0,1.0,1.0
2017-08-09,3,1708093,294.987094993166,1.0,21.125,11.0,0.0,0.0,1.0,1.0
2017-08-09,4,1708094,76.5695591163478,1.0,21.125,11.0,0.0,0.0,1.0,1.0
2017-08-09,5,1708095,275.224826686467,1.0,21.125,11.0,0.0,0.0,1.0,1.0
2017-08-10,1,1708101,144.270402110132,6.0,19.6,9.0,0.0,0.0,1.0,1.0
2017-08-10,2,1708102,500.543723798549,6.0,19.6,9.0,0.0,0.0,1.0,1.0
2017-08-10,3,1708103,247.418838307197,6.0,19.6,9.0,0.0,0.0,1.0,1.0
2017-08-10,4,1708104,62.3945970040157,6.0,19.6,9.0,0.0,0.0,1.0,1.0
2017-08-10,5,1708105,285.768050551316,6.0,19.6,9.0,0.0,0.0,1.0,1.0
2017-08-11,1,1708111,180.959666237058,7.0,16.375,8.0,61.0,0.0,1.0,1.0
2017-08-11,2,1708112,505.047502675496,7.0,16.375,8.0,61.0,0.0,1.0,1.0
2017-08-11,3,1708113,231.41872971895,7.0,16.375,8.0,61.0,0.0,1.0,1.0
2017-08-11,4,1708114,192.905985979155,7.0,16.375,8.0,61.0,0.0,1.0,1.0
2017-08-11,5,1708115,372.782287967599,7.0,16.375,8.0,61.0,0.0,1.0,1.0
2017-08-12,1,1708121,150.572600694148,7.0,15.5625,8.0,61.0,0.0,1.0,1.0
2017-08-12,2,1708122,573.942499138818,7.0,15.5625,8.0,61.0,0.0,1.0,1.0
2017-08-12,3,1708123,293.212102250901,7.0,15.5625,8.0,61.0,0.0,1.0,1.0
2017-08-12,4,1708124,88.4596063385422,7.0,15.5625,8.0,61.0,0.0,1.0,1.0
2017-08-12,5,1708125,496.340276625854,7.0,15.5625,8.0,61.0,0.0,1.0,1.0
2017-08-13,1,1708131,80.2751371635464,4.0,17.825,11.0,21.0,0.0,1.0,1.0
2017-08-13,2,1708132,537.191803566869,4.0,17.825,11.0,21.0,0.0,1.0,1.0
2017-08-13,3,1708133,317.981827860432,4.0,17.825,11.0,21.0,0.0,1.0,1.0
2017-08-13,4,1708134,171.364541630665,4.0,17.825,11.0,21.0,0.0,1.0,1.0
2017-08-13,5,1708135,409.881574019081,4.0,17.825,11.0,21.0,0.0,1.0,1.0
2017-08-14,1,1708141,161.757769956575,1.0,18.6375,12.0,0.0,0.0,1.0,1.0
2017-08-14,2,1708142,516.880895848593,1.0,18.6375,12.0,0.0,0.0,1.0,1.0
2017-08-14,3,1708143,235.073505255603,1.0,18.6375,12.0,0.0,0.0,1.0,1.0
2017-08-14,4,1708144,69.9011710580554,1.0,18.6375,12.0,0.0,0.0,1.0,1.0
2017-08-14,5,1708145,292.091747260976,1.0,18.6375,12.0,0.0,0.0,1.0,1.0
2017-08-15,1,1708151,111.761335307047,2.0,25.0625,9.0,0.0,0.0,1.0,1.0
2017-08-15,2,1708152,546.664314691533,2.0,25.0625,9.0,0.0,0.0,1.0,1.0
2017-08-15,3,1708153,256.477737683784,2.0,25.0625,9.0,0.0,0.0,1.0,1.0
2017-08-15,4,1708154,84.1907304228019,2.0,25.0625,9.0,0.0,0.0,1.0,1.0
2017-08-15,5,1708155,255.608134685099,2.0,25.0625,9.0,0.0,0.0,1.0,1.0
2017-08-16,1,1708161,126.034311313186,3.0,20.8625,8.0,0.0,0.0,1.0,1.0
2017-08-16,2,1708162,469.926063751212,3.0,20.8625,8.0,0.0,0.0,1.0,1.0
2017-08-16,3,1708163,223.342663387873,3.0,20.8625,8.0,0.0,0.0,1.0,1.0
2017-08-16,4,1708164,110.847258810596,3.0,20.8625,8.0,0.0,0.0,1.0,1.0
2017-08-16,5,1708165,251.948840372397,3.0,20.8625,8.0,0.0,0.0,1.0,1.0
2017-08-17,1,1708171,174.467285452882,5.0,21.8,10.0,63.0,0.0,1.0,1.0
2017-08-17,2,1708172,473.637718291986,5.0,21.8,10.0,63.0,0.0,1.0,1.0
2017-08-17,3,1708173,196.017526514133,5.0,21.8,10.0,63.0,0.0,1.0,1.0
2017-08-17,4,1708174,94.0098247173751,5.0,21.8,10.0,63.0,0.0,1.0,1.0
2017-08-17,5,1708175,301.780605072633,5.0,21.8,10.0,63.0,0.0,1.0,1.0
2017-08-18,1,1708181,121.506482436341,6.0,19.6625,7.0,0.0,0.0,1.0,1.0
2017-08-18,2,1708182,479.414134575115,6.0,19.6625,7.0,0.0,0.0,1.0,1.0
2017-08-18,3,1708183,222.037173809602,6.0,19.6625,7.0,0.0,0.0,1.0,1.0
2017-08-18,4,1708184,115.429769462369,6.0,19.6625,7.0,0.0,0.0,1.0,1.0
2017-08-18,5,1708185,262.733830596957,6.0,19.6625,7.0,0.0,0.0,1.0,1.0
2017-08-19,1,1708191,160.328375151501,5.0,16.9375,11.0,63.0,0.0,1.0,1.0
2017-08-19,2,1708192,580.484834323311,5.0,16.9375,11.0,63.0,0.0,1.0,1.0
2017-08-19,3,1708193,237.468659429889,5.0,16.9375,11.0,63.0,0.0,1.0,1.0
2017-08-19,4,1708194,88.5117263512927,5.0,16.9375,11.0,63.0,0.0,1.0,1.0
2017-08-19,5,1708195,375.15503525195,5.0,16.9375,11.0,63.0,0.0,1.0,1.0
2017-08-20,1,1708201,88.8323053510043,6.0,16.0125,10.0,61.0,0.0,1.0,1.0
2017-08-20,2,1708202,590.703195653633,6.0,16.0125,10.0,61.0,0.0,1.0,1.0
2017-08-20,3,1708203,290.670880726839,6.0,16.0125,10.0,61.0,0.0,1.0,1.0
2017-08-20,4,1708204,177.591810776184,6.0,16.0125,10.0,61.0,0.0,1.0,1.0
2017-08-20,5,1708205,454.786377826213,6.0,16.0125,10.0,61.0,0.0,1.0,1.0
2017-08-21,1,1708211,156.498349566742,7.0,17.2,15.0,61.0,0.0,1.0,1.0
2017-08-21,2,1708212,515.578324075335,7.0,17.2,15.0,61.0,0.0,1.0,1.0
2017-08-21,3,1708213,206.04345319101,7.0,17.2,15.0,61.0,0.0,1.0,1.0
2017-08-21,4,1708214,116.218577478867,7.0,17.2,15.0,61.0,0.0,1.0,1.0
2017-08-21,5,1708215,317.30654950445,7.0,17.2,15.0,61.0,0.0,1.0,1.0
2017-08-22,1,1708221,137.482146234831,4.0,17.6125,11.0,61.0,0.0,1.0,1.0
2017-08-22,2,1708222,476.178832179405,4.0,17.6125,11.0,61.0,0.0,1.0,1.0
2017-08-22,3,1708223,184.444297083114,4.0,17.6125,11.0,61.0,0.0,1.0,1.0
2017-08-22,4,1708224,121.055352670959,4.0,17.6125,11.0,61.0,0.0,1.0,1.0
2017-08-22,5,1708225,264.929017109264,4.0,17.6125,11.0,61.0,0.0,1.0,1.0
2017-08-23,1,1708231,146.200693986919,0.0,19.4375,9.0,5.0,0.0,1.0,1.0
2017-08-23,2,1708232,429.116714335813,0.0,19.4375,9.0,5.0,0.0,1.0,1.0
2017-08-23,3,1708233,217.364001604778,0.0,19.4375,9.0,5.0,0.0,1.0,1.0
2017-08-23,4,1708234,111.127810160075,0.0,19.4375,9.0,5.0,0.0,1.0,1.0
2017-08-23,5,1708235,291.915768159844,0.0,19.4375,9.0,5.0,0.0,1.0,1.0
2017-08-24,1,1708241,161.178424672584,3.0,19.4875,14.0,21.0,0.0,1.0,1.0
2017-08-24,2,1708242,422.213771239195,3.0,19.4875,14.0,21.0,0.0,1.0,1.0
2017-08-24,3,1708243,198.899809873781,3.0,19.4875,14.0,21.0,0.0,1.0,1.0
2017-08-24,4,1708244,81.5352495021915,3.0,19.4875,14.0,21.0,0.0,1.0,1.0
2017-08-24,5,1708245,275.774809663247,3.0,19.4875,14.0,21.0,0.0,1.0,1.0
2017-08-25,1,1708251,121.67851633637,3.0,19.7625,13.0,21.0,0.0,1.0,1.0
2017-08-25,2,1708252,442.732011562091,3.0,19.7625,13.0,21.0,0.0,1.0,1.0
2017-08-25,3,1708253,187.866584876945,3.0,19.7625,13.0,21.0,0.0,1.0,1.0
2017-08-25,4,1708254,74.8792539023913,3.0,19.7625,13.0,21.0,0.0,1.0,1.0
2017-08-25,5,1708255,280.842590523046,3.0,19.7625,13.0,21.0,0.0,1.0,1.0
2017-08-26,1,1708261,175.29635154451,4.0,19.525,7.0,0.0,0.0,1.0,1.0
2017-08-26,2,1708262,564.453618112439,4.0,19.525,7.0,0.0,0.0,1.0,1.0
2017-08-26,3,1708263,252.88884904238,4.0,19.525,7.0,0.0,0.0,1.0,1.0
2017-08-26,4,1708264,84.5048268353206,4.0,19.525,7.0,0.0,0.0,1.0,1.0
2017-08-26,5,1708265,339.991828492121,4.0,19.525,7.0,0.0,0.0,1.0,1.0
2017-08-27,1,1708271,60.3904195840305,4.0,19.6625,13.0,21.0,0.0,1.0,1.0
2017-08-27,2,1708272,555.617737882176,4.0,19.6625,13.0,21.0,0.0,1.0,1.0
2017-08-27,3,1708273,213.994278660086,4.0,19.6625,13.0,21.0,0.0,1.0,1.0
2017-08-27,4,1708274,88.2407570500263,4.0,19.6625,13.0,21.0,0.0,1.0,1.0
2017-08-27,5,1708275,317.500175379358,4.0,19.6625,13.0,21.0,0.0,1.0,1.0
2017-08-28,1,1708281,109.862269383009,4.0,20.5375,5.0,21.0,0.0,1.0,1.0
2017-08-28,2,1708282,375.106401311545,4.0,20.5375,5.0,21.0,0.0,1.0,1.0
2017-08-28,3,1708283,178.416399044592,4.0,20.5375,5.0,21.0,0.0,1.0,1.0
2017-08-28,4,1708284,116.448376909258,4.0,20.5375,5.0,21.0,0.0,1.0,1.0
2017-08-28,5,1708285,231.420492544675,4.0,20.5375,5.0,21.0,0.0,1.0,1.0
2017-08-29,1,1708291,140.114833354281,0.0,24.6,9.0,21.0,0.0,1.0,1.0
2017-08-29,2,1708292,394.195226668081,0.0,24.6,9.0,21.0,0.0,1.0,1.0
2017-08-29,3,1708293,178.168559343469,0.0,24.6,9.0,21.0,0.0,1.0,1.0
2017-08-29,4,1708294,93.7809909339894,0.0,24.6,9.0,21.0,0.0,1.0,1.0
2017-08-29,5,1708295,298.71183853668,0.0,24.6,9.0,21.0,0.0,1.0,1.0
2017-08-30,1,1708301,117.705814678758,6.0,20.0,11.0,61.0,0.0,1.0,1.0
2017-08-30,2,1708302,327.159789018683,6.0,20.0,11.0,61.0,0.0,1.0,1.0
2017-08-30,3,1708303,146.947497344114,6.0,20.0,11.0,61.0,0.0,1.0,1.0
2017-08-30,4,1708304,111.524579913385,6.0,20.0,11.0,61.0,0.0,1.0,1.0
2017-08-30,5,1708305,253.839980851605,6.0,20.0,11.0,61.0,0.0,1.0,1.0
2017-08-31,1,1708311,110.484249613829,7.0,14.8875,11.0,61.0,0.0,1.0,1.0
2017-08-31,2,1708312,340.930337220358,7.0,14.8875,11.0,61.0,0.0,1.0,1.0
2017-08-31,3,1708313,157.231550891196,7.0,14.8875,11.0,61.0,0.0,1.0,1.0
2017-08-31,4,1708314,71.906687893883,7.0,14.8875,11.0,61.0,0.0,1.0,1.0
2017-08-31,5,1708315,240.055669466492,7.0,14.8875,11.0,61.0,0.0,1.0,1.0
2017-09-01,1,1709011,134.901921529808,4.0,17.3,7.0,61.0,0.0,1.0,1.0
2017-09-01,2,1709012,399.444523250408,4.0,17.3,7.0,61.0,0.0,1.0,1.0
2017-09-01,3,1709013,123.595577334164,4.0,17.3,7.0,61.0,0.0,1.0,1.0
2017-09-01,4,1709014,82.3556040468453,4.0,17.3,7.0,61.0,0.0,1.0,1.0
2017-09-01,5,1709015,288.843756337643,4.0,17.3,7.0,61.0,0.0,1.0,1.0
2017-09-02,1,1709021,148.15323696572,4.0,16.525,8.0,21.0,0.0,1.0,1.0
2017-09-02,2,1709022,466.967160277238,4.0,16.525,8.0,21.0,0.0,1.0,1.0
2017-09-02,3,1709023,195.478091509675,4.0,16.525,8.0,21.0,0.0,1.0,1.0
2017-09-02,4,1709024,121.044999862051,4.0,16.525,8.0,21.0,0.0,1.0,1.0
2017-09-02,5,1709025,371.251226256219,4.0,16.525,8.0,21.0,0.0,1.0,1.0
2017-09-03,1,1709031,55.222134167446,3.0,17.4,7.0,0.0,0.0,0.0,1.0
2017-09-03,2,1709032,479.387641035422,3.0,17.4,7.0,0.0,0.0,0.0,1.0
2017-09-03,3,1709033,230.466574878987,3.0,17.4,7.0,0.0,0.0,0.0,1.0
2017-09-03,4,1709034,134.790944392661,3.0,17.4,7.0,0.0,0.0,0.0,1.0
2017-09-03,5,1709035,309.575629675294,3.0,17.4,7.0,0.0,0.0,0.0,1.0
2017-09-04,1,1709041,122.215195768898,0.0,18.2875,10.0,0.0,0.0,0.0,1.0
2017-09-04,2,1709042,355.94087862583,0.0,18.2875,10.0,0.0,0.0,0.0,1.0
2017-09-04,3,1709043,125.119773338597,0.0,18.2875,10.0,0.0,0.0,0.0,1.0
2017-09-04,4,1709044,88.5114730873768,0.0,18.2875,10.0,0.0,0.0,0.0,1.0
2017-09-04,5,1709045,229.034192472509,0.0,18.2875,10.0,0.0,0.0,0.0,1.0
2017-09-05,1,1709051,128.680505002769,3.0,20.95,6.0,0.0,0.0,0.0,1.0
2017-09-05,2,1709052,386.954024423501,3.0,20.95,6.0,0.0,0.0,0.0,1.0
2017-09-05,3,1709053,153.695623537961,3.0,20.95,6.0,0.0,0.0,0.0,1.0
2017-09-05,4,1709054,87.0102739579243,3.0,20.95,6.0,0.0,0.0,0.0,1.0
2017-09-05,5,1709055,271.36186156384,3.0,20.95,6.0,0.0,0.0,0.0,1.0
2017-09-06,1,1709061,86.9985590667094,7.0,18.2,17.0,63.0,0.0,0.0,1.0
2017-09-06,2,1709062,312.667997301409,7.0,18.2,17.0,63.0,0.0,0.0,1.0
2017-09-06,3,1709063,123.268914496336,7.0,18.2,17.0,63.0,0.0,0.0,1.0
2017-09-06,4,1709064,76.5335983552829,7.0,18.2,17.0,63.0,0.0,0.0,1.0
2017-09-06,5,1709065,205.509650132181,7.0,18.2,17.0,63.0,0.0,0.0,1.0
2017-09-07,1,1709071,144.563178397192,5.0,17.2875,16.0,21.0,0.0,0.0,1.0
2017-09-07,2,1709072,364.564869565609,5.0,17.2875,16.0,21.0,0.0,0.0,1.0
2017-09-07,3,1709073,154.449485786392,5.0,17.2875,16.0,21.0,0.0,0.0,1.0
2017-09-07,4,1709074,92.2892966010378,5.0,17.2875,16.0,21.0,0.0,0.0,1.0
2017-09-07,5,1709075,286.739307390968,5.0,17.2875,16.0,21.0,0.0,0.0,1.0
2017-09-08,1,1709081,129.928072228573,7.0,14.9375,10.0,61.0,0.0,0.0,1.0
2017-09-08,2,1709082,369.645285330752,7.0,14.9375,10.0,61.0,0.0,0.0,1.0
2017-09-08,3,1709083,125.296889622858,7.0,14.9375,10.0,61.0,0.0,0.0,1.0
2017-09-08,4,1709084,88.6683492059348,7.0,14.9375,10.0,61.0,0.0,0.0,1.0
2017-09-08,5,1709085,328.038238971674,7.0,14.9375,10.0,61.0,0.0,0.0,1.0
2017-09-09,1,1709091,113.451966800961,7.0,15.025,9.0,61.0,0.0,0.0,1.0
2017-09-09,2,1709092,416.110856064126,7.0,15.025,9.0,61.0,0.0,0.0,1.0
2017-09-09,3,1709093,142.231964848552,7.0,15.025,9.0,61.0,0.0,0.0,1.0
2017-09-09,4,1709094,102.169117654378,7.0,15.025,9.0,61.0,0.0,0.0,1.0
2017-09-09,5,1709095,309.96940239757,7.0,15.025,9.0,61.0,0.0,0.0,1.0
2017-09-10,1,1709101,83.9548556625671,2.0,17.65,11.0,0.0,0.0,0.0,1.0
2017-09-10,2,1709102,454.470095911454,2.0,17.65,11.0,0.0,0.0,0.0,1.0
2017-09-10,3,1709103,205.693152515455,2.0,17.65,11.0,0.0,0.0,0.0,1.0
2017-09-10,4,1709104,123.058047573276,2.0,17.65,11.0,0.0,0.0,0.0,1.0
2017-09-10,5,1709105,325.047767160549,2.0,17.65,11.0,0.0,0.0,0.0,1.0
2017-09-11,1,1709111,148.173580794396,3.0,17.8625,11.0,21.0,0.0,0.0,1.0
2017-09-11,2,1709112,358.793512389578,3.0,17.8625,11.0,21.0,0.0,0.0,1.0
2017-09-11,3,1709113,104.204339622872,3.0,17.8625,11.0,21.0,0.0,0.0,1.0
2017-09-11,4,1709114,87.0859633017978,3.0,17.8625,11.0,21.0,0.0,0.0,1.0
2017-09-11,5,1709115,280.517630391338,3.0,17.8625,11.0,21.0,0.0,0.0,1.0
2017-09-12,1,1709121,80.7563950180735,5.0,16.1,12.0,21.0,0.0,0.0,1.0
2017-09-12,2,1709122,347.406580605801,5.0,16.1,12.0,21.0,0.0,0.0,1.0
2017-09-12,3,1709123,117.496320653782,5.0,16.1,12.0,21.0,0.0,0.0,1.0
2017-09-12,4,1709124,103.90785263473,5.0,16.1,12.0,21.0,0.0,0.0,1.0
2017-09-12,5,1709125,264.766259125866,5.0,16.1,12.0,21.0,0.0,0.0,1.0
2017-09-13,1,1709131,103.419606846606,7.0,13.3375,20.0,63.0,0.0,0.0,1.0
2017-09-13,2,1709132,337.409370036303,7.0,13.3375,20.0,63.0,0.0,0.0,1.0
2017-09-13,3,1709133,114.818715199552,7.0,13.3375,20.0,63.0,0.0,0.0,1.0
2017-09-13,4,1709134,99.1512886820295,7.0,13.3375,20.0,63.0,0.0,0.0,1.0
2017-09-13,5,1709135,257.656908373648,7.0,13.3375,20.0,63.0,0.0,0.0,1.0
2017-09-14,1,1709141,124.528915578366,7.0,13.2375,13.0,61.0,0.0,0.0,1.0
2017-09-14,2,1709142,340.662703674034,7.0,13.2375,13.0,61.0,0.0,0.0,1.0
2017-09-14,3,1709143,120.781746843667,7.0,13.2375,13.0,61.0,0.0,0.0,1.0
2017-09-14,4,1709144,96.0196430549054,7.0,13.2375,13.0,61.0,0.0,0.0,1.0
2017-09-14,5,1709145,282.042321987466,7.0,13.2375,13.0,61.0,0.0,0.0,1.0
2017-09-15,1,1709151,177.095117317774,6.0,14.425,11.0,21.0,0.0,0.0,1.0
2017-09-15,2,1709152,432.422620446303,6.0,14.425,11.0,21.0,0.0,0.0,1.0
2017-09-15,3,1709153,129.764290585566,6.0,14.425,11.0,21.0,0.0,0.0,1.0
2017-09-15,4,1709154,83.1030772087039,6.0,14.425,11.0,21.0,0.0,0.0,1.0
2017-09-15,5,1709155,281.018887596673,6.0,14.425,11.0,21.0,0.0,0.0,1.0
2017-09-16,1,1709161,237.243301445744,8.0,11.9125,6.0,61.0,0.0,0.0,1.0
2017-09-16,2,1709162,447.940908680045,8.0,11.9125,6.0,61.0,0.0,0.0,1.0
2017-09-16,3,1709163,193.022942501051,8.0,11.9125,6.0,61.0,0.0,0.0,1.0
2017-09-16,4,1709164,114.27823433352,8.0,11.9125,6.0,61.0,0.0,0.0,1.0
2017-09-16,5,1709165,385.784960697173,8.0,11.9125,6.0,61.0,0.0,0.0,1.0
2017-09-17,1,1709171,82.0164448112146,7.0,15.25,7.0,61.0,0.0,0.0,1.0
2017-09-17,2,1709172,459.052266852698,7.0,15.25,7.0,61.0,0.0,0.0,1.0
2017-09-17,3,1709173,195.774732859287,7.0,15.25,7.0,61.0,0.0,0.0,1.0
2017-09-17,4,1709174,164.495712817907,7.0,15.25,7.0,61.0,0.0,0.0,1.0
2017-09-17,5,1709175,371.904519977965,7.0,15.25,7.0,61.0,0.0,0.0,1.0
2017-09-18,1,1709181,135.443041598007,2.0,15.075,4.0,0.0,0.0,0.0,1.0
2017-09-18,2,1709182,327.604747777746,2.0,15.075,4.0,0.0,0.0,0.0,1.0
2017-09-18,3,1709183,131.530895423782,2.0,15.075,4.0,0.0,0.0,0.0,1.0
2017-09-18,4,1709184,112.819459460053,2.0,15.075,4.0,0.0,0.0,0.0,1.0
2017-09-18,5,1709185,241.442718410661,2.0,15.075,4.0,0.0,0.0,0.0,1.0
2017-09-19,1,1709191,127.007001847412,5.0,14.3875,8.0,65.0,0.0,0.0,1.0
2017-09-19,2,1709192,350.796085891856,5.0,14.3875,8.0,65.0,0.0,0.0,1.0
2017-09-19,3,1709193,144.234841083315,5.0,14.3875,8.0,65.0,0.0,0.0,1.0
2017-09-19,4,1709194,96.1737438086227,5.0,14.3875,8.0,65.0,0.0,0.0,1.0
2017-09-19,5,1709195,286.987625514626,5.0,14.3875,8.0,65.0,0.0,0.0,1.0
2017-09-20,1,1709201,99.1792684718788,7.0,14.225,10.0,61.0,0.0,0.0,1.0
2017-09-20,2,1709202,327.316885604123,7.0,14.225,10.0,61.0,0.0,0.0,1.0
2017-09-20,3,1709203,115.927685099343,7.0,14.225,10.0,61.0,0.0,0.0,1.0
2017-09-20,4,1709204,90.6379930185149,7.0,14.225,10.0,61.0,0.0,0.0,1.0
2017-09-20,5,1709205,279.232234751958,7.0,14.225,10.0,61.0,0.0,0.0,1.0
2017-09-21,1,1709211,134.427589001166,4.0,16.9625,7.0,10.0,0.0,0.0,1.0
2017-09-21,2,1709212,346.445711767799,4.0,16.9625,7.0,10.0,0.0,0.0,1.0
2017-09-21,3,1709213,108.826272548998,4.0,16.9625,7.0,10.0,0.0,0.0,1.0
2017-09-21,4,1709214,87.4565566491421,4.0,16.9625,7.0,10.0,0.0,0.0,1.0
2017-09-21,5,1709215,233.781957431054,4.0,16.9625,7.0,10.0,0.0,0.0,1.0
2017-09-22,1,1709221,175.906900532966,1.0,15.5875,8.0,0.0,0.0,0.0,1.0
2017-09-22,2,1709222,333.5839216348,1.0,15.5875,8.0,0.0,0.0,0.0,1.0
2017-09-22,3,1709223,144.065633119975,1.0,15.5875,8.0,0.0,0.0,0.0,1.0
2017-09-22,4,1709224,124.437971009734,1.0,15.5875,8.0,0.0,0.0,0.0,1.0
2017-09-22,5,1709225,298.224387910597,1.0,15.5875,8.0,0.0,0.0,0.0,1.0
2017-09-23,1,1709231,179.921676845873,0.0,15.85,9.0,0.0,0.0,0.0,1.0
2017-09-23,2,1709232,473.504862819239,0.0,15.85,9.0,0.0,0.0,0.0,1.0
2017-09-23,3,1709233,195.24208410893,0.0,15.85,9.0,0.0,0.0,0.0,1.0
2017-09-23,4,1709234,115.424979093864,0.0,15.85,9.0,0.0,0.0,0.0,1.0
2017-09-23,5,1709235,309.402162505762,0.0,15.85,9.0,0.0,0.0,0.0,1.0
2017-09-24,1,1709241,101.793277925589,7.0,15.8125,9.0,53.0,0.0,0.0,1.0
2017-09-24,2,1709242,458.465028172516,7.0,15.8125,9.0,53.0,0.0,0.0,1.0
2017-09-24,3,1709243,168.835249992403,7.0,15.8125,9.0,53.0,0.0,0.0,1.0
2017-09-24,4,1709244,127.401678704986,7.0,15.8125,9.0,53.0,0.0,0.0,1.0
2017-09-24,5,1709245,286.951029790191,7.0,15.8125,9.0,53.0,0.0,0.0,1.0
2017-09-25,1,1709251,129.709113092244,6.0,16.225,15.0,21.0,0.0,0.0,1.0
2017-09-25,2,1709252,333.725438872592,6.0,16.225,15.0,21.0,0.0,0.0,1.0
2017-09-25,3,1709253,158.524062603881,6.0,16.225,15.0,21.0,0.0,0.0,1.0
2017-09-25,4,1709254,74.3141459605716,6.0,16.225,15.0,21.0,0.0,0.0,1.0
2017-09-25,5,1709255,209.770076292486,6.0,16.225,15.0,21.0,0.0,0.0,1.0
2017-09-26,1,1709261,151.541843015799,7.0,15.725,12.0,10.0,0.0,0.0,1.0
2017-09-26,2,1709262,340.433148310897,7.0,15.725,12.0,10.0,0.0,0.0,1.0
2017-09-26,3,1709263,114.213523180779,7.0,15.725,12.0,10.0,0.0,0.0,1.0
2017-09-26,4,1709264,94.6818951864422,7.0,15.725,12.0,10.0,0.0,0.0,1.0
2017-09-26,5,1709265,251.23625399,7.0,15.725,12.0,10.0,0.0,0.0,1.0
2017-09-27,1,1709271,116.379484184452,7.0,16.575,10.0,61.0,0.0,0.0,1.0
2017-09-27,2,1709272,321.728513800716,7.0,16.575,10.0,61.0,0.0,0.0,1.0
2017-09-27,3,1709273,118.849058358723,7.0,16.575,10.0,61.0,0.0,0.0,1.0
2017-09-27,4,1709274,133.989626407905,7.0,16.575,10.0,61.0,0.0,0.0,1.0
2017-09-27,5,1709275,269.32389585869,7.0,16.575,10.0,61.0,0.0,0.0,1.0
2017-09-28,1,1709281,146.167521804,7.0,15.1125,7.0,21.0,0.0,0.0,1.0
2017-09-28,2,1709282,298.418454994531,7.0,15.1125,7.0,21.0,0.0,0.0,1.0
2017-09-28,3,1709283,119.879433080393,7.0,15.1125,7.0,21.0,0.0,0.0,1.0
2017-09-28,4,1709284,82.4398329280654,7.0,15.1125,7.0,21.0,0.0,0.0,1.0
2017-09-28,5,1709285,216.18337274071,7.0,15.1125,7.0,21.0,0.0,0.0,1.0
2017-09-29,1,1709291,112.98521998769,2.0,19.1,6.0,10.0,0.0,0.0,1.0
2017-09-29,2,1709292,294.899530794863,2.0,19.1,6.0,10.0,0.0,0.0,1.0
2017-09-29,3,1709293,113.025254908963,2.0,19.1,6.0,10.0,0.0,0.0,1.0
2017-09-29,4,1709294,71.2151385609368,2.0,19.1,6.0,10.0,0.0,0.0,1.0
2017-09-29,5,1709295,183.336062025461,2.0,19.1,6.0,10.0,0.0,0.0,1.0
2017-09-30,1,1709301,161.771261258553,7.0,15.1125,6.0,61.0,0.0,0.0,1.0
2017-09-30,2,1709302,462.219387511129,7.0,15.1125,6.0,61.0,0.0,0.0,1.0
2017-09-30,3,1709303,199.168307941388,7.0,15.1125,6.0,61.0,0.0,0.0,1.0
2017-09-30,4,1709304,112.086476181802,7.0,15.1125,6.0,61.0,0.0,0.0,1.0
2017-09-30,5,1709305,252.771674208015,7.0,15.1125,6.0,61.0,0.0,0.0,1.0
2017-10-01,1,1710011,60.9824772636814,2.0,16.2875,6.0,61.0,0.0,0.0,1.0
2017-10-01,2,1710012,482.460028588969,2.0,16.2875,6.0,61.0,0.0,0.0,1.0
2017-10-01,3,1710013,192.233926785817,2.0,16.2875,6.0,61.0,0.0,0.0,1.0
2017-10-01,4,1710014,119.721159552674,2.0,16.2875,6.0,61.0,0.0,0.0,1.0
2017-10-01,5,1710015,290.957200506203,2.0,16.2875,6.0,61.0,0.0,0.0,1.0
2017-10-02,1,1710021,179.554452580413,6.0,15.15,13.0,61.0,0.0,0.0,1.0
2017-10-02,2,1710022,416.188671695034,6.0,15.15,13.0,61.0,0.0,0.0,1.0
2017-10-02,3,1710023,143.835940803814,6.0,15.15,13.0,61.0,0.0,0.0,1.0
2017-10-02,4,1710024,126.071295121593,6.0,15.15,13.0,61.0,0.0,0.0,1.0
2017-10-02,5,1710025,320.747988356239,6.0,15.15,13.0,61.0,0.0,0.0,1.0
2017-10-03,1,1710031,66.3554760876056,5.0,14.2625,14.0,61.0,0.0,0.0,1.0
2017-10-03,2,1710032,430.516526724611,5.0,14.2625,14.0,61.0,0.0,0.0,1.0
2017-10-03,3,1710033,217.380094748713,5.0,14.2625,14.0,61.0,0.0,0.0,1.0
2017-10-03,4,1710034,101.792055481683,5.0,14.2625,14.0,61.0,0.0,0.0,1.0
2017-10-03,5,1710035,284.291202178128,5.0,14.2625,14.0,61.0,0.0,0.0,1.0
2017-10-04,1,1710041,125.991807553769,4.0,14.1375,13.666666666666666,61.0,0.0,0.0,1.0
2017-10-04,2,1710042,346.167979112914,4.0,14.1375,13.666666666666666,61.0,0.0,0.0,1.0
2017-10-04,3,1710043,134.834527047858,4.0,14.1375,13.666666666666666,61.0,0.0,0.0,1.0
2017-10-04,4,1710044,115.678569385776,4.0,14.1375,13.666666666666666,61.0,0.0,0.0,1.0
2017-10-04,5,1710045,222.932328659137,4.0,14.1375,13.666666666666666,61.0,0.0,0.0,1.0
2017-10-05,1,1710051,146.081884421956,2.0,14.0125,13.333333333333334,61.0,0.0,0.0,1.0
2017-10-05,2,1710052,363.881685966128,2.0,14.0125,13.333333333333334,61.0,0.0,0.0,1.0
2017-10-05,3,1710053,116.285411682653,2.0,14.0125,13.333333333333334,61.0,0.0,0.0,1.0
2017-10-05,4,1710054,70.4858285269834,2.0,14.0125,13.333333333333334,61.0,0.0,0.0,1.0
2017-10-05,5,1710055,157.712941182534,2.0,14.0125,13.333333333333334,61.0,0.0,0.0,1.0
2017-10-06,1,1710061,143.098736564958,1.0,13.8875,13.0,3.0,0.0,0.0,1.0
2017-10-06,2,1710062,352.324966147355,1.0,13.8875,13.0,3.0,0.0,0.0,1.0
2017-10-06,3,1710063,182.509589084762,1.0,13.8875,13.0,3.0,0.0,0.0,1.0
2017-10-06,4,1710064,103.16144725653,1.0,13.8875,13.0,3.0,0.0,0.0,1.0
2017-10-06,5,1710065,240.141151489344,1.0,13.8875,13.0,3.0,0.0,0.0,1.0
2017-10-07,1,1710071,167.83160335014,7.0,10.65,10.0,61.0,0.0,0.0,1.0
2017-10-07,2,1710072,430.659601825742,7.0,10.65,10.0,61.0,0.0,0.0,1.0
2017-10-07,3,1710073,158.797795995899,7.0,10.65,10.0,61.0,0.0,0.0,1.0
2017-10-07,4,1710074,103.650210918019,7.0,10.65,10.0,61.0,0.0,0.0,1.0
2017-10-07,5,1710075,203.274980317166,7.0,10.65,10.0,61.0,0.0,0.0,1.0
2017-10-08,1,1710081,86.952830438685,0.0,12.025,12.0,5.0,0.0,0.0,1.0
2017-10-08,2,1710082,418.348640476775,0.0,12.025,12.0,5.0,0.0,0.0,1.0
2017-10-08,3,1710083,197.551472109883,0.0,12.025,12.0,5.0,0.0,0.0,1.0
2017-10-08,4,1710084,118.938664337959,0.0,12.025,12.0,5.0,0.0,0.0,1.0
2017-10-08,5,1710085,291.121674749828,0.0,12.025,12.0,5.0,0.0,0.0,1.0
2017-10-09,1,1710091,191.429657344589,5.0,12.475,8.0,20.0,0.0,0.0,1.0
2017-10-09,2,1710092,346.977530455896,5.0,12.475,8.0,20.0,0.0,0.0,1.0
2017-10-09,3,1710093,154.444133074439,5.0,12.475,8.0,20.0,0.0,0.0,1.0
2017-10-09,4,1710094,76.1177358620485,5.0,12.475,8.0,20.0,0.0,0.0,1.0
2017-10-09,5,1710095,249.608625916003,5.0,12.475,8.0,20.0,0.0,0.0,1.0
2017-10-10,1,1710101,121.017707851263,7.0,14.05,9.0,63.0,0.0,0.0,1.0
2017-10-10,2,1710102,351.217908832379,7.0,14.05,9.0,63.0,0.0,0.0,1.0
2017-10-10,3,1710103,136.717885778752,7.0,14.05,9.0,63.0,0.0,0.0,1.0
2017-10-10,4,1710104,110.661209951436,7.0,14.05,9.0,63.0,0.0,0.0,1.0
2017-10-10,5,1710105,226.822208607871,7.0,14.05,9.0,63.0,0.0,0.0,1.0
2017-10-11,1,1710111,114.734152340098,7.0,14.6375,12.0,63.0,0.0,0.0,1.0
2017-10-11,2,1710112,336.813478750163,7.0,14.6375,12.0,63.0,0.0,0.0,1.0
2017-10-11,3,1710113,143.576179857152,7.0,14.6375,12.0,63.0,0.0,0.0,1.0
2017-10-11,4,1710114,90.6871368907518,7.0,14.6375,12.0,63.0,0.0,0.0,1.0
2017-10-11,5,1710115,184.755380176755,7.0,14.6375,12.0,63.0,0.0,0.0,1.0
2017-10-12,1,1710121,107.921714219622,6.0,13.1875,24.0,21.0,0.0,0.0,1.0
2017-10-12,2,1710122,382.367462848501,6.0,13.1875,24.0,21.0,0.0,0.0,1.0
2017-10-12,3,1710123,129.59251192239,6.0,13.1875,24.0,21.0,0.0,0.0,1.0
2017-10-12,4,1710124,109.42439769063,6.0,13.1875,24.0,21.0,0.0,0.0,1.0
2017-10-12,5,1710125,251.400414606129,6.0,13.1875,24.0,21.0,0.0,0.0,1.0
2017-10-13,1,1710131,118.292462064717,6.0,14.1625,8.0,10.0,0.0,0.0,1.0
2017-10-13,2,1710132,309.8633490044,6.0,14.1625,8.0,10.0,0.0,0.0,1.0
2017-10-13,3,1710133,132.704804056338,6.0,14.1625,8.0,10.0,0.0,0.0,1.0
2017-10-13,4,1710134,96.1391372363473,6.0,14.1625,8.0,10.0,0.0,0.0,1.0
2017-10-13,5,1710135,228.234419368223,6.0,14.1625,8.0,10.0,0.0,0.0,1.0
2017-10-14,1,1710141,108.712927737647,8.0,15.7625,12.0,61.0,0.0,0.0,1.0
2017-10-14,2,1710142,434.467341639047,8.0,15.7625,12.0,61.0,0.0,0.0,1.0
2017-10-14,3,1710143,182.698409922186,8.0,15.7625,12.0,61.0,0.0,0.0,1.0
2017-10-14,4,1710144,105.880424204381,8.0,15.7625,12.0,61.0,0.0,0.0,1.0
2017-10-14,5,1710145,281.010411691744,8.0,15.7625,12.0,61.0,0.0,0.0,1.0
2017-10-15,1,1710151,67.7430137509284,2.0,17.8125,5.0,28.0,0.0,0.0,1.0
2017-10-15,2,1710152,344.48636003095,2.0,17.8125,5.0,28.0,0.0,0.0,1.0
2017-10-15,3,1710153,200.173958033241,2.0,17.8125,5.0,28.0,0.0,0.0,1.0
2017-10-15,4,1710154,110.59613031501,2.0,17.8125,5.0,28.0,0.0,0.0,1.0
2017-10-15,5,1710155,291.366018115848,2.0,17.8125,5.0,28.0,0.0,0.0,1.0
2017-10-16,1,1710161,108.129612539979,5.0,17.9375,7.0,10.0,0.0,1.0,1.0
2017-10-16,2,1710162,313.414024678493,5.0,17.9375,7.0,10.0,0.0,1.0,1.0
2017-10-16,3,1710163,145.289158357804,5.0,17.9375,7.0,10.0,0.0,1.0,1.0
2017-10-16,4,1710164,65.28304080857,5.0,17.9375,7.0,10.0,0.0,1.0,1.0
2017-10-16,5,1710165,234.501209431174,5.0,17.9375,7.0,10.0,0.0,1.0,1.0
2017-10-17,1,1710171,77.2429740379052,7.0,14.725,13.0,10.0,0.0,1.0,1.0
2017-10-17,2,1710172,314.894199026618,7.0,14.725,13.0,10.0,0.0,1.0,1.0
2017-10-17,3,1710173,130.299861591434,7.0,14.725,13.0,10.0,0.0,1.0,1.0
2017-10-17,4,1710174,99.9413715060664,7.0,14.725,13.0,10.0,0.0,1.0,1.0
2017-10-17,5,1710175,243.654436807116,7.0,14.725,13.0,10.0,0.0,1.0,1.0
2017-10-18,1,1710181,107.716445777842,4.0,14.8125,6.0,0.0,0.0,1.0,1.0
2017-10-18,2,1710182,291.300108482409,4.0,14.8125,6.0,0.0,0.0,1.0,1.0
2017-10-18,3,1710183,74.7107878746184,4.0,14.8125,6.0,0.0,0.0,1.0,1.0
2017-10-18,4,1710184,73.6351679261642,4.0,14.8125,6.0,0.0,0.0,1.0,1.0
2017-10-18,5,1710185,252.221751760971,4.0,14.8125,6.0,0.0,0.0,1.0,1.0
2017-10-19,1,1710191,102.017092600254,6.0,14.85,9.0,10.0,0.0,1.0,1.0
2017-10-19,2,1710192,306.426761381544,6.0,14.85,9.0,10.0,0.0,1.0,1.0
2017-10-19,3,1710193,111.931942698069,6.0,14.85,9.0,10.0,0.0,1.0,1.0
2017-10-19,4,1710194,88.9842612034695,6.0,14.85,9.0,10.0,0.0,1.0,1.0
2017-10-19,5,1710195,248.139879342767,6.0,14.85,9.0,10.0,0.0,1.0,1.0
2017-10-20,1,1710201,117.637336559248,7.0,14.175,6.0,61.0,0.0,1.0,1.0
2017-10-20,2,1710202,326.510780245307,7.0,14.175,6.0,61.0,0.0,1.0,1.0
2017-10-20,3,1710203,109.021173861092,7.0,14.175,6.0,61.0,0.0,1.0,1.0
2017-10-20,4,1710204,88.789735684959,7.0,14.175,6.0,61.0,0.0,1.0,1.0
2017-10-20,5,1710205,245.085584097377,7.0,14.175,6.0,61.0,0.0,1.0,1.0
2017-10-21,1,1710211,113.579118312875,7.0,13.0375,6.0,61.0,0.0,1.0,1.0
2017-10-21,2,1710212,452.875625104392,7.0,13.0375,6.0,61.0,0.0,1.0,1.0
2017-10-21,3,1710213,179.980745710425,7.0,13.0375,6.0,61.0,0.0,1.0,1.0
2017-10-21,4,1710214,71.9549799025099,7.0,13.0375,6.0,61.0,0.0,1.0,1.0
2017-10-21,5,1710215,283.147732419059,7.0,13.0375,6.0,61.0,0.0,1.0,1.0
2017-10-22,1,1710221,102.271847780682,7.0,11.025,7.0,61.0,0.0,1.0,1.0
2017-10-22,2,1710222,404.973329492274,7.0,11.025,7.0,61.0,0.0,1.0,1.0
2017-10-22,3,1710223,159.184270234296,7.0,11.025,7.0,61.0,0.0,1.0,1.0
2017-10-22,4,1710224,141.570674941224,7.0,11.025,7.0,61.0,0.0,1.0,1.0
2017-10-22,5,1710225,310.598534350843,7.0,11.025,7.0,61.0,0.0,1.0,1.0
2017-10-23,1,1710231,,7.0,11.95,8.0,61.0,0.0,1.0,1.0
2017-10-23,2,1710232,,7.0,11.95,8.0,61.0,0.0,1.0,1.0
2017-10-23,3,1710233,,7.0,11.95,8.0,61.0,0.0,1.0,1.0
2017-10-23,4,1710234,,7.0,11.95,8.0,61.0,0.0,1.0,1.0
2017-10-23,5,1710235,,7.0,11.95,8.0,61.0,0.0,1.0,1.0
2017-10-24,1,1710241,101.985508618079,7.0,11.925,8.0,61.0,0.0,1.0,1.0
2017-10-24,2,1710242,310.956784627679,7.0,11.925,8.0,61.0,0.0,1.0,1.0
2017-10-24,3,1710243,168.714295010565,7.0,11.925,8.0,61.0,0.0,1.0,1.0
2017-10-24,4,1710244,75.4340794492615,7.0,11.925,8.0,61.0,0.0,1.0,1.0
2017-10-24,5,1710245,235.057967677447,7.0,11.925,8.0,61.0,0.0,1.0,1.0
2017-10-25,1,1710251,112.868099610742,7.0,14.225,16.0,61.0,0.0,1.0,1.0
2017-10-25,2,1710252,285.058191402963,7.0,14.225,16.0,61.0,0.0,1.0,1.0
2017-10-25,3,1710253,99.2054913352785,7.0,14.225,16.0,61.0,0.0,1.0,1.0
2017-10-25,4,1710254,75.9440236567326,7.0,14.225,16.0,61.0,0.0,1.0,1.0
2017-10-25,5,1710255,237.570580195407,7.0,14.225,16.0,61.0,0.0,1.0,1.0
2017-10-26,1,1710261,121.902300059386,5.0,13.475,12.0,61.0,0.0,1.0,1.0
2017-10-26,2,1710262,342.851565447742,5.0,13.475,12.0,61.0,0.0,1.0,1.0
2017-10-26,3,1710263,127.4897858151,5.0,13.475,12.0,61.0,0.0,1.0,1.0
2017-10-26,4,1710264,69.2166148870859,5.0,13.475,12.0,61.0,0.0,1.0,1.0
2017-10-26,5,1710265,211.310572068957,5.0,13.475,12.0,61.0,0.0,1.0,1.0
2017-10-27,1,1710271,176.844444234551,4.0,11.95,13.0,61.0,0.0,1.0,1.0
2017-10-27,2,1710272,362.44637478017,4.0,11.95,13.0,61.0,0.0,1.0,1.0
2017-10-27,3,1710273,158.940547107601,4.0,11.95,13.0,61.0,0.0,1.0,1.0
2017-10-27,4,1710274,84.9729009630813,4.0,11.95,13.0,61.0,0.0,1.0,1.0
2017-10-27,5,1710275,270.124179027441,4.0,11.95,13.0,61.0,0.0,1.0,1.0
2017-10-28,1,1710281,111.918783184116,7.0,11.2125,17.0,61.0,0.0,0.0,1.0
2017-10-28,2,1710282,456.630686137661,7.0,11.2125,17.0,61.0,0.0,0.0,1.0
2017-10-28,3,1710283,168.991639733113,7.0,11.2125,17.0,61.0,0.0,0.0,1.0
2017-10-28,4,1710284,84.7181597046104,7.0,11.2125,17.0,61.0,0.0,0.0,1.0
2017-10-28,5,1710285,294.86190808903,7.0,11.2125,17.0,61.0,0.0,0.0,1.0
2017-10-29,1,1710291,66.1429955598758,2.0,9.9,20.0,21.0,0.0,0.0,1.0
2017-10-29,2,1710292,448.514219873353,2.0,9.9,20.0,21.0,0.0,0.0,1.0
2017-10-29,3,1710293,181.682933849936,2.0,9.9,20.0,21.0,0.0,0.0,1.0
2017-10-29,4,1710294,188.060080793949,2.0,9.9,20.0,21.0,0.0,0.0,1.0
2017-10-29,5,1710295,288.883204317746,2.0,9.9,20.0,21.0,0.0,0.0,1.0
2017-10-30,1,1710301,203.761620898018,2.0,8.1,11.0,21.0,0.0,0.0,1.0
2017-10-30,2,1710302,485.119995266557,2.0,8.1,11.0,21.0,0.0,0.0,1.0
2017-10-30,3,1710303,167.722925454718,2.0,8.1,11.0,21.0,0.0,0.0,1.0
2017-10-30,4,1710304,112.065132966806,2.0,8.1,11.0,21.0,0.0,0.0,1.0
2017-10-30,5,1710305,349.552126584613,2.0,8.1,11.0,21.0,0.0,0.0,1.0
2017-10-31,1,1710311,,3.0,8.925,7.0,21.0,0.0,0.0,1.0
2017-10-31,2,1710312,,3.0,8.925,7.0,21.0,0.0,0.0,1.0
2017-10-31,3,1710313,,3.0,8.925,7.0,21.0,0.0,0.0,1.0
2017-10-31,4,1710314,,3.0,8.925,7.0,21.0,0.0,0.0,1.0
2017-10-31,5,1710315,,3.0,8.925,7.0,21.0,0.0,0.0,1.0
2017-11-01,1,1711011,159.909558679611,3.0,12.975,12.0,21.0,0.0,0.0,1.0
2017-11-01,2,1711012,333.775763857183,3.0,12.975,12.0,21.0,0.0,0.0,1.0
2017-11-01,3,1711013,150.785546328459,3.0,12.975,12.0,21.0,0.0,0.0,1.0
2017-11-01,4,1711014,98.0318713367873,3.0,12.975,12.0,21.0,0.0,0.0,1.0
2017-11-01,5,1711015,225.046455806744,3.0,12.975,12.0,21.0,0.0,0.0,1.0
2017-11-01,6,1711016,23.8681794994192,3.0,12.975,12.0,21.0,0.0,0.0,1.0
2017-11-02,1,1711021,121.440397431826,3.0,11.6875,13.0,21.0,0.0,0.0,1.0
2017-11-02,2,1711022,289.928187173423,3.0,11.6875,13.0,21.0,0.0,0.0,1.0
2017-11-02,3,1711023,116.996797595654,3.0,11.6875,13.0,21.0,0.0,0.0,1.0
2017-11-02,4,1711024,88.1013345443344,3.0,11.6875,13.0,21.0,0.0,0.0,1.0
2017-11-02,5,1711025,211.038003898981,3.0,11.6875,13.0,21.0,0.0,0.0,1.0
2017-11-02,6,1711026,44.0295290260757,3.0,11.6875,13.0,21.0,0.0,0.0,1.0
2017-11-03,1,1711031,117.326070326731,4.0,9.4375,7.0,21.0,0.0,0.0,1.0
2017-11-03,2,1711032,317.661008764793,4.0,9.4375,7.0,21.0,0.0,0.0,1.0
2017-11-03,3,1711033,139.056024233269,4.0,9.4375,7.0,21.0,0.0,0.0,1.0
2017-11-03,4,1711034,106.096523245485,4.0,9.4375,7.0,21.0,0.0,0.0,1.0
2017-11-03,5,1711035,222.547233588861,4.0,9.4375,7.0,21.0,0.0,0.0,1.0
2017-11-03,6,1711036,37.8268031111705,4.0,9.4375,7.0,21.0,0.0,0.0,1.0
2017-11-04,1,1711041,133.795153821829,4.0,10.2625,5.0,21.0,0.0,0.0,1.0
2017-11-04,2,1711042,400.040015894834,4.0,10.2625,5.0,21.0,0.0,0.0,1.0
2017-11-04,3,1711043,133.306013237031,4.0,10.2625,5.0,21.0,0.0,0.0,1.0
2017-11-04,4,1711044,109.222501265096,4.0,10.2625,5.0,21.0,0.0,0.0,1.0
2017-11-04,5,1711045,238.74868723471,4.0,10.2625,5.0,21.0,0.0,0.0,1.0
2017-11-04,6,1711046,36.8568923709382,4.0,10.2625,5.0,21.0,0.0,0.0,1.0
2017-11-05,1,1711051,79.0166720053485,5.0,9.8,8.0,21.0,0.0,0.0,1.0
2017-11-05,2,1711052,452.165131137755,5.0,9.8,8.0,21.0,0.0,0.0,1.0
2017-11-05,3,1711053,186.212899596096,5.0,9.8,8.0,21.0,0.0,0.0,1.0
2017-11-05,4,1711054,124.299324033764,5.0,9.8,8.0,21.0,0.0,0.0,1.0
2017-11-05,5,1711055,238.177696155918,5.0,9.8,8.0,21.0,0.0,0.0,1.0
2017-11-05,6,1711056,28.3820956676204,5.0,9.8,8.0,21.0,0.0,0.0,1.0
2017-11-06,1,1711061,111.224695011903,5.0,8.2125,7.0,21.0,0.0,0.0,1.0
2017-11-06,2,1711062,227.298126378115,5.0,8.2125,7.0,21.0,0.0,0.0,1.0
2017-11-06,3,1711063,82.2028274771961,5.0,8.2125,7.0,21.0,0.0,0.0,1.0
2017-11-06,4,1711064,111.788238328584,5.0,8.2125,7.0,21.0,0.0,0.0,1.0
2017-11-06,5,1711065,183.512613245384,5.0,8.2125,7.0,21.0,0.0,0.0,1.0
2017-11-06,6,1711066,56.8173975212702,5.0,8.2125,7.0,21.0,0.0,0.0,1.0
2017-11-07,1,1711071,83.177904930265,5.0,6.7875,5.0,21.0,0.0,0.0,1.0
2017-11-07,2,1711072,247.370645548107,5.0,6.7875,5.0,21.0,0.0,0.0,1.0
2017-11-07,3,1711073,81.7604387640664,5.0,6.7875,5.0,21.0,0.0,0.0,1.0
2017-11-07,4,1711074,86.9727880092749,5.0,6.7875,5.0,21.0,0.0,0.0,1.0
2017-11-07,5,1711075,209.558055324474,5.0,6.7875,5.0,21.0,0.0,0.0,1.0
2017-11-07,6,1711076,39.7253764673138,5.0,6.7875,5.0,21.0,0.0,0.0,1.0
2017-11-08,1,1711081,79.2557790596025,6.0,8.625,9.0,21.0,0.0,0.0,1.0
2017-11-08,2,1711082,231.568334395068,6.0,8.625,9.0,21.0,0.0,0.0,1.0
2017-11-08,3,1711083,80.2883384254973,6.0,8.625,9.0,21.0,0.0,0.0,1.0
2017-11-08,4,1711084,57.4307648731101,6.0,8.625,9.0,21.0,0.0,0.0,1.0
2017-11-08,5,1711085,158.471260467753,6.0,8.625,9.0,21.0,0.0,0.0,1.0
2017-11-08,6,1711086,32.9732470744695,6.0,8.625,9.0,21.0,0.0,0.0,1.0
2017-11-09,1,1711091,120.473812071173,6.0,8.55,9.0,10.0,0.0,0.0,1.0
2017-11-09,2,1711092,214.192421886817,6.0,8.55,9.0,10.0,0.0,0.0,1.0
2017-11-09,3,1711093,90.82647031893,6.0,8.55,9.0,10.0,0.0,0.0,1.0
2017-11-09,4,1711094,85.9012447876685,6.0,8.55,9.0,10.0,0.0,0.0,1.0
2017-11-09,5,1711095,186.82204280255,6.0,8.55,9.0,10.0,0.0,0.0,1.0
2017-11-09,6,1711096,44.7824094184877,6.0,8.55,9.0,10.0,0.0,0.0,1.0
2017-11-10,1,1711101,114.106926212154,7.0,7.5375,16.0,61.0,0.0,0.0,1.0
2017-11-10,2,1711102,240.147772612989,7.0,7.5375,16.0,61.0,0.0,0.0,1.0
2017-11-10,3,1711103,90.0690509923345,7.0,7.5375,16.0,61.0,0.0,0.0,1.0
2017-11-10,4,1711104,90.6032979375086,7.0,7.5375,16.0,61.0,0.0,0.0,1.0
2017-11-10,5,1711105,195.151969083118,7.0,7.5375,16.0,61.0,0.0,0.0,1.0
2017-11-10,6,1711106,37.7427745131038,7.0,7.5375,16.0,61.0,0.0,0.0,1.0
2017-11-11,1,1711111,119.214846609495,5.0,5.2375,8.0,63.0,0.0,0.0,1.0
2017-11-11,2,1711112,330.821014358192,5.0,5.2375,8.0,63.0,0.0,0.0,1.0
2017-11-11,3,1711113,95.0970588296583,5.0,5.2375,8.0,63.0,0.0,0.0,1.0
2017-11-11,4,1711114,66.8614663661573,5.0,5.2375,8.0,63.0,0.0,0.0,1.0
2017-11-11,5,1711115,180.222256933744,5.0,5.2375,8.0,63.0,0.0,0.0,1.0
2017-11-11,6,1711116,43.4416575463758,5.0,5.2375,8.0,63.0,0.0,0.0,1.0
2017-11-12,1,1711121,81.7069031241421,7.0,5.575,7.0,61.0,0.0,0.0,1.0
2017-11-12,2,1711122,424.737614094006,7.0,5.575,7.0,61.0,0.0,0.0,1.0
2017-11-12,3,1711123,189.814598224532,7.0,5.575,7.0,61.0,0.0,0.0,1.0
2017-11-12,4,1711124,83.0976926899882,7.0,5.575,7.0,61.0,0.0,0.0,1.0
2017-11-12,5,1711125,251.919049828483,7.0,5.575,7.0,61.0,0.0,0.0,1.0
2017-11-12,6,1711126,46.3962867707664,7.0,5.575,7.0,61.0,0.0,0.0,1.0
2017-11-13,1,1711131,146.465618425215,2.0,5.9,9.0,10.0,0.0,0.0,1.0
2017-11-13,2,1711132,243.19194827243,2.0,5.9,9.0,10.0,0.0,0.0,1.0
2017-11-13,3,1711133,93.6009966390014,2.0,5.9,9.0,10.0,0.0,0.0,1.0
2017-11-13,4,1711134,82.3642985095159,2.0,5.9,9.0,10.0,0.0,0.0,1.0
2017-11-13,5,1711135,190.681809391916,2.0,5.9,9.0,10.0,0.0,0.0,1.0
2017-11-13,6,1711136,53.3312998062695,2.0,5.9,9.0,10.0,0.0,0.0,1.0
2017-11-14,1,1711141,91.0963595190131,7.0,6.3875,11.0,61.0,0.0,0.0,1.0
2017-11-14,2,1711142,241.340042607729,7.0,6.3875,11.0,61.0,0.0,0.0,1.0
2017-11-14,3,1711143,92.5813235522161,7.0,6.3875,11.0,61.0,0.0,0.0,1.0
2017-11-14,4,1711144,58.1961873251979,7.0,6.3875,11.0,61.0,0.0,0.0,1.0
2017-11-14,5,1711145,178.661803492764,7.0,6.3875,11.0,61.0,0.0,0.0,1.0
2017-11-14,6,1711146,7.0512010098527,7.0,6.3875,11.0,61.0,0.0,0.0,1.0
2017-11-15,1,1711151,107.455887247399,7.0,9.375,7.0,61.0,0.0,0.0,1.0
2017-11-15,2,1711152,204.700017283118,7.0,9.375,7.0,61.0,0.0,0.0,1.0
2017-11-15,3,1711153,86.7894097211815,7.0,9.375,7.0,61.0,0.0,0.0,1.0
2017-11-15,4,1711154,59.1893911242765,7.0,9.375,7.0,61.0,0.0,0.0,1.0
2017-11-15,5,1711155,206.279762470308,7.0,9.375,7.0,61.0,0.0,0.0,1.0
2017-11-15,6,1711156,48.6021659830699,7.0,9.375,7.0,61.0,0.0,0.0,1.0
2017-11-16,1,1711161,125.49889208889,8.0,8.8125,8.0,61.0,0.0,0.0,1.0
2017-11-16,2,1711162,256.52892175252,8.0,8.8125,8.0,61.0,0.0,0.0,1.0
2017-11-16,3,1711163,80.8174993257215,8.0,8.8125,8.0,61.0,0.0,0.0,1.0
2017-11-16,4,1711164,75.8626488820213,8.0,8.8125,8.0,61.0,0.0,0.0,1.0
2017-11-16,5,1711165,171.727290113674,8.0,8.8125,8.0,61.0,0.0,0.0,1.0
2017-11-16,6,1711166,28.0112147888418,8.0,8.8125,8.0,61.0,0.0,0.0,1.0
2017-11-17,1,1711171,141.616201864242,3.0,7.725,10.0,21.0,0.0,0.0,1.0
2017-11-17,2,1711172,251.229756059786,3.0,7.725,10.0,21.0,0.0,0.0,1.0
2017-11-17,3,1711173,67.8729502225083,3.0,7.725,10.0,21.0,0.0,0.0,1.0
2017-11-17,4,1711174,96.6710768425079,3.0,7.725,10.0,21.0,0.0,0.0,1.0
2017-11-17,5,1711175,192.143281265743,3.0,7.725,10.0,21.0,0.0,0.0,1.0
2017-11-17,6,1711176,34.654609697448,3.0,7.725,10.0,21.0,0.0,0.0,1.0
2017-11-18,1,1711181,89.6760956045913,5.0,5.35,12.0,65.0,0.0,0.0,1.0
2017-11-18,2,1711182,292.509471843811,5.0,5.35,12.0,65.0,0.0,0.0,1.0
2017-11-18,3,1711183,70.9150495424225,5.0,5.35,12.0,65.0,0.0,0.0,1.0
2017-11-18,4,1711184,96.5296309772985,5.0,5.35,12.0,65.0,0.0,0.0,1.0
2017-11-18,5,1711185,195.853648840263,5.0,5.35,12.0,65.0,0.0,0.0,1.0
2017-11-18,6,1711186,32.3629845181168,5.0,5.35,12.0,65.0,0.0,0.0,1.0
2017-11-19,1,1711191,121.373340644802,3.0,6.25,15.0,21.0,0.0,0.0,1.0
2017-11-19,2,1711192,445.805374359408,3.0,6.25,15.0,21.0,0.0,0.0,1.0
2017-11-19,3,1711193,128.591613398068,3.0,6.25,15.0,21.0,0.0,0.0,1.0
2017-11-19,4,1711194,154.383032558196,3.0,6.25,15.0,21.0,0.0,0.0,1.0
2017-11-19,5,1711195,290.527837190715,3.0,6.25,15.0,21.0,0.0,0.0,1.0
2017-11-19,6,1711196,50.8883991158385,3.0,6.25,15.0,21.0,0.0,0.0,1.0
2017-11-20,1,1711201,100.7324918034,6.0,5.9625,6.0,21.0,0.0,0.0,1.0
2017-11-20,2,1711202,233.300572557871,6.0,5.9625,6.0,21.0,0.0,0.0,1.0
2017-11-20,3,1711203,99.3335812642129,6.0,5.9625,6.0,21.0,0.0,0.0,1.0
2017-11-20,4,1711204,111.476838489444,6.0,5.9625,6.0,21.0,0.0,0.0,1.0
2017-11-20,5,1711205,158.330039317857,6.0,5.9625,6.0,21.0,0.0,0.0,1.0
2017-11-20,6,1711206,33.7557303237121,6.0,5.9625,6.0,21.0,0.0,0.0,1.0
2017-11-21,1,1711211,90.5174834878254,7.0,4.9875,5.0,61.0,0.0,0.0,1.0
2017-11-21,2,1711212,239.880672674019,7.0,4.9875,5.0,61.0,0.0,0.0,1.0
2017-11-21,3,1711213,75.6736891413681,7.0,4.9875,5.0,61.0,0.0,0.0,1.0
2017-11-21,4,1711214,64.3810013758833,7.0,4.9875,5.0,61.0,0.0,0.0,1.0
2017-11-21,5,1711215,164.080416153047,7.0,4.9875,5.0,61.0,0.0,0.0,1.0
2017-11-21,6,1711216,52.546392931875,7.0,4.9875,5.0,61.0,0.0,0.0,1.0
2017-11-22,1,1711221,84.7248904082783,7.0,10.6125,10.0,61.0,0.0,0.0,1.0
2017-11-22,2,1711222,232.978187183353,7.0,10.6125,10.0,61.0,0.0,0.0,1.0
2017-11-22,3,1711223,77.5914895431634,7.0,10.6125,10.0,61.0,0.0,0.0,1.0
2017-11-22,4,1711224,83.6271552790891,7.0,10.6125,10.0,61.0,0.0,0.0,1.0
2017-11-22,5,1711225,181.432932775224,7.0,10.6125,10.0,61.0,0.0,0.0,1.0
2017-11-22,6,1711226,32.3471109718386,7.0,10.6125,10.0,61.0,0.0,0.0,1.0
2017-11-23,1,1711231,86.6235738346552,7.0,12.225,16.0,61.0,0.0,0.0,1.0
2017-11-23,2,1711232,227.736117661395,7.0,12.225,16.0,61.0,0.0,0.0,1.0
2017-11-23,3,1711233,83.7872041017695,7.0,12.225,16.0,61.0,0.0,0.0,1.0
2017-11-23,4,1711234,70.1707252886897,7.0,12.225,16.0,61.0,0.0,0.0,1.0
2017-11-23,5,1711235,163.133572693129,7.0,12.225,16.0,61.0,0.0,0.0,1.0
2017-11-23,6,1711236,19.2822513008083,7.0,12.225,16.0,61.0,0.0,0.0,1.0
2017-11-24,1,1711241,102.704961608739,7.0,6.9875,8.0,61.0,0.0,0.0,1.0
2017-11-24,2,1711242,234.503720902989,7.0,6.9875,8.0,61.0,0.0,0.0,1.0
2017-11-24,3,1711243,90.3427562419911,7.0,6.9875,8.0,61.0,0.0,0.0,1.0
2017-11-24,4,1711244,70.6335174431476,7.0,6.9875,8.0,61.0,0.0,0.0,1.0
2017-11-24,5,1711245,190.085144215812,7.0,6.9875,8.0,61.0,0.0,0.0,1.0
2017-11-24,6,1711246,79.7193259579011,7.0,6.9875,8.0,61.0,0.0,0.0,1.0
2017-11-25,1,1711251,100.894643188864,7.0,2.775,5.0,45.0,0.0,0.0,1.0
2017-11-25,2,1711252,266.39409981616,7.0,2.775,5.0,45.0,0.0,0.0,1.0
2017-11-25,3,1711253,83.5571803293795,7.0,2.775,5.0,45.0,0.0,0.0,1.0
2017-11-25,4,1711254,90.8353847015468,7.0,2.775,5.0,45.0,0.0,0.0,1.0
2017-11-25,5,1711255,173.387868915418,7.0,2.775,5.0,45.0,0.0,0.0,1.0
2017-11-25,6,1711256,99.5384898594057,7.0,2.775,5.0,45.0,0.0,0.0,1.0
2017-11-26,1,1711261,56.1839609734841,7.0,4.65,12.0,61.0,0.0,0.0,1.0
2017-11-26,2,1711262,462.02051039162,7.0,4.65,12.0,61.0,0.0,0.0,1.0
2017-11-26,3,1711263,145.539409678938,7.0,4.65,12.0,61.0,0.0,0.0,1.0
2017-11-26,4,1711264,92.2603367987658,7.0,4.65,12.0,61.0,0.0,0.0,1.0
2017-11-26,5,1711265,223.727809609641,7.0,4.65,12.0,61.0,0.0,0.0,1.0
2017-11-26,6,1711266,74.6409274716296,7.0,4.65,12.0,61.0,0.0,0.0,1.0
2017-11-27,1,1711271,108.488785532168,7.0,4.5625,14.0,61.0,0.0,0.0,1.0
2017-11-27,2,1711272,246.485981907524,7.0,4.5625,14.0,61.0,0.0,0.0,1.0
2017-11-27,3,1711273,91.2166369682366,7.0,4.5625,14.0,61.0,0.0,0.0,1.0
2017-11-27,4,1711274,64.2844868038263,7.0,4.5625,14.0,61.0,0.0,0.0,1.0
2017-11-27,5,1711275,200.072289929706,7.0,4.5625,14.0,61.0,0.0,0.0,1.0
2017-11-27,6,1711276,69.6217928098709,7.0,4.5625,14.0,61.0,0.0,0.0,1.0
2017-11-28,1,1711281,82.6450051477415,7.0,5.4875,12.0,61.0,0.0,0.0,1.0
2017-11-28,2,1711282,182.668977030814,7.0,5.4875,12.0,61.0,0.0,0.0,1.0
2017-11-28,3,1711283,95.6288353069938,7.0,5.4875,12.0,61.0,0.0,0.0,1.0
2017-11-28,4,1711284,48.0143138187276,7.0,5.4875,12.0,61.0,0.0,0.0,1.0
2017-11-28,5,1711285,183.812795854092,7.0,5.4875,12.0,61.0,0.0,0.0,1.0
2017-11-28,6,1711286,66.1080672646919,7.0,5.4875,12.0,61.0,0.0,0.0,1.0
2017-11-29,1,1711291,70.8933590937057,7.0,4.225,6.0,61.0,0.0,0.0,1.0
2017-11-29,2,1711292,222.218638281581,7.0,4.225,6.0,61.0,0.0,0.0,1.0
2017-11-29,3,1711293,91.7189243097624,7.0,4.225,6.0,61.0,0.0,0.0,1.0
2017-11-29,4,1711294,77.5327836643724,7.0,4.225,6.0,61.0,0.0,0.0,1.0
2017-11-29,5,1711295,187.807886915041,7.0,4.225,6.0,61.0,0.0,0.0,1.0
2017-11-29,6,1711296,100.80162265371,7.0,4.225,6.0,61.0,0.0,0.0,1.0
2017-11-30,1,1711301,151.851067390839,7.0,2.8125,4.0,10.0,0.0,0.0,1.0
2017-11-30,2,1711302,216.78430330821,7.0,2.8125,4.0,10.0,0.0,0.0,1.0
2017-11-30,3,1711303,90.9905683178398,7.0,2.8125,4.0,10.0,0.0,0.0,1.0
2017-11-30,4,1711304,78.2830286316067,7.0,2.8125,4.0,10.0,0.0,0.0,1.0
2017-11-30,5,1711305,215.347994961026,7.0,2.8125,4.0,10.0,0.0,0.0,1.0
2017-11-30,6,1711306,148.318103888471,7.0,2.8125,4.0,10.0,0.0,0.0,1.0
2017-12-01,1,1712011,81.7634785538538,6.0,4.3625,8.0,68.0,0.0,0.0,1.0
2017-12-01,2,1712012,243.454112286962,6.0,4.3625,8.0,68.0,0.0,0.0,1.0
2017-12-01,3,1712013,108.790843446546,6.0,4.3625,8.0,68.0,0.0,0.0,1.0
2017-12-01,4,1712014,105.62151938692,6.0,4.3625,8.0,68.0,0.0,0.0,1.0
2017-12-01,5,1712015,205.146848262433,6.0,4.3625,8.0,68.0,0.0,0.0,1.0
2017-12-01,6,1712016,112.938176175859,6.0,4.3625,8.0,68.0,0.0,0.0,1.0
2017-12-02,1,1712021,127.082516714906,7.0,0.375,8.0,61.0,0.0,0.0,1.0
2017-12-02,2,1712022,288.536116007129,7.0,0.375,8.0,61.0,0.0,0.0,1.0
2017-12-02,3,1712023,127.405558719443,7.0,0.375,8.0,61.0,0.0,0.0,1.0
2017-12-02,4,1712024,59.7973625803037,7.0,0.375,8.0,61.0,0.0,0.0,1.0
2017-12-02,5,1712025,213.255598532005,7.0,0.375,8.0,61.0,0.0,0.0,1.0
2017-12-02,6,1712026,73.5044534836882,7.0,0.375,8.0,61.0,0.0,0.0,1.0
2017-12-03,1,1712031,77.1376298618811,7.0,5.225,7.0,61.0,0.0,0.0,1.0
2017-12-03,2,1712032,434.563859195436,7.0,5.225,7.0,61.0,0.0,0.0,1.0
2017-12-03,3,1712033,172.878605046228,7.0,5.225,7.0,61.0,0.0,0.0,1.0
2017-12-03,4,1712034,85.7198085315545,7.0,5.225,7.0,61.0,0.0,0.0,1.0
2017-12-03,5,1712035,251.201023955334,7.0,5.225,7.0,61.0,0.0,0.0,1.0
2017-12-03,6,1712036,79.6004075618886,7.0,5.225,7.0,61.0,0.0,0.0,1.0
2017-12-04,1,1712041,132.405506118959,2.0,5.3375,12.0,61.0,0.0,0.0,1.0
2017-12-04,2,1712042,215.359624111002,2.0,5.3375,12.0,61.0,0.0,0.0,1.0
2017-12-04,3,1712043,124.885305907806,2.0,5.3375,12.0,61.0,0.0,0.0,1.0
2017-12-04,4,1712044,61.9317821102238,2.0,5.3375,12.0,61.0,0.0,0.0,1.0
2017-12-04,5,1712045,167.07305419771,2.0,5.3375,12.0,61.0,0.0,0.0,1.0
2017-12-04,6,1712046,117.520022750142,2.0,5.3375,12.0,61.0,0.0,0.0,1.0
2017-12-05,1,1712051,98.6865740402869,7.0,8.65,17.0,21.0,0.0,0.0,1.0
2017-12-05,2,1712052,226.946486233653,7.0,8.65,17.0,21.0,0.0,0.0,1.0
2017-12-05,3,1712053,85.3672468067668,7.0,8.65,17.0,21.0,0.0,0.0,1.0
2017-12-05,4,1712054,64.6018844575141,7.0,8.65,17.0,21.0,0.0,0.0,1.0
2017-12-05,5,1712055,165.220390196023,7.0,8.65,17.0,21.0,0.0,0.0,1.0
2017-12-05,6,1712056,123.224464617739,7.0,8.65,17.0,21.0,0.0,0.0,1.0
2017-12-06,1,1712061,87.2168769966415,7.0,8.9,17.0,0.0,0.0,0.0,1.0
2017-12-06,2,1712062,208.992261848017,7.0,8.9,17.0,0.0,0.0,0.0,1.0
2017-12-06,3,1712063,88.4459443650205,7.0,8.9,17.0,0.0,0.0,0.0,1.0
2017-12-06,4,1712064,55.4146458133456,7.0,8.9,17.0,0.0,0.0,0.0,1.0
2017-12-06,5,1712065,189.869482426349,7.0,8.9,17.0,0.0,0.0,0.0,1.0
2017-12-06,6,1712066,79.8680887634483,7.0,8.9,17.0,0.0,0.0,0.0,1.0
2017-12-07,1,1712071,121.022930614205,8.0,5.7625,13.0,61.0,0.0,0.0,1.0
2017-12-07,2,1712072,203.813113698898,8.0,5.7625,13.0,61.0,0.0,0.0,1.0
2017-12-07,3,1712073,88.7713968416023,8.0,5.7625,13.0,61.0,0.0,0.0,1.0
2017-12-07,4,1712074,54.0088391818527,8.0,5.7625,13.0,61.0,0.0,0.0,1.0
2017-12-07,5,1712075,193.736855216235,8.0,5.7625,13.0,61.0,0.0,0.0,1.0
2017-12-07,6,1712076,109.933446733591,8.0,5.7625,13.0,61.0,0.0,0.0,1.0
2017-12-08,1,1712081,90.723222063322,6.0,1.675,10.0,73.0,0.0,0.0,1.0
2017-12-08,2,1712082,226.268514034133,6.0,1.675,10.0,73.0,0.0,0.0,1.0
2017-12-08,3,1712083,88.682749091363,6.0,1.675,10.0,73.0,0.0,0.0,1.0
2017-12-08,4,1712084,66.7982079927858,6.0,1.675,10.0,73.0,0.0,0.0,1.0
2017-12-08,5,1712085,195.006756092183,6.0,1.675,10.0,73.0,0.0,0.0,1.0
2017-12-08,6,1712086,85.870568331829,6.0,1.675,10.0,73.0,0.0,0.0,1.0
2017-12-09,1,1712091,109.566700891337,3.0,3.5125,10.0,61.0,0.0,0.0,1.0
2017-12-09,2,1712092,337.94476310996,3.0,3.5125,10.0,61.0,0.0,0.0,1.0
2017-12-09,3,1712093,128.712796006967,3.0,3.5125,10.0,61.0,0.0,0.0,1.0
2017-12-09,4,1712094,87.7636303187285,3.0,3.5125,10.0,61.0,0.0,0.0,1.0
2017-12-09,5,1712095,213.992875770387,3.0,3.5125,10.0,61.0,0.0,0.0,1.0
2017-12-09,6,1712096,109.592675334139,3.0,3.5125,10.0,61.0,0.0,0.0,1.0
2017-12-10,1,1712101,46.1034350972905,7.0,0.9875,9.0,22.0,0.0,0.0,1.0
2017-12-10,2,1712102,405.993257717094,7.0,0.9875,9.0,22.0,0.0,0.0,1.0
2017-12-10,3,1712103,141.228429838865,7.0,0.9875,9.0,22.0,0.0,0.0,1.0
2017-12-10,4,1712104,94.5176183054956,7.0,0.9875,9.0,22.0,0.0,0.0,1.0
2017-12-10,5,1712105,230.009052923776,7.0,0.9875,9.0,22.0,0.0,0.0,1.0
2017-12-10,6,1712106,94.1497660962144,7.0,0.9875,9.0,22.0,0.0,0.0,1.0
2017-12-11,1,1712111,64.1114917289524,8.0,2.2375,14.0,61.0,0.0,0.0,1.0
2017-12-11,2,1712112,202.053997883196,8.0,2.2375,14.0,61.0,0.0,0.0,1.0
2017-12-11,3,1712113,66.8512773964215,8.0,2.2375,14.0,61.0,0.0,0.0,1.0
2017-12-11,4,1712114,50.7247058487075,8.0,2.2375,14.0,61.0,0.0,0.0,1.0
2017-12-11,5,1712115,162.390126292779,8.0,2.2375,14.0,61.0,0.0,0.0,1.0
2017-12-11,6,1712116,81.5380304454757,8.0,2.2375,14.0,61.0,0.0,0.0,1.0
2017-12-12,1,1712121,104.188888422736,7.0,1.55,12.0,68.0,0.0,0.0,1.0
2017-12-12,2,1712122,195.040468251702,7.0,1.55,12.0,68.0,0.0,0.0,1.0
2017-12-12,3,1712123,80.2744096681127,7.0,1.55,12.0,68.0,0.0,0.0,1.0
2017-12-12,4,1712124,72.7722091983781,7.0,1.55,12.0,68.0,0.0,0.0,1.0
2017-12-12,5,1712125,171.789515630901,7.0,1.55,12.0,68.0,0.0,0.0,1.0
2017-12-12,6,1712126,128.470188126235,7.0,1.55,12.0,68.0,0.0,0.0,1.0
2017-12-13,1,1712131,71.0846835326617,7.0,1.9875,12.0,69.0,0.0,0.0,1.0
2017-12-13,2,1712132,194.161309340236,7.0,1.9875,12.0,69.0,0.0,0.0,1.0
2017-12-13,3,1712133,54.5606055292997,7.0,1.9875,12.0,69.0,0.0,0.0,1.0
2017-12-13,4,1712134,69.1482504619048,7.0,1.9875,12.0,69.0,0.0,0.0,1.0
2017-12-13,5,1712135,162.960520031848,7.0,1.9875,12.0,69.0,0.0,0.0,1.0
2017-12-13,6,1712136,63.612142629209,7.0,1.9875,12.0,69.0,0.0,0.0,1.0
2017-12-14,1,1712141,147.585568185835,7.0,3.025,12.0,61.0,0.0,0.0,1.0
2017-12-14,2,1712142,244.558358353928,7.0,3.025,12.0,61.0,0.0,0.0,1.0
2017-12-14,3,1712143,63.0266652939679,7.0,3.025,12.0,61.0,0.0,0.0,1.0
2017-12-14,4,1712144,119.269465537394,7.0,3.025,12.0,61.0,0.0,0.0,1.0
2017-12-14,5,1712145,215.233289739844,7.0,3.025,12.0,61.0,0.0,0.0,1.0
2017-12-14,6,1712146,63.5113105200694,7.0,3.025,12.0,61.0,0.0,0.0,1.0
2017-12-15,1,1712151,107.055312628908,7.0,3.0375,9.0,20.0,0.0,0.0,1.0
2017-12-15,2,1712152,207.051404204092,7.0,3.0375,9.0,20.0,0.0,0.0,1.0
2017-12-15,3,1712153,78.2216501942594,7.0,3.0375,9.0,20.0,0.0,0.0,1.0
2017-12-15,4,1712154,57.2667627264866,7.0,3.0375,9.0,20.0,0.0,0.0,1.0
2017-12-15,5,1712155,206.324236158375,7.0,3.0375,9.0,20.0,0.0,0.0,1.0
2017-12-15,6,1712156,93.5202342927043,7.0,3.0375,9.0,20.0,0.0,0.0,1.0
2017-12-16,1,1712161,111.764487162802,1.0,3.275,10.0,10.0,0.0,0.0,1.0
2017-12-16,2,1712162,359.391246869914,1.0,3.275,10.0,10.0,0.0,0.0,1.0
2017-12-16,3,1712163,142.53421738335,1.0,3.275,10.0,10.0,0.0,0.0,1.0
2017-12-16,4,1712164,97.1892500286851,1.0,3.275,10.0,10.0,0.0,0.0,1.0
2017-12-16,5,1712165,233.884316697174,1.0,3.275,10.0,10.0,0.0,0.0,1.0
2017-12-16,6,1712166,105.308724630915,1.0,3.275,10.0,10.0,0.0,0.0,1.0
2017-12-17,1,1712171,54.2108446777326,3.0,1.1375,7.0,10.0,0.0,0.0,1.0
2017-12-17,2,1712172,414.241268554725,3.0,1.1375,7.0,10.0,0.0,0.0,1.0
2017-12-17,3,1712173,159.686296935857,3.0,1.1375,7.0,10.0,0.0,0.0,1.0
2017-12-17,4,1712174,92.361263176262,3.0,1.1375,7.0,10.0,0.0,0.0,1.0
2017-12-17,5,1712175,277.174647131406,3.0,1.1375,7.0,10.0,0.0,0.0,1.0
2017-12-17,6,1712176,91.5836690863741,3.0,1.1375,7.0,10.0,0.0,0.0,1.0
2017-12-18,1,1712181,132.343297226153,5.0,2.4625,6.0,10.0,0.0,0.0,1.0
2017-12-18,2,1712182,236.172051459289,5.0,2.4625,6.0,10.0,0.0,0.0,1.0
2017-12-18,3,1712183,94.7737484393613,5.0,2.4625,6.0,10.0,0.0,0.0,1.0
2017-12-18,4,1712184,81.2271727353582,5.0,2.4625,6.0,10.0,0.0,0.0,1.0
2017-12-18,5,1712185,134.405698196815,5.0,2.4625,6.0,10.0,0.0,0.0,1.0
2017-12-18,6,1712186,78.4614876007076,5.0,2.4625,6.0,10.0,0.0,0.0,1.0
2017-12-19,1,1712191,114.954215428736,7.0,5.9125,7.0,20.0,0.0,0.0,1.0
2017-12-19,2,1712192,219.58854798377,7.0,5.9125,7.0,20.0,0.0,0.0,1.0
2017-12-19,3,1712193,73.6343088065715,7.0,5.9125,7.0,20.0,0.0,0.0,1.0
2017-12-19,4,1712194,52.3839050076527,7.0,5.9125,7.0,20.0,0.0,0.0,1.0
2017-12-19,5,1712195,149.475430361226,7.0,5.9125,7.0,20.0,0.0,0.0,1.0
2017-12-19,6,1712196,67.8094425260021,7.0,5.9125,7.0,20.0,0.0,0.0,1.0
2017-12-20,1,1712201,95.0575238589803,7.0,6.6375,6.0,20.0,0.0,0.0,1.0
2017-12-20,2,1712202,263.813806442959,7.0,6.6375,6.0,20.0,0.0,0.0,1.0
2017-12-20,3,1712203,94.7967745101247,7.0,6.6375,6.0,20.0,0.0,0.0,1.0
2017-12-20,4,1712204,77.2921009482261,7.0,6.6375,6.0,20.0,0.0,0.0,1.0
2017-12-20,5,1712205,157.72174313434,7.0,6.6375,6.0,20.0,0.0,0.0,1.0
2017-12-20,6,1712206,65.2664683884036,7.0,6.6375,6.0,20.0,0.0,0.0,1.0
2017-12-21,1,1712211,123.510947305391,7.0,6.2375,10.0,21.0,0.0,1.0,1.0
2017-12-21,2,1712212,295.983386515154,7.0,6.2375,10.0,21.0,0.0,1.0,1.0
2017-12-21,3,1712213,70.6773716770578,7.0,6.2375,10.0,21.0,0.0,1.0,1.0
2017-12-21,4,1712214,44.4505511017174,7.0,6.2375,10.0,21.0,0.0,1.0,1.0
2017-12-21,5,1712215,178.949150168941,7.0,6.2375,10.0,21.0,0.0,1.0,1.0
2017-12-21,6,1712216,87.4712283122925,7.0,6.2375,10.0,21.0,0.0,1.0,1.0
2017-12-22,1,1712221,132.34052838286,7.0,5.7625,9.0,10.0,0.0,1.0,1.0
2017-12-22,2,1712222,253.999700547864,7.0,5.7625,9.0,10.0,0.0,1.0,1.0
2017-12-22,3,1712223,81.7267893179837,7.0,5.7625,9.0,10.0,0.0,1.0,1.0
2017-12-22,4,1712224,73.7634925924467,7.0,5.7625,9.0,10.0,0.0,1.0,1.0
2017-12-22,5,1712225,169.148699883427,7.0,5.7625,9.0,10.0,0.0,1.0,1.0
2017-12-22,6,1712226,71.911652270053,7.0,5.7625,9.0,10.0,0.0,1.0,1.0
2017-12-23,1,1712231,216.986006515356,7.0,7.8,19.0,61.0,0.0,1.0,1.0
2017-12-23,2,1712232,321.143876209997,7.0,7.8,19.0,61.0,0.0,1.0,1.0
2017-12-23,3,1712233,83.5676550722033,7.0,7.8,19.0,61.0,0.0,1.0,1.0
2017-12-23,4,1712234,78.8723916371377,7.0,7.8,19.0,61.0,0.0,1.0,1.0
2017-12-23,5,1712235,190.505322033484,7.0,7.8,19.0,61.0,0.0,1.0,1.0
2017-12-23,6,1712236,84.062222651182,7.0,7.8,19.0,61.0,0.0,1.0,1.0
2017-12-24,1,1712241,168.227885876022,7.0,8.1125,16.0,61.0,0.0,1.0,1.0
2017-12-24,2,1712242,578.995938801802,7.0,8.1125,16.0,61.0,0.0,1.0,1.0
2017-12-24,3,1712243,187.967420125408,7.0,8.1125,16.0,61.0,0.0,1.0,1.0
2017-12-24,4,1712244,75.1339574883147,7.0,8.1125,16.0,61.0,0.0,1.0,1.0
2017-12-24,5,1712245,199.910108801589,7.0,8.1125,16.0,61.0,0.0,1.0,1.0
2017-12-24,6,1712246,60.9819687660936,7.0,8.1125,16.0,61.0,0.0,1.0,1.0
2017-12-25,1,1712251,,7.0,8.7,14.0,61.0,0.0,1.0,1.0
2017-12-25,2,1712252,,7.0,8.7,14.0,61.0,0.0,1.0,1.0
2017-12-25,3,1712253,,7.0,8.7,14.0,61.0,0.0,1.0,1.0
2017-12-25,4,1712254,,7.0,8.7,14.0,61.0,0.0,1.0,1.0
2017-12-25,5,1712255,,7.0,8.7,14.0,61.0,0.0,1.0,1.0
2017-12-25,6,1712256,,7.0,8.7,14.0,61.0,0.0,1.0,1.0
2017-12-26,1,1712261,,7.0,6.25,14.0,61.0,0.0,1.0,1.0
2017-12-26,2,1712262,,7.0,6.25,14.0,61.0,0.0,1.0,1.0
2017-12-26,3,1712263,,7.0,6.25,14.0,61.0,0.0,1.0,1.0
2017-12-26,4,1712264,,7.0,6.25,14.0,61.0,0.0,1.0,1.0
2017-12-26,5,1712265,,7.0,6.25,14.0,61.0,0.0,1.0,1.0
2017-12-26,6,1712266,,7.0,6.25,14.0,61.0,0.0,1.0,1.0
2017-12-27,1,1712271,104.582475428322,7.0,4.6125,7.0,21.0,0.0,1.0,1.0
2017-12-27,2,1712272,366.39193384108,7.0,4.6125,7.0,21.0,0.0,1.0,1.0
2017-12-27,3,1712273,139.832220333738,7.0,4.6125,7.0,21.0,0.0,1.0,1.0
2017-12-27,4,1712274,96.1240109274297,7.0,4.6125,7.0,21.0,0.0,1.0,1.0
2017-12-27,5,1712275,220.052505331711,7.0,4.6125,7.0,21.0,0.0,1.0,1.0
2017-12-27,6,1712276,34.9726439139618,7.0,4.6125,7.0,21.0,0.0,1.0,1.0
2017-12-28,1,1712281,108.209333877696,4.0,4.0875,11.0,61.0,0.0,1.0,1.0
2017-12-28,2,1712282,389.287596176283,4.0,4.0875,11.0,61.0,0.0,1.0,1.0
2017-12-28,3,1712283,105.138755478215,4.0,4.0875,11.0,61.0,0.0,1.0,1.0
2017-12-28,4,1712284,90.1810564800637,4.0,4.0875,11.0,61.0,0.0,1.0,1.0
2017-12-28,5,1712285,266.290326838145,4.0,4.0875,11.0,61.0,0.0,1.0,1.0
2017-12-28,6,1712286,,4.0,4.0875,11.0,61.0,0.0,1.0,1.0
2017-12-29,1,1712291,120.681193840944,5.0,2.8125,11.0,61.0,0.0,1.0,1.0
2017-12-29,2,1712292,433.432993002541,5.0,2.8125,11.0,61.0,0.0,1.0,1.0
2017-12-29,3,1712293,179.594235115059,5.0,2.8125,11.0,61.0,0.0,1.0,1.0
2017-12-29,4,1712294,82.3731844631151,5.0,2.8125,11.0,61.0,0.0,1.0,1.0
2017-12-29,5,1712295,285.850859014997,5.0,2.8125,11.0,61.0,0.0,1.0,1.0
2017-12-29,6,1712296,,5.0,2.8125,11.0,61.0,0.0,1.0,1.0
2017-12-30,1,1712301,162.150512622119,7.0,4.05,10.0,61.0,0.0,1.0,1.0
2017-12-30,2,1712302,492.431858117778,7.0,4.05,10.0,61.0,0.0,1.0,1.0
2017-12-30,3,1712303,151.571783733849,7.0,4.05,10.0,61.0,0.0,1.0,1.0
2017-12-30,4,1712304,106.289227675639,7.0,4.05,10.0,61.0,0.0,1.0,1.0
2017-12-30,5,1712305,444.332521393835,7.0,4.05,10.0,61.0,0.0,1.0,1.0
2017-12-30,6,1712306,,7.0,4.05,10.0,61.0,0.0,1.0,1.0
2017-12-31,1,1712311,162.986018021678,7.0,8.25,16.0,63.0,0.0,1.0,1.0
2017-12-31,2,1712312,558.704848833107,7.0,8.25,16.0,63.0,0.0,1.0,1.0
2017-12-31,3,1712313,179.50840678603,7.0,8.25,16.0,63.0,0.0,1.0,1.0
2017-12-31,4,1712314,44.1758294041723,7.0,8.25,16.0,63.0,0.0,1.0,1.0
2017-12-31,5,1712315,1432.42234722783,7.0,8.25,16.0,63.0,0.0,1.0,1.0
2017-12-31,6,1712316,,7.0,8.25,16.0,63.0,0.0,1.0,1.0
2018-01-01,1,1801011,,6.0,6.6125,17.0,61.0,0.0,0.0,1.0
2018-01-01,2,1801012,,6.0,6.6125,17.0,61.0,0.0,0.0,1.0
2018-01-01,3,1801013,,6.0,6.6125,17.0,61.0,0.0,0.0,1.0
2018-01-01,4,1801014,,6.0,6.6125,17.0,61.0,0.0,0.0,1.0
2018-01-01,5,1801015,,6.0,6.6125,17.0,61.0,0.0,0.0,1.0
2018-01-02,1,1801021,154.786374942725,6.0,5.7,8.0,61.0,0.0,0.0,1.0
2018-01-02,2,1801022,362.106622620237,6.0,5.7,8.0,61.0,0.0,0.0,1.0
2018-01-02,3,1801023,150.502435605728,6.0,5.7,8.0,61.0,0.0,0.0,1.0
2018-01-02,4,1801024,99.6130902579496,6.0,5.7,8.0,61.0,0.0,0.0,1.0
2018-01-02,5,1801025,278.690545437323,6.0,5.7,8.0,61.0,0.0,0.0,1.0
2018-01-03,1,1801031,80.1711341155724,7.0,6.475,11.0,61.0,0.0,0.0,1.0
2018-01-03,2,1801032,296.950711829176,7.0,6.475,11.0,61.0,0.0,0.0,1.0
2018-01-03,3,1801033,115.430895275144,7.0,6.475,11.0,61.0,0.0,0.0,1.0
2018-01-03,4,1801034,106.317961739392,7.0,6.475,11.0,61.0,0.0,0.0,1.0
2018-01-03,5,1801035,234.246543565331,7.0,6.475,11.0,61.0,0.0,0.0,1.0
2018-01-04,1,1801041,136.591619491075,6.0,5.5125,7.0,61.0,0.0,0.0,1.0
2018-01-04,2,1801042,277.539447649125,6.0,5.5125,7.0,61.0,0.0,0.0,1.0
2018-01-04,3,1801043,102.512654812038,6.0,5.5125,7.0,61.0,0.0,0.0,1.0
2018-01-04,4,1801044,101.399181602323,6.0,5.5125,7.0,61.0,0.0,0.0,1.0
2018-01-04,5,1801045,231.043777731608,6.0,5.5125,7.0,61.0,0.0,0.0,1.0
2018-01-05,1,1801051,91.934017601084,8.0,4.325,10.0,61.0,0.0,0.0,1.0
2018-01-05,2,1801052,221.493928766554,8.0,4.325,10.0,61.0,0.0,0.0,1.0
2018-01-05,3,1801053,109.275993823143,8.0,4.325,10.0,61.0,0.0,0.0,1.0
2018-01-05,4,1801054,104.363824844901,8.0,4.325,10.0,61.0,0.0,0.0,1.0
2018-01-05,5,1801055,191.050544157891,8.0,4.325,10.0,61.0,0.0,0.0,1.0
2018-01-06,1,1801061,73.8495235935427,7.0,3.1875,8.0,61.0,0.0,0.0,1.0
2018-01-06,2,1801062,306.612067500727,7.0,3.1875,8.0,61.0,0.0,0.0,1.0
2018-01-06,3,1801063,102.460375257105,7.0,3.1875,8.0,61.0,0.0,0.0,1.0
2018-01-06,4,1801064,90.7575736757768,7.0,3.1875,8.0,61.0,0.0,0.0,1.0
2018-01-06,5,1801065,264.145810508481,7.0,3.1875,8.0,61.0,0.0,0.0,1.0
2018-01-07,1,1801071,87.9206063192333,0.0,0.65,8.0,61.0,0.0,0.0,1.0
2018-01-07,2,1801072,424.80333027284,0.0,0.65,8.0,61.0,0.0,0.0,1.0
2018-01-07,3,1801073,144.442039442307,0.0,0.65,8.0,61.0,0.0,0.0,1.0
2018-01-07,4,1801074,140.028867884019,0.0,0.65,8.0,61.0,0.0,0.0,1.0
2018-01-07,5,1801075,316.353343557096,0.0,0.65,8.0,61.0,0.0,0.0,1.0
2018-01-08,1,1801081,118.339722290326,1.0,0.9875,7.0,5.0,0.0,0.0,1.0
2018-01-08,2,1801082,218.416290860879,1.0,0.9875,7.0,5.0,0.0,0.0,1.0
2018-01-08,3,1801083,66.6929702875401,1.0,0.9875,7.0,5.0,0.0,0.0,1.0
2018-01-08,4,1801084,115.803557985459,1.0,0.9875,7.0,5.0,0.0,0.0,1.0
2018-01-08,5,1801085,270.748463547217,1.0,0.9875,7.0,5.0,0.0,0.0,1.0
2018-01-09,1,1801091,88.8949959430897,4.0,3.1625,11.0,0.0,0.0,0.0,1.0
2018-01-09,2,1801092,231.370506812209,4.0,3.1625,11.0,0.0,0.0,0.0,1.0
2018-01-09,3,1801093,82.6143785726371,4.0,3.1625,11.0,0.0,0.0,0.0,1.0
2018-01-09,4,1801094,66.6386512377995,4.0,3.1625,11.0,0.0,0.0,0.0,1.0
2018-01-09,5,1801095,170.647299973653,4.0,3.1625,11.0,0.0,0.0,0.0,1.0
2018-01-10,1,1801101,92.1632213092253,6.0,4.0125,6.0,21.0,0.0,0.0,1.0
2018-01-10,2,1801102,213.493748618184,6.0,4.0125,6.0,21.0,0.0,0.0,1.0
2018-01-10,3,1801103,72.3107709500424,6.0,4.0125,6.0,21.0,0.0,0.0,1.0
2018-01-10,4,1801104,55.6411164339088,6.0,4.0125,6.0,21.0,0.0,0.0,1.0
2018-01-10,5,1801105,192.264635692538,6.0,4.0125,6.0,21.0,0.0,0.0,1.0
2018-01-11,1,1801111,126.219974300486,7.0,3.8375,10.0,61.0,0.0,0.0,1.0
2018-01-11,2,1801112,222.656660834864,7.0,3.8375,10.0,61.0,0.0,0.0,1.0
2018-01-11,3,1801113,75.9628544056125,7.0,3.8375,10.0,61.0,0.0,0.0,1.0
2018-01-11,4,1801114,59.0034955815228,7.0,3.8375,10.0,61.0,0.0,0.0,1.0
2018-01-11,5,1801115,170.354115774724,7.0,3.8375,10.0,61.0,0.0,0.0,1.0
2018-01-12,1,1801121,116.261966635988,7.0,2.275,10.0,10.0,0.0,0.0,1.0
2018-01-12,2,1801122,213.653541569415,7.0,2.275,10.0,10.0,0.0,0.0,1.0
2018-01-12,3,1801123,75.5325871625342,7.0,2.275,10.0,10.0,0.0,0.0,1.0
2018-01-12,4,1801124,92.456896212952,7.0,2.275,10.0,10.0,0.0,0.0,1.0
2018-01-12,5,1801125,211.608032733142,7.0,2.275,10.0,10.0,0.0,0.0,1.0
2018-01-13,1,1801131,109.622594764107,8.0,1.275,8.0,10.0,0.0,0.0,1.0
2018-01-13,2,1801132,326.134796825133,8.0,1.275,8.0,10.0,0.0,0.0,1.0
2018-01-13,3,1801133,102.912437094458,8.0,1.275,8.0,10.0,0.0,0.0,1.0
2018-01-13,4,1801134,93.167767994205,8.0,1.275,8.0,10.0,0.0,0.0,1.0
2018-01-13,5,1801135,256.585594385779,8.0,1.275,8.0,10.0,0.0,0.0,1.0
2018-01-14,1,1801141,49.0005592318035,1.0,0.325,8.0,5.0,0.0,0.0,1.0
2018-01-14,2,1801142,396.378979718406,1.0,0.325,8.0,5.0,0.0,0.0,1.0
2018-01-14,3,1801143,151.968858897758,1.0,0.325,8.0,5.0,0.0,0.0,1.0
2018-01-14,4,1801144,147.761602469622,1.0,0.325,8.0,5.0,0.0,0.0,1.0
2018-01-14,5,1801145,326.994080961684,1.0,0.325,8.0,5.0,0.0,0.0,1.0
2018-01-15,1,1801151,108.800629287407,7.0,1.5625,12.0,61.0,0.0,0.0,1.0
2018-01-15,2,1801152,242.921864094771,7.0,1.5625,12.0,61.0,0.0,0.0,1.0
2018-01-15,3,1801153,85.9256443890805,7.0,1.5625,12.0,61.0,0.0,0.0,1.0
2018-01-15,4,1801154,61.329948854006,7.0,1.5625,12.0,61.0,0.0,0.0,1.0
2018-01-15,5,1801155,214.087728077301,7.0,1.5625,12.0,61.0,0.0,0.0,1.0
2018-01-16,1,1801161,116.40783148052,7.0,3.3625,9.0,61.0,0.0,0.0,1.0
2018-01-16,2,1801162,225.76404335699,7.0,3.3625,9.0,61.0,0.0,0.0,1.0
2018-01-16,3,1801163,56.3093100492538,7.0,3.3625,9.0,61.0,0.0,0.0,1.0
2018-01-16,4,1801164,69.695099163498,7.0,3.3625,9.0,61.0,0.0,0.0,1.0
2018-01-16,5,1801165,177.197009401223,7.0,3.3625,9.0,61.0,0.0,0.0,1.0
2018-01-17,1,1801171,99.9287661378494,6.0,1.8125,10.0,61.0,0.0,0.0,1.0
2018-01-17,2,1801172,214.400310493609,6.0,1.8125,10.0,61.0,0.0,0.0,1.0
2018-01-17,3,1801173,77.1881203768712,6.0,1.8125,10.0,61.0,0.0,0.0,1.0
2018-01-17,4,1801174,74.4437882733403,6.0,1.8125,10.0,61.0,0.0,0.0,1.0
2018-01-17,5,1801175,199.780437868024,6.0,1.8125,10.0,61.0,0.0,0.0,1.0
2018-01-18,1,1801181,111.788522418724,7.0,1.1625,17.0,73.0,0.0,0.0,1.0
2018-01-18,2,1801182,227.279978766986,7.0,1.1625,17.0,73.0,0.0,0.0,1.0
2018-01-18,3,1801183,72.2532702611568,7.0,1.1625,17.0,73.0,0.0,0.0,1.0
2018-01-18,4,1801184,72.0964859731471,7.0,1.1625,17.0,73.0,0.0,0.0,1.0
2018-01-18,5,1801185,221.520213856511,7.0,1.1625,17.0,73.0,0.0,0.0,1.0
2018-01-19,1,1801191,121.028250919463,6.0,1.975,10.0,73.0,0.0,0.0,1.0
2018-01-19,2,1801192,233.268218984193,6.0,1.975,10.0,73.0,0.0,0.0,1.0
2018-01-19,3,1801193,79.4912684505094,6.0,1.975,10.0,73.0,0.0,0.0,1.0
2018-01-19,4,1801194,67.6096124702958,6.0,1.975,10.0,73.0,0.0,0.0,1.0
2018-01-19,5,1801195,227.629762665163,6.0,1.975,10.0,73.0,0.0,0.0,1.0
2018-01-20,1,1801201,115.690881472167,8.0,1.75,7.0,61.0,0.0,0.0,1.0
2018-01-20,2,1801202,295.006942427965,8.0,1.75,7.0,61.0,0.0,0.0,1.0
2018-01-20,3,1801203,86.0376499500436,8.0,1.75,7.0,61.0,0.0,0.0,1.0
2018-01-20,4,1801204,98.9309178851427,8.0,1.75,7.0,61.0,0.0,0.0,1.0
2018-01-20,5,1801205,295.611586876073,8.0,1.75,7.0,61.0,0.0,0.0,1.0
2018-01-21,1,1801211,86.9824385331888,6.0,-0.6125,3.0,49.0,0.0,0.0,1.0
2018-01-21,2,1801212,398.585448365232,6.0,-0.6125,3.0,49.0,0.0,0.0,1.0
2018-01-21,3,1801213,187.190402965026,6.0,-0.6125,3.0,49.0,0.0,0.0,1.0
2018-01-21,4,1801214,171.52657521436,6.0,-0.6125,3.0,49.0,0.0,0.0,1.0
2018-01-21,5,1801215,288.064172457206,6.0,-0.6125,3.0,49.0,0.0,0.0,1.0
2018-01-22,1,1801221,137.932331634568,7.0,0.675,7.0,77.0,0.0,0.0,1.0
2018-01-22,2,1801222,194.083018345383,7.0,0.675,7.0,77.0,0.0,0.0,1.0
2018-01-22,3,1801223,106.618252948229,7.0,0.675,7.0,77.0,0.0,0.0,1.0
2018-01-22,4,1801224,72.9964101881541,7.0,0.675,7.0,77.0,0.0,0.0,1.0
2018-01-22,5,1801225,205.21919174015,7.0,0.675,7.0,77.0,0.0,0.0,1.0
2018-01-23,1,1801231,101.743983330679,7.0,4.6625,7.0,61.0,0.0,0.0,1.0
2018-01-23,2,1801232,208.443667129935,7.0,4.6625,7.0,61.0,0.0,0.0,1.0
2018-01-23,3,1801233,81.7299549683164,7.0,4.6625,7.0,61.0,0.0,0.0,1.0
2018-01-23,4,1801234,95.8855786531597,7.0,4.6625,7.0,61.0,0.0,0.0,1.0
2018-01-23,5,1801235,192.567272871935,7.0,4.6625,7.0,61.0,0.0,0.0,1.0
2018-01-24,1,1801241,115.464753338403,8.0,11.6,14.0,61.0,0.0,0.0,1.0
2018-01-24,2,1801242,203.385782144794,8.0,11.6,14.0,61.0,0.0,0.0,1.0
2018-01-24,3,1801243,98.3309422420537,8.0,11.6,14.0,61.0,0.0,0.0,1.0
2018-01-24,4,1801244,62.9949858594412,8.0,11.6,14.0,61.0,0.0,0.0,1.0
2018-01-24,5,1801245,191.599397751055,8.0,11.6,14.0,61.0,0.0,0.0,1.0
2018-01-25,1,1801251,103.267103773044,7.0,7.95,9.0,21.0,0.0,0.0,1.0
2018-01-25,2,1801252,232.391630766844,7.0,7.95,9.0,21.0,0.0,0.0,1.0
2018-01-25,3,1801253,81.1911029399639,7.0,7.95,9.0,21.0,0.0,0.0,1.0
2018-01-25,4,1801254,76.0722903455264,7.0,7.95,9.0,21.0,0.0,0.0,1.0
2018-01-25,5,1801255,189.908855738294,7.0,7.95,9.0,21.0,0.0,0.0,1.0
2018-01-26,1,1801261,98.0556839467947,6.0,5.9625,5.0,45.0,0.0,0.0,1.0
2018-01-26,2,1801262,274.633939189323,6.0,5.9625,5.0,45.0,0.0,0.0,1.0
2018-01-26,3,1801263,79.48711893513,6.0,5.9625,5.0,45.0,0.0,0.0,1.0
2018-01-26,4,1801264,71.1908344949541,6.0,5.9625,5.0,45.0,0.0,0.0,1.0
2018-01-26,5,1801265,241.003825744459,6.0,5.9625,5.0,45.0,0.0,0.0,1.0
2018-01-27,1,1801271,130.945038639959,8.0,5.6375,9.0,10.0,0.0,0.0,1.0
2018-01-27,2,1801272,245.309038638068,8.0,5.6375,9.0,10.0,0.0,0.0,1.0
2018-01-27,3,1801273,104.368162476671,8.0,5.6375,9.0,10.0,0.0,0.0,1.0
2018-01-27,4,1801274,118.531330062167,8.0,5.6375,9.0,10.0,0.0,0.0,1.0
2018-01-27,5,1801275,238.508599445852,8.0,5.6375,9.0,10.0,0.0,0.0,1.0
2018-01-28,1,1801281,83.0180376295478,6.0,7.6625,16.0,61.0,0.0,0.0,1.0
2018-01-28,2,1801282,386.418720172624,6.0,7.6625,16.0,61.0,0.0,0.0,1.0
2018-01-28,3,1801283,179.257190765101,6.0,7.6625,16.0,61.0,0.0,0.0,1.0
2018-01-28,4,1801284,186.614734681636,6.0,7.6625,16.0,61.0,0.0,0.0,1.0
2018-01-28,5,1801285,343.016602652484,6.0,7.6625,16.0,61.0,0.0,0.0,1.0
2018-01-29,1,1801291,109.744299217296,7.0,7.55,21.0,63.0,0.0,0.0,1.0
2018-01-29,2,1801292,194.790295410509,7.0,7.55,21.0,63.0,0.0,0.0,1.0
2018-01-29,3,1801293,82.9125750766826,7.0,7.55,21.0,63.0,0.0,0.0,1.0
2018-01-29,4,1801294,53.8875937065372,7.0,7.55,21.0,63.0,0.0,0.0,1.0
2018-01-29,5,1801295,193.549213544791,7.0,7.55,21.0,63.0,0.0,0.0,1.0
2018-01-30,1,1801301,117.052646589407,4.0,5.7375,15.0,10.0,0.0,0.0,1.0
2018-01-30,2,1801302,238.543843794119,4.0,5.7375,15.0,10.0,0.0,0.0,1.0
2018-01-30,3,1801303,99.0350024655034,4.0,5.7375,15.0,10.0,0.0,0.0,1.0
2018-01-30,4,1801304,83.2550647415232,4.0,5.7375,15.0,10.0,0.0,0.0,1.0
2018-01-30,5,1801305,209.702544523933,4.0,5.7375,15.0,10.0,0.0,0.0,1.0
2018-01-31,1,1801311,105.812423397334,7.0,6.3,15.0,61.0,0.0,0.0,1.0
2018-01-31,2,1801312,208.506252620249,7.0,6.3,15.0,61.0,0.0,0.0,1.0
2018-01-31,3,1801313,79.2163042576594,7.0,6.3,15.0,61.0,0.0,0.0,1.0
2018-01-31,4,1801314,56.4391103574792,7.0,6.3,15.0,61.0,0.0,0.0,1.0
2018-01-31,5,1801315,215.663462355236,7.0,6.3,15.0,61.0,0.0,0.0,1.0
2018-02-01,1,1802011,96.7664796057527,7.0,3.5125,11.0,61.0,0.0,1.0,1.0
2018-02-01,2,1802012,226.66154114477,7.0,3.5125,11.0,61.0,0.0,1.0,1.0
2018-02-01,3,1802013,92.8478148910384,7.0,3.5125,11.0,61.0,0.0,1.0,1.0
2018-02-01,4,1802014,75.058564397273,7.0,3.5125,11.0,61.0,0.0,1.0,1.0
2018-02-01,5,1802015,229.803294936102,7.0,3.5125,11.0,61.0,0.0,1.0,1.0
2018-02-02,1,1802021,95.67376206111348,7.0,3.45,6.0,61.0,0.0,1.0,1.0
2018-02-02,2,1802022,232.958252736332,7.0,3.45,6.0,61.0,0.0,1.0,1.0
2018-02-02,3,1802023,103.70762060485,7.0,3.45,6.0,61.0,0.0,1.0,1.0
2018-02-02,4,1802024,102.495517469135,7.0,3.45,6.0,61.0,0.0,1.0,1.0
2018-02-02,5,1802025,228.591244327193,7.0,3.45,6.0,61.0,0.0,1.0,1.0
2018-02-03,1,1802031,105.609185632305,7.0,-1.1625,8.0,71.0,0.0,0.0,1.0
2018-02-03,2,1802032,272.959507008903,7.0,-1.1625,8.0,71.0,0.0,0.0,1.0
2018-02-03,3,1802033,114.506750856677,7.0,-1.1625,8.0,71.0,0.0,0.0,1.0
2018-02-03,4,1802034,88.9079876540388,7.0,-1.1625,8.0,71.0,0.0,0.0,1.0
2018-02-03,5,1802035,277.395112937839,7.0,-1.1625,8.0,71.0,0.0,0.0,1.0
2018-02-04,1,1802041,53.0138004326992,7.0,0.825,18.0,73.0,0.0,0.0,1.0
2018-02-04,2,1802042,379.119369610782,7.0,0.825,18.0,73.0,0.0,0.0,1.0
2018-02-04,3,1802043,148.452873371219,7.0,0.825,18.0,73.0,0.0,0.0,1.0
2018-02-04,4,1802044,100.246292103139,7.0,0.825,18.0,73.0,0.0,0.0,1.0
2018-02-04,5,1802045,328.403879136331,7.0,0.825,18.0,73.0,0.0,0.0,1.0
2018-02-05,1,1802051,141.343449024634,7.0,-0.2375,10.0,22.0,0.0,0.0,1.0
2018-02-05,2,1802052,218.639747671784,7.0,-0.2375,10.0,22.0,0.0,0.0,1.0
2018-02-05,3,1802053,112.122544509562,7.0,-0.2375,10.0,22.0,0.0,0.0,1.0
2018-02-05,4,1802054,99.9899199000874,7.0,-0.2375,10.0,22.0,0.0,0.0,1.0
2018-02-05,5,1802055,235.745691044597,7.0,-0.2375,10.0,22.0,0.0,0.0,1.0
2018-02-06,1,1802061,119.719757906946,1.0,-0.8625,5.0,10.0,0.0,0.0,1.0
2018-02-06,2,1802062,222.355875893781,1.0,-0.8625,5.0,10.0,0.0,0.0,1.0
2018-02-06,3,1802063,81.2263029149462,1.0,-0.8625,5.0,10.0,0.0,0.0,1.0
2018-02-06,4,1802064,108.184958277869,1.0,-0.8625,5.0,10.0,0.0,0.0,1.0
2018-02-06,5,1802065,298.01563750602,1.0,-0.8625,5.0,10.0,0.0,0.0,1.0
2018-02-07,1,1802071,101.419539257411,0.0,-1.285714,4.0,5.0,0.0,0.0,1.0
2018-02-07,2,1802072,195.513731095511,0.0,-1.285714,4.0,5.0,0.0,0.0,1.0
2018-02-07,3,1802073,108.269493600282,0.0,-1.285714,4.0,5.0,0.0,0.0,1.0
2018-02-07,4,1802074,79.4011405411019,0.0,-1.285714,4.0,5.0,0.0,0.0,1.0
2018-02-07,5,1802075,243.449268125649,0.0,-1.285714,4.0,5.0,0.0,0.0,1.0
2018-02-08,1,1802081,158.153466871707,0.0,-0.0125,6.0,5.0,0.0,0.0,1.0
2018-02-08,2,1802082,224.256605995286,0.0,-0.0125,6.0,5.0,0.0,0.0,1.0
2018-02-08,3,1802083,110.141051764801,0.0,-0.0125,6.0,5.0,0.0,0.0,1.0
2018-02-08,4,1802084,59.6553309472624,0.0,-0.0125,6.0,5.0,0.0,0.0,1.0
2018-02-08,5,1802085,362.43049278636,0.0,-0.0125,6.0,5.0,0.0,0.0,1.0
2018-02-09,1,1802091,136.987868117875,1.0,-0.2625,7.0,10.0,0.0,0.0,1.0
2018-02-09,2,1802092,233.517644291772,1.0,-0.2625,7.0,10.0,0.0,0.0,1.0
2018-02-09,3,1802093,101.251865575012,1.0,-0.2625,7.0,10.0,0.0,0.0,1.0
2018-02-09,4,1802094,97.5601431448597,1.0,-0.2625,7.0,10.0,0.0,0.0,1.0
2018-02-09,5,1802095,286.323938385119,1.0,-0.2625,7.0,10.0,0.0,0.0,1.0
2018-02-10,1,1802101,162.657002276986,1.0,0.5625,4.0,10.0,0.0,0.0,1.0
2018-02-10,2,1802102,309.580554540049,1.0,0.5625,4.0,10.0,0.0,0.0,1.0
2018-02-10,3,1802103,130.957351030206,1.0,0.5625,4.0,10.0,0.0,0.0,1.0
2018-02-10,4,1802104,104.057349405705,1.0,0.5625,4.0,10.0,0.0,0.0,1.0
2018-02-10,5,1802105,366.553491234417,1.0,0.5625,4.0,10.0,0.0,0.0,1.0
2018-02-11,1,1802111,50.4265035269595,7.0,2.3375,11.0,75.0,0.0,0.0,1.0
2018-02-11,2,1802112,400.799606908102,7.0,2.3375,11.0,75.0,0.0,0.0,1.0
2018-02-11,3,1802113,154.482016342371,7.0,2.3375,11.0,75.0,0.0,0.0,1.0
2018-02-11,4,1802114,103.819891514456,7.0,2.3375,11.0,75.0,0.0,0.0,1.0
2018-02-11,5,1802115,313.299044044869,7.0,2.3375,11.0,75.0,0.0,0.0,1.0
2018-02-12,1,1802121,116.368403565942,5.0,1.825,15.0,75.0,0.0,0.0,1.0
2018-02-12,2,1802122,236.63099012853,5.0,1.825,15.0,75.0,0.0,0.0,1.0
2018-02-12,3,1802123,82.1518936627926,5.0,1.825,15.0,75.0,0.0,0.0,1.0
2018-02-12,4,1802124,84.7804811697854,5.0,1.825,15.0,75.0,0.0,0.0,1.0
2018-02-12,5,1802125,229.223490027313,5.0,1.825,15.0,75.0,0.0,0.0,1.0
2018-02-13,1,1802131,130.234212553533,0.0,2.6875,7.0,10.0,0.0,0.0,1.0
2018-02-13,2,1802132,221.417070547716,0.0,2.6875,7.0,10.0,0.0,0.0,1.0
2018-02-13,3,1802133,111.74731105753,0.0,2.6875,7.0,10.0,0.0,0.0,1.0
2018-02-13,4,1802134,93.8237303340429,0.0,2.6875,7.0,10.0,0.0,0.0,1.0
2018-02-13,5,1802135,263.057172107793,0.0,2.6875,7.0,10.0,0.0,0.0,1.0
2018-02-14,1,1802141,84.2120188970009,0.0,2.95,8.0,5.0,0.0,0.0,1.0
2018-02-14,2,1802142,236.207365383159,0.0,2.95,8.0,5.0,0.0,0.0,1.0
2018-02-14,3,1802143,106.396868857362,0.0,2.95,8.0,5.0,0.0,0.0,1.0
2018-02-14,4,1802144,107.610191946433,0.0,2.95,8.0,5.0,0.0,0.0,1.0
2018-02-14,5,1802145,321.82458011699,0.0,2.95,8.0,5.0,0.0,0.0,1.0
2018-02-15,1,1802151,97.2457937573187,7.0,0.675,11.0,73.0,0.0,0.0,1.0
2018-02-15,2,1802152,194.914170317496,7.0,0.675,11.0,73.0,0.0,0.0,1.0
2018-02-15,3,1802153,104.357564465154,7.0,0.675,11.0,73.0,0.0,0.0,1.0
2018-02-15,4,1802154,67.9661089598606,7.0,0.675,11.0,73.0,0.0,0.0,1.0
2018-02-15,5,1802155,209.675823535376,7.0,0.675,11.0,73.0,0.0,0.0,1.0
2018-02-16,1,1802161,163.353586518488,5.0,4.8625,12.0,21.0,0.0,0.0,1.0
2018-02-16,2,1802162,199.111471039176,5.0,4.8625,12.0,21.0,0.0,0.0,1.0
2018-02-16,3,1802163,102.772794635868,5.0,4.8625,12.0,21.0,0.0,0.0,1.0
2018-02-16,4,1802164,76.6521473610704,5.0,4.8625,12.0,21.0,0.0,0.0,1.0
2018-02-16,5,1802165,367.998558366511,5.0,4.8625,12.0,21.0,0.0,0.0,1.0
2018-02-17,1,1802171,148.514760113872,8.0,4.125,5.0,10.0,0.0,0.0,1.0
2018-02-17,2,1802172,305.791499066061,8.0,4.125,5.0,10.0,0.0,0.0,1.0
2018-02-17,3,1802173,115.932073516846,8.0,4.125,5.0,10.0,0.0,0.0,1.0
2018-02-17,4,1802174,107.126311727187,8.0,4.125,5.0,10.0,0.0,0.0,1.0
2018-02-17,5,1802175,255.288264842689,8.0,4.125,5.0,10.0,0.0,0.0,1.0
2018-02-18,1,1802181,43.1372026328517,5.0,4.375,8.0,0.0,0.0,0.0,1.0
2018-02-18,2,1802182,383.210370812999,5.0,4.375,8.0,0.0,0.0,0.0,1.0
2018-02-18,3,1802183,164.32793564738,5.0,4.375,8.0,0.0,0.0,0.0,1.0
2018-02-18,4,1802184,138.769690509263,5.0,4.375,8.0,0.0,0.0,0.0,1.0
2018-02-18,5,1802185,425.191342965134,5.0,4.375,8.0,0.0,0.0,0.0,1.0
2018-02-19,1,1802191,121.942230728321,5.0,4.9125,4.0,5.0,0.0,0.0,1.0
2018-02-19,2,1802192,229.725366172571,5.0,4.9125,4.0,5.0,0.0,0.0,1.0
2018-02-19,3,1802193,93.9649515287712,5.0,4.9125,4.0,5.0,0.0,0.0,1.0
2018-02-19,4,1802194,94.9554744734998,5.0,4.9125,4.0,5.0,0.0,0.0,1.0
2018-02-19,5,1802195,304.597844032955,5.0,4.9125,4.0,5.0,0.0,0.0,1.0
2018-02-20,1,1802201,89.5867418102959,1.0,3.375,11.0,10.0,0.0,0.0,1.0
2018-02-20,2,1802202,211.28547578127,1.0,3.375,11.0,10.0,0.0,0.0,1.0
2018-02-20,3,1802203,120.468678363742,1.0,3.375,11.0,10.0,0.0,0.0,1.0
2018-02-20,4,1802204,97.9060256716053,1.0,3.375,11.0,10.0,0.0,0.0,1.0
2018-02-20,5,1802205,178.062448908214,1.0,3.375,11.0,10.0,0.0,0.0,1.0
2018-02-21,1,1802211,116.006081856932,6.0,2.175,7.0,22.0,0.0,0.0,1.0
2018-02-21,2,1802212,228.861055318971,6.0,2.175,7.0,22.0,0.0,0.0,1.0
2018-02-21,3,1802213,101.209732738436,6.0,2.175,7.0,22.0,0.0,0.0,1.0
2018-02-21,4,1802214,55.5026714053454,6.0,2.175,7.0,22.0,0.0,0.0,1.0
2018-02-21,5,1802215,193.221411885626,6.0,2.175,7.0,22.0,0.0,0.0,1.0
2018-02-22,1,1802221,124.909775681547,7.0,1.1125,7.0,20.0,0.0,0.0,1.0
2018-02-22,2,1802222,258.022863521095,7.0,1.1125,7.0,20.0,0.0,0.0,1.0
2018-02-22,3,1802223,75.8400483968089,7.0,1.1125,7.0,20.0,0.0,0.0,1.0
2018-02-22,4,1802224,65.9773693766395,7.0,1.1125,7.0,20.0,0.0,0.0,1.0
2018-02-22,5,1802225,193.023042021481,7.0,1.1125,7.0,20.0,0.0,0.0,1.0
2018-02-23,1,1802231,91.3084600530353,1.0,0.4375,12.0,5.0,0.0,0.0,1.0
2018-02-23,2,1802232,239.298560995411,1.0,0.4375,12.0,5.0,0.0,0.0,1.0
2018-02-23,3,1802233,100.964773001419,1.0,0.4375,12.0,5.0,0.0,0.0,1.0
2018-02-23,4,1802234,89.8807140649128,1.0,0.4375,12.0,5.0,0.0,0.0,1.0
2018-02-23,5,1802235,231.223708996684,1.0,0.4375,12.0,5.0,0.0,0.0,1.0
2018-02-24,1,1802241,131.85933719787,6.0,0.125,15.0,71.0,0.0,0.0,1.0
2018-02-24,2,1802242,301.846824531828,6.0,0.125,15.0,71.0,0.0,0.0,1.0
2018-02-24,3,1802243,129.618921959432,6.0,0.125,15.0,71.0,0.0,0.0,1.0
2018-02-24,4,1802244,83.4673946588364,6.0,0.125,15.0,71.0,0.0,0.0,1.0
2018-02-24,5,1802245,271.400923554803,6.0,0.125,15.0,71.0,0.0,0.0,1.0
2018-02-25,1,1802251,60.2910060331361,7.0,-2.9625,14.0,71.0,0.0,0.0,1.0
2018-02-25,2,1802252,390.819528207244,7.0,-2.9625,14.0,71.0,0.0,0.0,1.0
2018-02-25,3,1802253,174.509606028217,7.0,-2.9625,14.0,71.0,0.0,0.0,1.0
2018-02-25,4,1802254,101.878885897188,7.0,-2.9625,14.0,71.0,0.0,0.0,1.0
2018-02-25,5,1802255,249.543387611877,7.0,-2.9625,14.0,71.0,0.0,0.0,1.0
2018-02-26,1,1802261,86.3075633753733,5.0,-1.5375,18.0,71.0,0.0,0.0,1.0
2018-02-26,2,1802262,228.550422356372,5.0,-1.5375,18.0,71.0,0.0,0.0,1.0
2018-02-26,3,1802263,62.7194880720277,5.0,-1.5375,18.0,71.0,0.0,0.0,1.0
2018-02-26,4,1802264,64.9506430795257,5.0,-1.5375,18.0,71.0,0.0,0.0,1.0
2018-02-26,5,1802265,211.624988296545,5.0,-1.5375,18.0,71.0,0.0,0.0,1.0
2018-02-27,1,1802271,66.9903015912322,6.0,-3.425,16.0,71.0,0.0,0.0,1.0
2018-02-27,2,1802272,219.872037080239,6.0,-3.425,16.0,71.0,0.0,0.0,1.0
2018-02-27,3,1802273,80.0520282741354,6.0,-3.425,16.0,71.0,0.0,0.0,1.0
2018-02-27,4,1802274,81.5433307466433,6.0,-3.425,16.0,71.0,0.0,0.0,1.0
2018-02-27,5,1802275,177.990111725936,6.0,-3.425,16.0,71.0,0.0,0.0,1.0
2018-02-28,1,1802281,98.7664662416456,5.0,-6.1375,16.0,5.0,0.0,0.0,1.0
2018-02-28,2,1802282,214.975245263105,5.0,-6.1375,16.0,5.0,0.0,0.0,1.0
2018-02-28,3,1802283,87.4021453051197,5.0,-6.1375,16.0,5.0,0.0,0.0,1.0
2018-02-28,4,1802284,98.3905462011422,5.0,-6.1375,16.0,5.0,0.0,0.0,1.0
2018-02-28,5,1802285,229.431198331546,5.0,-6.1375,16.0,5.0,0.0,0.0,1.0
2018-03-01,1,1803011,121.672068570646,6.0,-3.95,18.0,71.0,0.0,0.0,1.0
2018-03-01,2,1803012,202.35366431969,6.0,-3.95,18.0,71.0,0.0,0.0,1.0
2018-03-01,3,1803013,97.7527293828083,6.0,-3.95,18.0,71.0,0.0,0.0,1.0
2018-03-01,4,1803014,55.4335274645784,6.0,-3.95,18.0,71.0,0.0,0.0,1.0
2018-03-01,5,1803015,249.942030668498,6.0,-3.95,18.0,71.0,0.0,0.0,1.0
2018-03-02,1,1803021,101.712081140049,6.0,-4.9625,15.0,71.0,0.0,0.0,1.0
2018-03-02,2,1803022,216.142251827797,6.0,-4.9625,15.0,71.0,0.0,0.0,1.0
2018-03-02,3,1803023,105.959362504739,6.0,-4.9625,15.0,71.0,0.0,0.0,1.0
2018-03-02,4,1803024,84.8214422806651,6.0,-4.9625,15.0,71.0,0.0,0.0,1.0
2018-03-02,5,1803025,235.813107885023,6.0,-4.9625,15.0,71.0,0.0,0.0,1.0
2018-03-03,1,1803031,98.2415892822967,0.0,-3.4375,13.0,5.0,0.0,0.0,1.0
2018-03-03,2,1803032,297.521583609939,0.0,-3.4375,13.0,5.0,0.0,0.0,1.0
2018-03-03,3,1803033,117.066174787235,0.0,-3.4375,13.0,5.0,0.0,0.0,1.0
2018-03-03,4,1803034,117.391966771156,0.0,-3.4375,13.0,5.0,0.0,0.0,1.0
2018-03-03,5,1803035,263.877067275459,0.0,-3.4375,13.0,5.0,0.0,0.0,1.0
2018-03-04,1,1803041,71.4481254842192,5.0,-2.3125,10.0,77.0,0.0,0.0,1.0
2018-03-04,2,1803042,355.48499377795,5.0,-2.3125,10.0,77.0,0.0,0.0,1.0
2018-03-04,3,1803043,152.846041550908,5.0,-2.3125,10.0,77.0,0.0,0.0,1.0
2018-03-04,4,1803044,96.6996987260264,5.0,-2.3125,10.0,77.0,0.0,0.0,1.0
2018-03-04,5,1803045,286.911673800713,5.0,-2.3125,10.0,77.0,0.0,0.0,1.0
2018-03-05,1,1803051,119.676827681314,5.0,5.9875,7.0,10.0,0.0,0.0,1.0
2018-03-05,2,1803052,236.272835967155,5.0,5.9875,7.0,10.0,0.0,0.0,1.0
2018-03-05,3,1803053,89.9828037804588,5.0,5.9875,7.0,10.0,0.0,0.0,1.0
2018-03-05,4,1803054,90.3080530152799,5.0,5.9875,7.0,10.0,0.0,0.0,1.0
2018-03-05,5,1803055,205.928040152599,5.0,5.9875,7.0,10.0,0.0,0.0,1.0
2018-03-06,1,1803061,105.33896274036,0.0,6.4,9.0,5.0,0.0,0.0,1.0
2018-03-06,2,1803062,254.035800587078,0.0,6.4,9.0,5.0,0.0,0.0,1.0
2018-03-06,3,1803063,109.14348273407,0.0,6.4,9.0,5.0,0.0,0.0,1.0
2018-03-06,4,1803064,98.1464438577047,0.0,6.4,9.0,5.0,0.0,0.0,1.0
2018-03-06,5,1803065,213.611506320038,0.0,6.4,9.0,5.0,0.0,0.0,1.0
2018-03-07,1,1803071,96.383968298997,7.0,1.1875,6.0,71.0,0.0,0.0,1.0
2018-03-07,2,1803072,212.156610525053,7.0,1.1875,6.0,71.0,0.0,0.0,1.0
2018-03-07,3,1803073,58.9899135287265,7.0,1.1875,6.0,71.0,0.0,0.0,1.0
2018-03-07,4,1803074,71.6283051882786,7.0,1.1875,6.0,71.0,0.0,0.0,1.0
2018-03-07,5,1803075,182.067633556186,7.0,1.1875,6.0,71.0,0.0,0.0,1.0
2018-03-08,1,1803081,130.937668895181,5.0,4.4625,8.0,61.0,0.0,0.0,1.0
2018-03-08,2,1803082,225.160259530521,5.0,4.4625,8.0,61.0,0.0,0.0,1.0
2018-03-08,3,1803083,83.2089936207836,5.0,4.4625,8.0,61.0,0.0,0.0,1.0
2018-03-08,4,1803084,82.9678986697282,5.0,4.4625,8.0,61.0,0.0,0.0,1.0
2018-03-08,5,1803085,189.012172780521,5.0,4.4625,8.0,61.0,0.0,0.0,1.0
2018-03-09,1,1803091,106.190382211722,7.0,4.45,13.0,61.0,0.0,0.0,1.0
2018-03-09,2,1803092,258.288162074788,7.0,4.45,13.0,61.0,0.0,0.0,1.0
2018-03-09,3,1803093,97.9229466419983,7.0,4.45,13.0,61.0,0.0,0.0,1.0
2018-03-09,4,1803094,95.0395542961277,7.0,4.45,13.0,61.0,0.0,0.0,1.0
2018-03-09,5,1803095,195.502333176715,7.0,4.45,13.0,61.0,0.0,0.0,1.0
2018-03-10,1,1803101,151.523763464872,8.0,3.4,10.0,63.0,0.0,0.0,1.0
2018-03-10,2,1803102,344.875427188929,8.0,3.4,10.0,63.0,0.0,0.0,1.0
2018-03-10,3,1803103,147.422385237539,8.0,3.4,10.0,63.0,0.0,0.0,1.0
2018-03-10,4,1803104,94.0024445855689,8.0,3.4,10.0,63.0,0.0,0.0,1.0
2018-03-10,5,1803105,201.714896103318,8.0,3.4,10.0,63.0,0.0,0.0,1.0
2018-03-11,1,1803111,44.5141733478635,5.0,11.475,7.0,45.0,0.0,0.0,1.0
2018-03-11,2,1803112,468.830707314005,5.0,11.475,7.0,45.0,0.0,0.0,1.0
2018-03-11,3,1803113,152.278241164361,5.0,11.475,7.0,45.0,0.0,0.0,1.0
2018-03-11,4,1803114,172.938112248343,5.0,11.475,7.0,45.0,0.0,0.0,1.0
2018-03-11,5,1803115,267.915218839859,5.0,11.475,7.0,45.0,0.0,0.0,1.0
2018-03-12,1,1803121,138.141700035259,7.0,6.5375,5.0,61.0,0.0,0.0,1.0
2018-03-12,2,1803122,266.400120884102,7.0,6.5375,5.0,61.0,0.0,0.0,1.0
2018-03-12,3,1803123,110.915535990158,7.0,6.5375,5.0,61.0,0.0,0.0,1.0
2018-03-12,4,1803124,83.6944634003471,7.0,6.5375,5.0,61.0,0.0,0.0,1.0
2018-03-12,5,1803125,220.597782801046,7.0,6.5375,5.0,61.0,0.0,0.0,1.0
2018-03-13,1,1803131,126.305395778367,7.0,4.2625,12.0,61.0,0.0,0.0,1.0
2018-03-13,2,1803132,239.515590571395,7.0,4.2625,12.0,61.0,0.0,0.0,1.0
2018-03-13,3,1803133,102.435536654286,7.0,4.2625,12.0,61.0,0.0,0.0,1.0
2018-03-13,4,1803134,76.7539817727839,7.0,4.2625,12.0,61.0,0.0,0.0,1.0
2018-03-13,5,1803135,197.988523154526,7.0,4.2625,12.0,61.0,0.0,0.0,1.0
2018-03-14,1,1803141,142.741299070527,8.0,3.2,8.0,21.0,0.0,0.0,1.0
2018-03-14,2,1803142,257.454373510423,8.0,3.2,8.0,21.0,0.0,0.0,1.0
2018-03-14,3,1803143,105.0879511471,8.0,3.2,8.0,21.0,0.0,0.0,1.0
2018-03-14,4,1803144,89.713393980961,8.0,3.2,8.0,21.0,0.0,0.0,1.0
2018-03-14,5,1803145,255.003439771565,8.0,3.2,8.0,21.0,0.0,0.0,1.0
2018-03-15,1,1803151,224.024543942887,8.0,2.4625,20.0,21.0,0.0,0.0,1.0
2018-03-15,2,1803152,264.63793243552,8.0,2.4625,20.0,21.0,0.0,0.0,1.0
2018-03-15,3,1803153,118.743106582071,8.0,2.4625,20.0,21.0,0.0,0.0,1.0
2018-03-15,4,1803154,98.7191984946759,8.0,2.4625,20.0,21.0,0.0,0.0,1.0
2018-03-15,5,1803155,221.984891447054,8.0,2.4625,20.0,21.0,0.0,0.0,1.0
2018-03-16,1,1803161,169.617856126588,7.0,0.2,28.0,22.0,0.0,0.0,1.0
2018-03-16,2,1803162,272.52774706512,7.0,0.2,28.0,22.0,0.0,0.0,1.0
2018-03-16,3,1803163,110.064680058323,7.0,0.2,28.0,22.0,0.0,0.0,1.0
2018-03-16,4,1803164,76.6902811720118,7.0,0.2,28.0,22.0,0.0,0.0,1.0
2018-03-16,5,1803165,242.7509816604,7.0,0.2,28.0,22.0,0.0,0.0,1.0
2018-03-17,1,1803171,192.571863723155,5.0,-2.225,29.0,73.0,0.0,0.0,1.0
2018-03-17,2,1803172,352.921012446784,5.0,-2.225,29.0,73.0,0.0,0.0,1.0
2018-03-17,3,1803173,171.650294233054,5.0,-2.225,29.0,73.0,0.0,0.0,1.0
2018-03-17,4,1803174,64.1508597754103,5.0,-2.225,29.0,73.0,0.0,0.0,1.0
2018-03-17,5,1803175,203.14351149049,5.0,-2.225,29.0,73.0,0.0,0.0,1.0
2018-03-18,1,1803181,140.587952269619,1.0,-0.825,23.0,5.0,0.0,0.0,1.0
2018-03-18,2,1803182,395.068317377811,1.0,-0.825,23.0,5.0,0.0,0.0,1.0
2018-03-18,3,1803183,218.278423946226,1.0,-0.825,23.0,5.0,0.0,0.0,1.0
2018-03-18,4,1803184,209.019623528428,1.0,-0.825,23.0,5.0,0.0,0.0,1.0
2018-03-18,5,1803185,262.350248482655,1.0,-0.825,23.0,5.0,0.0,0.0,1.0
2018-03-19,1,1803191,168.789051955079,0.0,2.3,8.0,5.0,0.0,0.0,1.0
2018-03-19,2,1803192,249.139377250402,0.0,2.3,8.0,5.0,0.0,0.0,1.0
2018-03-19,3,1803193,111.562496126809,0.0,2.3,8.0,5.0,0.0,0.0,1.0
2018-03-19,4,1803194,96.1022154960397,0.0,2.3,8.0,5.0,0.0,0.0,1.0
2018-03-19,5,1803195,215.890548537278,0.0,2.3,8.0,5.0,0.0,0.0,1.0
2018-03-20,1,1803201,135.231062535176,0.0,4.2125,17.0,5.0,0.0,0.0,1.0
2018-03-20,2,1803202,243.391831960934,0.0,4.2125,17.0,5.0,0.0,0.0,1.0
2018-03-20,3,1803203,135.147672004628,0.0,4.2125,17.0,5.0,0.0,0.0,1.0
2018-03-20,4,1803204,100.405435136907,0.0,4.2125,17.0,5.0,0.0,0.0,1.0
2018-03-20,5,1803205,226.916512446396,0.0,4.2125,17.0,5.0,0.0,0.0,1.0
2018-03-21,1,1803211,120.262742064374,7.0,4.7,13.0,22.0,0.0,0.0,1.0
2018-03-21,2,1803212,264.897919889193,7.0,4.7,13.0,22.0,0.0,0.0,1.0
2018-03-21,3,1803213,120.866245259918,7.0,4.7,13.0,22.0,0.0,0.0,1.0
2018-03-21,4,1803214,83.9100040755261,7.0,4.7,13.0,22.0,0.0,0.0,1.0
2018-03-21,5,1803215,242.602189044112,7.0,4.7,13.0,22.0,0.0,0.0,1.0
2018-03-22,1,1803221,140.605808619442,8.0,5.7625,11.0,61.0,0.0,0.0,1.0
2018-03-22,2,1803222,286.146708215532,8.0,5.7625,11.0,61.0,0.0,0.0,1.0
2018-03-22,3,1803223,81.2345737319614,8.0,5.7625,11.0,61.0,0.0,0.0,1.0
2018-03-22,4,1803224,86.4838236394023,8.0,5.7625,11.0,61.0,0.0,0.0,1.0
2018-03-22,5,1803225,215.868776994947,8.0,5.7625,11.0,61.0,0.0,0.0,1.0
2018-03-23,1,1803231,135.226761513192,8.0,4.425,5.0,22.0,0.0,0.0,1.0
2018-03-23,2,1803232,251.990645856418,8.0,4.425,5.0,22.0,0.0,0.0,1.0
2018-03-23,3,1803233,98.8346334805017,8.0,4.425,5.0,22.0,0.0,0.0,1.0
2018-03-23,4,1803234,69.788941651605,8.0,4.425,5.0,22.0,0.0,0.0,1.0
2018-03-23,5,1803235,230.196960739213,8.0,4.425,5.0,22.0,0.0,0.0,1.0
2018-03-24,1,1803241,175.533882075808,7.0,7.125,4.0,5.0,0.0,0.0,1.0
2018-03-24,2,1803242,361.417262752534,7.0,7.125,4.0,5.0,0.0,0.0,1.0
2018-03-24,3,1803243,154.110947275411,7.0,7.125,4.0,5.0,0.0,0.0,1.0
2018-03-24,4,1803244,84.0343116968659,7.0,7.125,4.0,5.0,0.0,0.0,1.0
2018-03-24,5,1803245,201.490019493749,7.0,7.125,4.0,5.0,0.0,0.0,1.0
2018-03-25,1,1803251,72.1396206051801,7.0,7.625,6.0,0.0,0.0,0.0,1.0
2018-03-25,2,1803252,465.691877805272,7.0,7.625,6.0,0.0,0.0,0.0,1.0
2018-03-25,3,1803253,208.866499162987,7.0,7.625,6.0,0.0,0.0,0.0,1.0
2018-03-25,4,1803254,85.7336191118162,7.0,7.625,6.0,0.0,0.0,0.0,1.0
2018-03-25,5,1803255,231.915629885485,7.0,7.625,6.0,0.0,0.0,0.0,1.0
2018-03-26,1,1803261,148.365363810161,7.0,5.0375,8.0,61.0,0.0,0.0,1.0
2018-03-26,2,1803262,248.389926934171,7.0,5.0375,8.0,61.0,0.0,0.0,1.0
2018-03-26,3,1803263,113.584723945565,7.0,5.0375,8.0,61.0,0.0,0.0,1.0
2018-03-26,4,1803264,92.1446653918573,7.0,5.0375,8.0,61.0,0.0,0.0,1.0
2018-03-26,5,1803265,242.926355752525,7.0,5.0375,8.0,61.0,0.0,0.0,1.0
2018-03-27,1,1803271,156.722306258184,7.0,5.325,9.0,10.0,0.0,0.0,1.0
2018-03-27,2,1803272,319.986633093005,7.0,5.325,9.0,10.0,0.0,0.0,1.0
2018-03-27,3,1803273,134.758232554012,7.0,5.325,9.0,10.0,0.0,0.0,1.0
2018-03-27,4,1803274,112.154795801317,7.0,5.325,9.0,10.0,0.0,0.0,1.0
2018-03-27,5,1803275,282.924196587538,7.0,5.325,9.0,10.0,0.0,0.0,1.0
2018-03-28,1,1803281,136.183415192499,7.0,3.725,14.0,61.0,0.0,0.0,1.0
2018-03-28,2,1803282,320.429111502574,7.0,3.725,14.0,61.0,0.0,0.0,1.0
2018-03-28,3,1803283,142.200717815043,7.0,3.725,14.0,61.0,0.0,0.0,1.0
2018-03-28,4,1803284,95.4414203350383,7.0,3.725,14.0,61.0,0.0,0.0,1.0
2018-03-28,5,1803285,283.799868237831,7.0,3.725,14.0,61.0,0.0,0.0,1.0
2018-03-29,1,1803291,369.627890205243,7.0,0.9,8.0,71.0,0.0,1.0,1.0
2018-03-29,2,1803292,405.947276337579,7.0,0.9,8.0,71.0,0.0,1.0,1.0
2018-03-29,3,1803293,266.201304515727,7.0,0.9,8.0,71.0,0.0,1.0,1.0
2018-03-29,4,1803294,80.8223522620618,7.0,0.9,8.0,71.0,0.0,1.0,1.0
2018-03-29,5,1803295,330.612859203759,7.0,0.9,8.0,71.0,0.0,1.0,1.0
2018-03-30,1,1803301,,1.0,3.225,13.0,5.0,0.0,1.0,1.0
2018-03-30,2,1803302,,1.0,3.225,13.0,5.0,0.0,1.0,1.0
2018-03-30,3,1803303,,1.0,3.225,13.0,5.0,0.0,1.0,1.0
2018-03-30,4,1803304,,1.0,3.225,13.0,5.0,0.0,1.0,1.0
2018-03-30,5,1803305,,1.0,3.225,13.0,5.0,0.0,1.0,1.0
2018-03-31,1,1803311,416.788764354814,7.0,2.225,17.0,5.0,0.0,1.0,1.0
2018-03-31,2,1803312,558.629402301118,7.0,2.225,17.0,5.0,0.0,1.0,1.0
2018-03-31,3,1803313,320.93474056584,7.0,2.225,17.0,5.0,0.0,1.0,1.0
2018-03-31,4,1803314,85.3647858513557,7.0,2.225,17.0,5.0,0.0,1.0,1.0
2018-03-31,5,1803315,270.269527122251,7.0,2.225,17.0,5.0,0.0,1.0,1.0
2018-04-01,1,1804011,68.2964647517978,6.0,2.525,9.0,71.0,0.0,1.0,1.0
2018-04-01,2,1804012,565.619466834902,6.0,2.525,9.0,71.0,0.0,1.0,1.0
2018-04-01,3,1804013,197.338187512788,6.0,2.525,9.0,71.0,0.0,1.0,1.0
2018-04-01,4,1804014,97.0547486434187,6.0,2.525,9.0,71.0,0.0,1.0,1.0
2018-04-01,5,1804015,263.582763455614,6.0,2.525,9.0,71.0,0.0,1.0,1.0
2018-04-02,1,1804021,43.200364814703,5.0,6.1,8.0,5.0,0.0,1.0,1.0
2018-04-02,2,1804022,478.260628613686,5.0,6.1,8.0,5.0,0.0,1.0,1.0
2018-04-02,3,1804023,177.680679602538,5.0,6.1,8.0,5.0,0.0,1.0,1.0
2018-04-02,4,1804024,100.34599611598,5.0,6.1,8.0,5.0,0.0,1.0,1.0
2018-04-02,5,1804025,270.977679806865,5.0,6.1,8.0,5.0,0.0,1.0,1.0
2018-04-03,1,1804031,135.724585456051,7.0,11.775,9.0,61.0,0.0,1.0,1.0
2018-04-03,2,1804032,312.042414825353,7.0,11.775,9.0,61.0,0.0,1.0,1.0
2018-04-03,3,1804033,134.195889670285,7.0,11.775,9.0,61.0,0.0,1.0,1.0
2018-04-03,4,1804034,56.2206582497111,7.0,11.775,9.0,61.0,0.0,1.0,1.0
2018-04-03,5,1804035,236.545418753633,7.0,11.775,9.0,61.0,0.0,1.0,1.0
2018-04-04,1,1804041,115.932994804965,4.0,13.2125,9.0,61.0,0.0,1.0,1.0
2018-04-04,2,1804042,318.450089970881,4.0,13.2125,9.0,61.0,0.0,1.0,1.0
2018-04-04,3,1804043,149.720896578779,4.0,13.2125,9.0,61.0,0.0,1.0,1.0
2018-04-04,4,1804044,71.3942240197333,4.0,13.2125,9.0,61.0,0.0,1.0,1.0
2018-04-04,5,1804045,215.959999638322,4.0,13.2125,9.0,61.0,0.0,1.0,1.0
2018-04-05,1,1804051,97.8634527844016,7.0,8.6625,19.0,61.0,0.0,1.0,1.0
2018-04-05,2,1804052,315.005855981421,7.0,8.6625,19.0,61.0,0.0,1.0,1.0
2018-04-05,3,1804053,130.1869039827,7.0,8.6625,19.0,61.0,0.0,1.0,1.0
2018-04-05,4,1804054,116.061737135078,7.0,8.6625,19.0,61.0,0.0,1.0,1.0
2018-04-05,5,1804055,217.819515040088,7.0,8.6625,19.0,61.0,0.0,1.0,1.0
2018-04-06,1,1804061,118.206081571449,1.0,9.9875,10.0,5.0,0.0,1.0,1.0
2018-04-06,2,1804062,312.39812192018,1.0,9.9875,10.0,5.0,0.0,1.0,1.0
2018-04-06,3,1804063,89.1787904729072,1.0,9.9875,10.0,5.0,0.0,1.0,1.0
2018-04-06,4,1804064,76.3658031199746,1.0,9.9875,10.0,5.0,0.0,1.0,1.0
2018-04-06,5,1804065,248.785256269089,1.0,9.9875,10.0,5.0,0.0,1.0,1.0
2018-04-07,1,1804071,145.347521013483,0.0,14.75,9.0,5.0,0.0,1.0,1.0
2018-04-07,2,1804072,383.944589381035,0.0,14.75,9.0,5.0,0.0,1.0,1.0
2018-04-07,3,1804073,159.814274148038,0.0,14.75,9.0,5.0,0.0,1.0,1.0
2018-04-07,4,1804074,67.2360702223367,0.0,14.75,9.0,5.0,0.0,1.0,1.0
2018-04-07,5,1804075,222.520615126852,0.0,14.75,9.0,5.0,0.0,1.0,1.0
2018-04-08,1,1804081,70.9108032083961,0.0,20.5,5.0,5.0,0.0,1.0,1.0
2018-04-08,2,1804082,415.820715662082,0.0,20.5,5.0,5.0,0.0,1.0,1.0
2018-04-08,3,1804083,168.643369475226,0.0,20.5,5.0,5.0,0.0,1.0,1.0
2018-04-08,4,1804084,104.245605098994,0.0,20.5,5.0,5.0,0.0,1.0,1.0
2018-04-08,5,1804085,267.882276884597,0.0,20.5,5.0,5.0,0.0,1.0,1.0
2018-04-09,1,1804091,100.975591763884,5.0,15.3125,9.0,5.0,0.0,1.0,1.0
2018-04-09,2,1804092,249.686623696506,5.0,15.3125,9.0,5.0,0.0,1.0,1.0
2018-04-09,3,1804093,125.791596759514,5.0,15.3125,9.0,5.0,0.0,1.0,1.0
2018-04-09,4,1804094,78.1382370856774,5.0,15.3125,9.0,5.0,0.0,1.0,1.0
2018-04-09,5,1804095,153.657833070877,5.0,15.3125,9.0,5.0,0.0,1.0,1.0
2018-04-10,1,1804101,116.487322952139,8.0,5.1625,21.0,10.0,0.0,1.0,1.0
2018-04-10,2,1804102,260.819089537144,8.0,5.1625,21.0,10.0,0.0,1.0,1.0
2018-04-10,3,1804103,84.0497181533496,8.0,5.1625,21.0,10.0,0.0,1.0,1.0
2018-04-10,4,1804104,73.1091348853163,8.0,5.1625,21.0,10.0,0.0,1.0,1.0
2018-04-10,5,1804105,203.766868959048,8.0,5.1625,21.0,10.0,0.0,1.0,1.0
2018-04-11,1,1804111,82.0268234172204,8.0,4.7125,22.0,10.0,0.0,1.0,1.0
2018-04-11,2,1804112,265.209949346623,8.0,4.7125,22.0,10.0,0.0,1.0,1.0
2018-04-11,3,1804113,68.0245101155979,8.0,4.7125,22.0,10.0,0.0,1.0,1.0
2018-04-11,4,1804114,82.3162867708556,8.0,4.7125,22.0,10.0,0.0,1.0,1.0
2018-04-11,5,1804115,171.056870421619,8.0,4.7125,22.0,10.0,0.0,1.0,1.0
2018-04-12,1,1804121,136.188054778093,5.0,7.975,19.0,5.0,0.0,1.0,1.0
2018-04-12,2,1804122,264.416254452541,5.0,7.975,19.0,5.0,0.0,1.0,1.0
2018-04-12,3,1804123,116.462621342462,5.0,7.975,19.0,5.0,0.0,1.0,1.0
2018-04-12,4,1804124,73.6791972698499,5.0,7.975,19.0,5.0,0.0,1.0,1.0
2018-04-12,5,1804125,223.249442642863,5.0,7.975,19.0,5.0,0.0,1.0,1.0
2018-04-13,1,1804131,91.9470794074567,6.0,8.7125,15.0,61.0,0.0,1.0,1.0
2018-04-13,2,1804132,294.37042763429,6.0,8.7125,15.0,61.0,0.0,1.0,1.0
2018-04-13,3,1804133,116.896382935008,6.0,8.7125,15.0,61.0,0.0,1.0,1.0
2018-04-13,4,1804134,80.1637568854653,6.0,8.7125,15.0,61.0,0.0,1.0,1.0
2018-04-13,5,1804135,198.043150591306,6.0,8.7125,15.0,61.0,0.0,1.0,1.0
2018-04-14,1,1804141,166.908303338313,8.0,7.675,10.0,61.0,0.0,0.0,1.0
2018-04-14,2,1804142,394.455565705861,8.0,7.675,10.0,61.0,0.0,0.0,1.0
2018-04-14,3,1804143,161.090096394738,8.0,7.675,10.0,61.0,0.0,0.0,1.0
2018-04-14,4,1804144,102.451367723374,8.0,7.675,10.0,61.0,0.0,0.0,1.0
2018-04-14,5,1804145,263.225763727737,8.0,7.675,10.0,61.0,0.0,0.0,1.0
2018-04-15,1,1804151,94.7804910054962,8.0,9.5375,7.0,61.0,0.0,0.0,1.0
2018-04-15,2,1804152,378.03239167251,8.0,9.5375,7.0,61.0,0.0,0.0,1.0
2018-04-15,3,1804153,186.885741611071,8.0,9.5375,7.0,61.0,0.0,0.0,1.0
2018-04-15,4,1804154,82.5239002813353,8.0,9.5375,7.0,61.0,0.0,0.0,1.0
2018-04-15,5,1804155,235.556437070098,8.0,9.5375,7.0,61.0,0.0,0.0,1.0
2018-04-16,1,1804161,120.530309652016,2.0,13.875,8.0,63.0,0.0,0.0,1.0
2018-04-16,2,1804162,251.86150880934,2.0,13.875,8.0,63.0,0.0,0.0,1.0
2018-04-16,3,1804163,105.949717840042,2.0,13.875,8.0,63.0,0.0,0.0,1.0
2018-04-16,4,1804164,78.0809616386278,2.0,13.875,8.0,63.0,0.0,0.0,1.0
2018-04-16,5,1804165,213.050037060665,2.0,13.875,8.0,63.0,0.0,0.0,1.0
2018-04-17,1,1804171,101.387635071749,0.0,15.25,11.0,0.0,0.0,0.0,1.0
2018-04-17,2,1804172,252.852741125448,0.0,15.25,11.0,0.0,0.0,0.0,1.0
2018-04-17,3,1804173,86.2289874951019,0.0,15.25,11.0,0.0,0.0,0.0,1.0
2018-04-17,4,1804174,81.6569740976316,0.0,15.25,11.0,0.0,0.0,0.0,1.0
2018-04-17,5,1804175,202.378883868381,0.0,15.25,11.0,0.0,0.0,0.0,1.0
2018-04-18,1,1804181,93.6448450690126,1.0,20.35,11.0,0.0,0.0,0.0,1.0
2018-04-18,2,1804182,232.140071311389,1.0,20.35,11.0,0.0,0.0,0.0,1.0
2018-04-18,3,1804183,107.558608889038,1.0,20.35,11.0,0.0,0.0,0.0,1.0
2018-04-18,4,1804184,50.2291843439468,1.0,20.35,11.0,0.0,0.0,0.0,1.0
2018-04-18,5,1804185,200.090727495338,1.0,20.35,11.0,0.0,0.0,0.0,1.0
2018-04-19,1,1804191,109.1997780181,0.0,23.1125,5.0,0.0,0.0,0.0,1.0
2018-04-19,2,1804192,257.136685047883,0.0,23.1125,5.0,0.0,0.0,0.0,1.0
2018-04-19,3,1804193,103.383705990961,0.0,23.1125,5.0,0.0,0.0,0.0,1.0
2018-04-19,4,1804194,81.3062483274968,0.0,23.1125,5.0,0.0,0.0,0.0,1.0
2018-04-19,5,1804195,140.220852536364,0.0,23.1125,5.0,0.0,0.0,0.0,1.0
2018-04-20,1,1804201,89.8024722034331,0.0,24.375,13.0,0.0,0.0,0.0,1.0
2018-04-20,2,1804202,284.556075116244,0.0,24.375,13.0,0.0,0.0,0.0,1.0
2018-04-20,3,1804203,106.920285015064,0.0,24.375,13.0,0.0,0.0,0.0,1.0
2018-04-20,4,1804204,57.9976096157903,0.0,24.375,13.0,0.0,0.0,0.0,1.0
2018-04-20,5,1804205,182.180586581755,0.0,24.375,13.0,0.0,0.0,0.0,1.0
2018-04-21,1,1804211,144.90805943254,1.0,15.6625,10.0,5.0,0.0,0.0,1.0
2018-04-21,2,1804212,408.921130435705,1.0,15.6625,10.0,5.0,0.0,0.0,1.0
2018-04-21,3,1804213,176.417147453327,1.0,15.6625,10.0,5.0,0.0,0.0,1.0
2018-04-21,4,1804214,86.0834321468145,1.0,15.6625,10.0,5.0,0.0,0.0,1.0
2018-04-21,5,1804215,298.808866402928,1.0,15.6625,10.0,5.0,0.0,0.0,1.0
2018-04-22,1,1804221,68.3301534203764,1.0,14.525,11.0,5.0,0.0,0.0,1.0
2018-04-22,2,1804222,415.886839438665,1.0,14.525,11.0,5.0,0.0,0.0,1.0
2018-04-22,3,1804223,199.765079950102,1.0,14.525,11.0,5.0,0.0,0.0,1.0
2018-04-22,4,1804224,99.4218470990722,1.0,14.525,11.0,5.0,0.0,0.0,1.0
2018-04-22,5,1804225,245.414177438254,1.0,14.525,11.0,5.0,0.0,0.0,1.0
2018-04-23,1,1804231,89.8268678476001,4.0,14.4,18.0,5.0,0.0,0.0,1.0
2018-04-23,2,1804232,242.796752484443,4.0,14.4,18.0,5.0,0.0,0.0,1.0
2018-04-23,3,1804233,101.819986447604,4.0,14.4,18.0,5.0,0.0,0.0,1.0
2018-04-23,4,1804234,77.4251237644108,4.0,14.4,18.0,5.0,0.0,0.0,1.0
2018-04-23,5,1804235,177.841349200267,4.0,14.4,18.0,5.0,0.0,0.0,1.0
2018-04-24,1,1804241,97.0271023646392,5.0,12.0875,21.0,61.0,0.0,0.0,1.0
2018-04-24,2,1804242,227.77136388796,5.0,12.0875,21.0,61.0,0.0,0.0,1.0
2018-04-24,3,1804243,85.091875213209,5.0,12.0875,21.0,61.0,0.0,0.0,1.0
2018-04-24,4,1804244,61.4083901285691,5.0,12.0875,21.0,61.0,0.0,0.0,1.0
2018-04-24,5,1804245,175.701807663398,5.0,12.0875,21.0,61.0,0.0,0.0,1.0
2018-04-25,1,1804251,68.0325664897455,7.0,9.25,13.0,61.0,0.0,0.0,1.0
2018-04-25,2,1804252,226.475975087735,7.0,9.25,13.0,61.0,0.0,0.0,1.0
2018-04-25,3,1804253,93.3246428158012,7.0,9.25,13.0,61.0,0.0,0.0,1.0
2018-04-25,4,1804254,96.4352584158038,7.0,9.25,13.0,61.0,0.0,0.0,1.0
2018-04-25,5,1804255,234.758451361668,7.0,9.25,13.0,61.0,0.0,0.0,1.0
2018-04-26,1,1804261,132.024346180966,6.0,11.0875,18.0,61.0,0.0,0.0,1.0
2018-04-26,2,1804262,250.827444514035,6.0,11.0875,18.0,61.0,0.0,0.0,1.0
2018-04-26,3,1804263,122.068213454324,6.0,11.0875,18.0,61.0,0.0,0.0,1.0
2018-04-26,4,1804264,80.7793766515759,6.0,11.0875,18.0,61.0,0.0,0.0,1.0
2018-04-26,5,1804265,240.164133625422,6.0,11.0875,18.0,61.0,0.0,0.0,1.0
2018-04-27,1,1804271,64.0736168057245,5.0,13.0875,8.0,0.0,0.0,0.0,1.0
2018-04-27,2,1804272,274.430260100151,5.0,13.0875,8.0,0.0,0.0,0.0,1.0
2018-04-27,3,1804273,112.291104909384,5.0,13.0875,8.0,0.0,0.0,0.0,1.0
2018-04-27,4,1804274,55.0771828740384,5.0,13.0875,8.0,0.0,0.0,0.0,1.0
2018-04-27,5,1804275,217.325667179962,5.0,13.0875,8.0,0.0,0.0,0.0,1.0
2018-04-28,1,1804281,145.377113487886,7.0,14.65,8.0,61.0,0.0,0.0,1.0
2018-04-28,2,1804282,380.254223726818,7.0,14.65,8.0,61.0,0.0,0.0,1.0
2018-04-28,3,1804283,137.327350130029,7.0,14.65,8.0,61.0,0.0,0.0,1.0
2018-04-28,4,1804284,81.8710121370348,7.0,14.65,8.0,61.0,0.0,0.0,1.0
2018-04-28,5,1804285,245.17884644276,7.0,14.65,8.0,61.0,0.0,0.0,1.0
2018-04-29,1,1804291,112.634849007942,7.0,8.875,9.0,21.0,0.0,0.0,1.0
2018-04-29,2,1804292,426.447905063896,7.0,8.875,9.0,21.0,0.0,0.0,1.0
2018-04-29,3,1804293,179.139454299962,7.0,8.875,9.0,21.0,0.0,0.0,1.0
2018-04-29,4,1804294,117.881439779767,7.0,8.875,9.0,21.0,0.0,0.0,1.0
2018-04-29,5,1804295,404.964539261423,7.0,8.875,9.0,21.0,0.0,0.0,1.0
2018-04-30,1,1804301,152.280472407717,7.0,11.55,10.0,95.0,0.0,1.0,1.0
2018-04-30,2,1804302,426.918397900034,7.0,11.55,10.0,95.0,0.0,1.0,1.0
2018-04-30,3,1804303,127.919448209593,7.0,11.55,10.0,95.0,0.0,1.0,1.0
2018-04-30,4,1804304,79.2518033997529,7.0,11.55,10.0,95.0,0.0,1.0,1.0
2018-04-30,5,1804305,349.222530501407,7.0,11.55,10.0,95.0,0.0,1.0,1.0
2018-05-01,1,1805011,,7.0,6.9875,13.0,63.0,0.0,0.0,1.0
2018-05-01,2,1805012,,7.0,6.9875,13.0,63.0,0.0,0.0,1.0
2018-05-01,3,1805013,,7.0,6.9875,13.0,63.0,0.0,0.0,1.0
2018-05-01,4,1805014,,7.0,6.9875,13.0,63.0,0.0,0.0,1.0
2018-05-01,5,1805015,,7.0,6.9875,13.0,63.0,0.0,0.0,1.0
2018-05-02,1,1805021,114.081337561043,1.0,14.725,9.0,5.0,0.0,0.0,1.0
2018-05-02,2,1805022,282.298347814055,1.0,14.725,9.0,5.0,0.0,0.0,1.0
2018-05-02,3,1805023,133.16692373125,1.0,14.725,9.0,5.0,0.0,0.0,1.0
2018-05-02,4,1805024,75.4233707731506,1.0,14.725,9.0,5.0,0.0,0.0,1.0
2018-05-02,5,1805025,206.162037259434,1.0,14.725,9.0,5.0,0.0,0.0,1.0
2018-05-03,1,1805031,123.975160122456,1.0,12.5,14.0,0.0,0.0,0.0,1.0
2018-05-03,2,1805032,286.817443390217,1.0,12.5,14.0,0.0,0.0,0.0,1.0
2018-05-03,3,1805033,118.845410091562,1.0,12.5,14.0,0.0,0.0,0.0,1.0
2018-05-03,4,1805034,62.2496029445585,1.0,12.5,14.0,0.0,0.0,0.0,1.0
2018-05-03,5,1805035,211.877965418872,1.0,12.5,14.0,0.0,0.0,0.0,1.0
2018-05-04,1,1805041,98.2938513417318,0.0,12.1875,10.0,5.0,0.0,0.0,1.0
2018-05-04,2,1805042,296.771076281258,0.0,12.1875,10.0,5.0,0.0,0.0,1.0
2018-05-04,3,1805043,114.107429476625,0.0,12.1875,10.0,5.0,0.0,0.0,1.0
2018-05-04,4,1805044,92.6837079237316,0.0,12.1875,10.0,5.0,0.0,0.0,1.0
2018-05-04,5,1805045,248.601470830409,0.0,12.1875,10.0,5.0,0.0,0.0,1.0
2018-05-05,1,1805051,127.687524931524,0.0,14.75,9.0,5.0,0.0,0.0,1.0
2018-05-05,2,1805052,335.749134831014,0.0,14.75,9.0,5.0,0.0,0.0,1.0
2018-05-05,3,1805053,152.122844865004,0.0,14.75,9.0,5.0,0.0,0.0,1.0
2018-05-05,4,1805054,74.5568363291691,0.0,14.75,9.0,5.0,0.0,0.0,1.0
2018-05-05,5,1805055,302.514155462507,0.0,14.75,9.0,5.0,0.0,0.0,1.0
2018-05-06,1,1805061,56.2258188093528,0.0,18.9125,10.0,5.0,0.0,0.0,1.0
2018-05-06,2,1805062,376.939801196948,0.0,18.9125,10.0,5.0,0.0,0.0,1.0
2018-05-06,3,1805063,204.554039945282,0.0,18.9125,10.0,5.0,0.0,0.0,1.0
2018-05-06,4,1805064,117.972407381309,0.0,18.9125,10.0,5.0,0.0,0.0,1.0
2018-05-06,5,1805065,203.180786094859,0.0,18.9125,10.0,5.0,0.0,0.0,1.0
2018-05-07,1,1805071,134.486983298219,0.0,20.825,11.0,0.0,0.0,0.0,1.0
2018-05-07,2,1805072,332.993115402227,0.0,20.825,11.0,0.0,0.0,0.0,1.0
2018-05-07,3,1805073,149.514220844308,0.0,20.825,11.0,0.0,0.0,0.0,1.0
2018-05-07,4,1805074,65.4915225744896,0.0,20.825,11.0,0.0,0.0,0.0,1.0
2018-05-07,5,1805075,191.151457196548,0.0,20.825,11.0,0.0,0.0,0.0,1.0
2018-05-08,1,1805081,118.423159794704,0.0,22.3875,14.0,5.0,0.0,0.0,1.0
2018-05-08,2,1805082,334.044910217472,0.0,22.3875,14.0,5.0,0.0,0.0,1.0
2018-05-08,3,1805083,178.326054614077,0.0,22.3875,14.0,5.0,0.0,0.0,1.0
2018-05-08,4,1805084,101.61089470953,0.0,22.3875,14.0,5.0,0.0,0.0,1.0
2018-05-08,5,1805085,239.071406039709,0.0,22.3875,14.0,5.0,0.0,0.0,1.0
2018-05-09,1,1805091,147.863208010494,0.0,23.3,12.0,5.0,0.0,0.0,1.0
2018-05-09,2,1805092,366.594614774152,0.0,23.3,12.0,5.0,0.0,0.0,1.0
2018-05-09,3,1805093,150.040549196134,0.0,23.3,12.0,5.0,0.0,0.0,1.0
2018-05-09,4,1805094,77.170452622622,0.0,23.3,12.0,5.0,0.0,0.0,1.0
2018-05-09,5,1805095,257.128869229207,0.0,23.3,12.0,5.0,0.0,0.0,1.0
2018-05-10,1,1805101,65.3700130129915,5.0,20.525,9.0,95.0,0.0,0.0,1.0
2018-05-10,2,1805102,499.73501307086,5.0,20.525,9.0,95.0,0.0,0.0,1.0
2018-05-10,3,1805103,213.620643844729,5.0,20.525,9.0,95.0,0.0,0.0,1.0
2018-05-10,4,1805104,85.5160842400277,5.0,20.525,9.0,95.0,0.0,0.0,1.0
2018-05-10,5,1805105,301.198360686431,5.0,20.525,9.0,95.0,0.0,0.0,1.0
2018-05-11,1,1805111,206.81195059122,1.0,15.1,8.0,95.0,0.0,0.0,1.0
2018-05-11,2,1805112,494.269116265157,1.0,15.1,8.0,95.0,0.0,0.0,1.0
2018-05-11,3,1805113,239.477710150464,1.0,15.1,8.0,95.0,0.0,0.0,1.0
2018-05-11,4,1805114,84.6257280971586,1.0,15.1,8.0,95.0,0.0,0.0,1.0
2018-05-11,5,1805115,283.014844834372,1.0,15.1,8.0,95.0,0.0,0.0,1.0
2018-05-12,1,1805121,150.026139523841,5.0,17.3375,10.0,0.0,0.0,0.0,1.0
2018-05-12,2,1805122,603.336444489448,5.0,17.3375,10.0,0.0,0.0,0.0,1.0
2018-05-12,3,1805123,287.096782778773,5.0,17.3375,10.0,0.0,0.0,0.0,1.0
2018-05-12,4,1805124,94.1739600656155,5.0,17.3375,10.0,0.0,0.0,0.0,1.0
2018-05-12,5,1805125,279.270036711318,5.0,17.3375,10.0,0.0,0.0,0.0,1.0
2018-05-13,1,1805131,86.0125611140966,2.0,17.25,12.0,10.0,0.0,0.0,1.0
2018-05-13,2,1805132,569.357169583136,2.0,17.25,12.0,10.0,0.0,0.0,1.0
2018-05-13,3,1805133,283.683773802826,2.0,17.25,12.0,10.0,0.0,0.0,1.0
2018-05-13,4,1805134,80.0259008484754,2.0,17.25,12.0,10.0,0.0,0.0,1.0
2018-05-13,5,1805135,292.453462601628,2.0,17.25,12.0,10.0,0.0,0.0,1.0
2018-05-14,1,1805141,98.758369396784,0.0,18.8875,11.0,5.0,0.0,0.0,1.0
2018-05-14,2,1805142,300.112315547696,0.0,18.8875,11.0,5.0,0.0,0.0,1.0
2018-05-14,3,1805143,109.487563951608,0.0,18.8875,11.0,5.0,0.0,0.0,1.0
2018-05-14,4,1805144,53.6251718774275,0.0,18.8875,11.0,5.0,0.0,0.0,1.0
2018-05-14,5,1805145,256.374272515731,0.0,18.8875,11.0,5.0,0.0,0.0,1.0
2018-05-15,1,1805151,98.0353644636131,0.0,18.0,9.0,0.0,0.0,0.0,1.0
2018-05-15,2,1805152,317.256749063426,0.0,18.0,9.0,0.0,0.0,0.0,1.0
2018-05-15,3,1805153,128.242788342459,0.0,18.0,9.0,0.0,0.0,0.0,1.0
2018-05-15,4,1805154,57.3572122605313,0.0,18.0,9.0,0.0,0.0,0.0,1.0
2018-05-15,5,1805155,237.920001987091,0.0,18.0,9.0,0.0,0.0,0.0,1.0
2018-05-16,1,1805161,73.5620132092815,5.0,20.5625,13.0,21.0,0.0,0.0,1.0
2018-05-16,2,1805162,290.487638319958,5.0,20.5625,13.0,21.0,0.0,0.0,1.0
2018-05-16,3,1805163,117.19208049046,5.0,20.5625,13.0,21.0,0.0,0.0,1.0
2018-05-16,4,1805164,37.6694699883667,5.0,20.5625,13.0,21.0,0.0,0.0,1.0
2018-05-16,5,1805165,200.828305480515,5.0,20.5625,13.0,21.0,0.0,0.0,1.0
2018-05-17,1,1805171,129.846043854855,3.0,15.2875,10.0,5.0,0.0,0.0,1.0
2018-05-17,2,1805172,335.998442417482,3.0,15.2875,10.0,5.0,0.0,0.0,1.0
2018-05-17,3,1805173,143.116719553358,3.0,15.2875,10.0,5.0,0.0,0.0,1.0
2018-05-17,4,1805174,73.6990571896891,3.0,15.2875,10.0,5.0,0.0,0.0,1.0
2018-05-17,5,1805175,208.662279549737,3.0,15.2875,10.0,5.0,0.0,0.0,1.0
2018-05-18,1,1805181,127.204797376274,7.0,14.75,9.0,0.0,0.0,0.0,1.0
2018-05-18,2,1805182,287.728335701492,7.0,14.75,9.0,0.0,0.0,0.0,1.0
2018-05-18,3,1805183,128.828507929134,7.0,14.75,9.0,0.0,0.0,0.0,1.0
2018-05-18,4,1805184,68.1714940213294,7.0,14.75,9.0,0.0,0.0,0.0,1.0
2018-05-18,5,1805185,252.589701591671,7.0,14.75,9.0,0.0,0.0,0.0,1.0
2018-05-19,1,1805191,169.221578127274,6.0,14.9125,8.0,0.0,0.0,0.0,1.0
2018-05-19,2,1805192,496.293121281773,6.0,14.9125,8.0,0.0,0.0,0.0,1.0
2018-05-19,3,1805193,223.624171765277,6.0,14.9125,8.0,0.0,0.0,0.0,1.0
2018-05-19,4,1805194,77.9819906254498,6.0,14.9125,8.0,0.0,0.0,0.0,1.0
2018-05-19,5,1805195,325.731571782838,6.0,14.9125,8.0,0.0,0.0,0.0,1.0
2018-05-20,1,1805201,107.80986732414,0.0,18.9,13.0,5.0,0.0,0.0,1.0
2018-05-20,2,1805202,612.504912138074,0.0,18.9,13.0,5.0,0.0,0.0,1.0
2018-05-20,3,1805203,305.100783157298,0.0,18.9,13.0,5.0,0.0,0.0,1.0
2018-05-20,4,1805204,65.4187870817839,0.0,18.9,13.0,5.0,0.0,0.0,1.0
2018-05-20,5,1805205,330.380607140183,0.0,18.9,13.0,5.0,0.0,0.0,1.0
2018-05-21,1,1805211,,0.0,18.5125,16.0,5.0,0.0,0.0,1.0
2018-05-21,2,1805212,,0.0,18.5125,16.0,5.0,0.0,0.0,1.0
2018-05-21,3,1805213,,0.0,18.5125,16.0,5.0,0.0,0.0,1.0
2018-05-21,4,1805214,,0.0,18.5125,16.0,5.0,0.0,0.0,1.0
2018-05-21,5,1805215,,0.0,18.5125,16.0,5.0,0.0,0.0,1.0
2018-05-22,1,1805221,156.307236988041,0.0,20.325,13.0,5.0,0.0,0.0,1.0
2018-05-22,2,1805222,439.983048890548,0.0,20.325,13.0,5.0,0.0,0.0,1.0
2018-05-22,3,1805223,191.073379157625,0.0,20.325,13.0,5.0,0.0,0.0,1.0
2018-05-22,4,1805224,70.2272839676609,0.0,20.325,13.0,5.0,0.0,0.0,1.0
2018-05-22,5,1805225,246.919595782246,0.0,20.325,13.0,5.0,0.0,0.0,1.0
2018-05-23,1,1805231,109.786783071564,0.0,20.1625,10.0,0.0,0.0,0.0,1.0
2018-05-23,2,1805232,377.171736527627,0.0,20.1625,10.0,0.0,0.0,0.0,1.0
2018-05-23,3,1805233,169.755098557206,0.0,20.1625,10.0,0.0,0.0,0.0,1.0
2018-05-23,4,1805234,73.4853551775741,0.0,20.1625,10.0,0.0,0.0,0.0,1.0
2018-05-23,5,1805235,261.987888413387,0.0,20.1625,10.0,0.0,0.0,0.0,1.0
2018-05-24,1,1805241,108.54624822638,0.0,20.35,15.0,5.0,0.0,0.0,1.0
2018-05-24,2,1805242,442.077053223315,0.0,20.35,15.0,5.0,0.0,0.0,1.0
2018-05-24,3,1805243,211.514459288962,0.0,20.35,15.0,5.0,0.0,0.0,1.0
2018-05-24,4,1805244,27.433725861826,0.0,20.35,15.0,5.0,0.0,0.0,1.0
2018-05-24,5,1805245,282.324748821077,0.0,20.35,15.0,5.0,0.0,0.0,1.0
2018-05-25,1,1805251,123.517143533616,0.0,19.775,16.0,5.0,0.0,0.0,1.0
2018-05-25,2,1805252,434.548805085972,0.0,19.775,16.0,5.0,0.0,0.0,1.0
2018-05-25,3,1805253,247.21864973227,0.0,19.775,16.0,5.0,0.0,0.0,1.0
2018-05-25,4,1805254,52.1670176955289,0.0,19.775,16.0,5.0,0.0,0.0,1.0
2018-05-25,5,1805255,263.537547106143,0.0,19.775,16.0,5.0,0.0,0.0,1.0
2018-05-26,1,1805261,152.999422087259,0.0,19.875,11.0,5.0,0.0,0.0,1.0
2018-05-26,2,1805262,576.159876838086,0.0,19.875,11.0,5.0,0.0,0.0,1.0
2018-05-26,3,1805263,311.407509119781,0.0,19.875,11.0,5.0,0.0,0.0,1.0
2018-05-26,4,1805264,85.097600524964,0.0,19.875,11.0,5.0,0.0,0.0,1.0
2018-05-26,5,1805265,256.302811541552,0.0,19.875,11.0,5.0,0.0,0.0,1.0
2018-05-27,1,1805271,99.6705421509629,7.0,16.425,12.0,20.0,0.0,0.0,1.0
2018-05-27,2,1805272,551.785889665344,7.0,16.425,12.0,20.0,0.0,0.0,1.0
2018-05-27,3,1805273,311.204724522649,7.0,16.425,12.0,20.0,0.0,0.0,1.0
2018-05-27,4,1805274,87.1009984834016,7.0,16.425,12.0,20.0,0.0,0.0,1.0
2018-05-27,5,1805275,296.455672065359,7.0,16.425,12.0,20.0,0.0,0.0,1.0
2018-05-28,1,1805281,157.41929138371,2.0,20.2125,10.0,5.0,0.0,0.0,1.0
2018-05-28,2,1805282,327.612062095694,2.0,20.2125,10.0,5.0,0.0,0.0,1.0
2018-05-28,3,1805283,162.439462643652,2.0,20.2125,10.0,5.0,0.0,0.0,1.0
2018-05-28,4,1805284,37.9547198477045,2.0,20.2125,10.0,5.0,0.0,0.0,1.0
2018-05-28,5,1805285,249.516309840441,2.0,20.2125,10.0,5.0,0.0,0.0,1.0
2018-05-29,1,1805291,106.471684824603,0.0,23.4625,14.0,5.0,0.0,0.0,1.0
2018-05-29,2,1805292,362.197879902027,0.0,23.4625,14.0,5.0,0.0,0.0,1.0
2018-05-29,3,1805293,158.651320049942,0.0,23.4625,14.0,5.0,0.0,0.0,1.0
2018-05-29,4,1805294,77.5184361046197,0.0,23.4625,14.0,5.0,0.0,0.0,1.0
2018-05-29,5,1805295,245.468318245709,0.0,23.4625,14.0,5.0,0.0,0.0,1.0
2018-05-30,1,1805301,112.241407941627,1.0,23.1875,11.0,17.0,0.0,0.0,1.0
2018-05-30,2,1805302,311.095499034225,1.0,23.1875,11.0,17.0,0.0,0.0,1.0
2018-05-30,3,1805303,160.3217968442,1.0,23.1875,11.0,17.0,0.0,0.0,1.0
2018-05-30,4,1805304,60.5240997148559,1.0,23.1875,11.0,17.0,0.0,0.0,1.0
2018-05-30,5,1805305,259.960133518037,1.0,23.1875,11.0,17.0,0.0,0.0,1.0
2018-05-31,1,1805311,111.26691705832,0.0,21.8875,14.0,5.0,0.0,0.0,1.0
2018-05-31,2,1805312,365.992856392316,0.0,21.8875,14.0,5.0,0.0,0.0,1.0
2018-05-31,3,1805313,146.549349936418,0.0,21.8875,14.0,5.0,0.0,0.0,1.0
2018-05-31,4,1805314,49.7546528574438,0.0,21.8875,14.0,5.0,0.0,0.0,1.0
2018-05-31,5,1805315,270.054824412474,0.0,21.8875,14.0,5.0,0.0,0.0,1.0
2018-06-01,1,1806011,171.352211320836,0.0,21.375,12.0,5.0,0.0,0.0,1.0
2018-06-01,2,1806012,391.076358799694,0.0,21.375,12.0,5.0,0.0,0.0,1.0
2018-06-01,3,1806013,196.04793646865,0.0,21.375,12.0,5.0,0.0,0.0,1.0
2018-06-01,4,1806014,72.5548403923688,0.0,21.375,12.0,5.0,0.0,0.0,1.0
2018-06-01,5,1806015,299.63206566763,0.0,21.375,12.0,5.0,0.0,0.0,1.0
2018-06-02,1,1806021,145.082493830242,1.0,22.8875,10.0,5.0,0.0,0.0,1.0
2018-06-02,2,1806022,521.650312193202,1.0,22.8875,10.0,5.0,0.0,0.0,1.0
2018-06-02,3,1806023,258.202812224251,1.0,22.8875,10.0,5.0,0.0,0.0,1.0
2018-06-02,4,1806024,62.9124810333617,1.0,22.8875,10.0,5.0,0.0,0.0,1.0
2018-06-02,5,1806025,340.519101625788,1.0,22.8875,10.0,5.0,0.0,0.0,1.0
2018-06-03,1,1806031,78.971045287569,7.0,19.275,9.0,0.0,0.0,0.0,1.0
2018-06-03,2,1806032,464.730872024382,7.0,19.275,9.0,0.0,0.0,0.0,1.0
2018-06-03,3,1806033,275.442535237438,7.0,19.275,9.0,0.0,0.0,0.0,1.0
2018-06-03,4,1806034,70.1967187196386,7.0,19.275,9.0,0.0,0.0,0.0,1.0
2018-06-03,5,1806035,240.282735776938,7.0,19.275,9.0,0.0,0.0,0.0,1.0
2018-06-04,1,1806041,130.480133704068,5.0,19.25,14.0,20.0,0.0,0.0,1.0
2018-06-04,2,1806042,343.426223803643,5.0,19.25,14.0,20.0,0.0,0.0,1.0
2018-06-04,3,1806043,143.940547738714,5.0,19.25,14.0,20.0,0.0,0.0,1.0
2018-06-04,4,1806044,89.2729377064413,5.0,19.25,14.0,20.0,0.0,0.0,1.0
2018-06-04,5,1806045,255.7161632198,5.0,19.25,14.0,20.0,0.0,0.0,1.0
2018-06-05,1,1806051,149.0974286003,0.0,19.7,10.0,5.0,0.0,0.0,1.0
2018-06-05,2,1806052,356.788812174576,0.0,19.7,10.0,5.0,0.0,0.0,1.0
2018-06-05,3,1806053,104.71280919176,0.0,19.7,10.0,5.0,0.0,0.0,1.0
2018-06-05,4,1806054,90.8643276697758,0.0,19.7,10.0,5.0,0.0,0.0,1.0
2018-06-05,5,1806055,246.324696666008,0.0,19.7,10.0,5.0,0.0,0.0,1.0
2018-06-06,1,1806061,125.51279931351,0.0,22.15,14.0,5.0,0.0,0.0,1.0
2018-06-06,2,1806062,365.261136752151,0.0,22.15,14.0,5.0,0.0,0.0,1.0
2018-06-06,3,1806063,143.24052446027,0.0,22.15,14.0,5.0,0.0,0.0,1.0
2018-06-06,4,1806064,41.8644272812954,0.0,22.15,14.0,5.0,0.0,0.0,1.0
2018-06-06,5,1806065,315.690602059227,0.0,22.15,14.0,5.0,0.0,0.0,1.0
2018-06-07,1,1806071,130.135052932173,0.0,23.6875,10.0,5.0,0.0,0.0,1.0
2018-06-07,2,1806072,356.370930301431,0.0,23.6875,10.0,5.0,0.0,0.0,1.0
2018-06-07,3,1806073,140.663759746983,0.0,23.6875,10.0,5.0,0.0,0.0,1.0
2018-06-07,4,1806074,69.3795740364973,0.0,23.6875,10.0,5.0,0.0,0.0,1.0
2018-06-07,5,1806075,266.727369278352,0.0,23.6875,10.0,5.0,0.0,0.0,1.0
2018-06-08,1,1806081,133.461558814522,0.0,22.7375,9.0,0.0,0.0,0.0,1.0
2018-06-08,2,1806082,325.485745267141,0.0,22.7375,9.0,0.0,0.0,0.0,1.0
2018-06-08,3,1806083,164.132119777067,0.0,22.7375,9.0,0.0,0.0,0.0,1.0
2018-06-08,4,1806084,50.7535069920758,0.0,22.7375,9.0,0.0,0.0,0.0,1.0
2018-06-08,5,1806085,232.592176274025,0.0,22.7375,9.0,0.0,0.0,0.0,1.0
2018-06-09,1,1806091,196.77276590343,6.0,22.1125,7.0,61.0,0.0,0.0,1.0
2018-06-09,2,1806092,569.566954419399,6.0,22.1125,7.0,61.0,0.0,0.0,1.0
2018-06-09,3,1806093,258.693422948001,6.0,22.1125,7.0,61.0,0.0,0.0,1.0
2018-06-09,4,1806094,41.8883153042351,6.0,22.1125,7.0,61.0,0.0,0.0,1.0
2018-06-09,5,1806095,327.610879192418,6.0,22.1125,7.0,61.0,0.0,0.0,1.0
2018-06-10,1,1806101,98.5728577636623,7.0,19.1,8.0,61.0,0.0,0.0,1.0
2018-06-10,2,1806102,493.241333563679,7.0,19.1,8.0,61.0,0.0,0.0,1.0
2018-06-10,3,1806103,215.850855030174,7.0,19.1,8.0,61.0,0.0,0.0,1.0
2018-06-10,4,1806104,107.377542844818,7.0,19.1,8.0,61.0,0.0,0.0,1.0
2018-06-10,5,1806105,295.973083553428,7.0,19.1,8.0,61.0,0.0,0.0,1.0
2018-06-11,1,1806111,167.589367834019,6.0,18.5125,15.0,61.0,0.0,0.0,1.0
2018-06-11,2,1806112,328.008049986003,6.0,18.5125,15.0,61.0,0.0,0.0,1.0
2018-06-11,3,1806113,131.376484326556,6.0,18.5125,15.0,61.0,0.0,0.0,1.0
2018-06-11,4,1806114,47.2663246679017,6.0,18.5125,15.0,61.0,0.0,0.0,1.0
2018-06-11,5,1806115,239.932103508815,6.0,18.5125,15.0,61.0,0.0,0.0,1.0
2018-06-12,1,1806121,118.251386322568,8.0,15.3125,12.0,20.0,0.0,0.0,1.0
2018-06-12,2,1806122,329.263269649306,8.0,15.3125,12.0,20.0,0.0,0.0,1.0
2018-06-12,3,1806123,121.491725263723,8.0,15.3125,12.0,20.0,0.0,0.0,1.0
2018-06-12,4,1806124,73.6639310973651,8.0,15.3125,12.0,20.0,0.0,0.0,1.0
2018-06-12,5,1806125,312.454285079194,8.0,15.3125,12.0,20.0,0.0,0.0,1.0
2018-06-13,1,1806131,139.415611673776,7.0,16.4,14.0,61.0,0.0,0.0,1.0
2018-06-13,2,1806132,338.919467418708,7.0,16.4,14.0,61.0,0.0,0.0,1.0
2018-06-13,3,1806133,107.792959647247,7.0,16.4,14.0,61.0,0.0,0.0,1.0
2018-06-13,4,1806134,43.9344371578242,7.0,16.4,14.0,61.0,0.0,0.0,1.0
2018-06-13,5,1806135,311.402992365135,7.0,16.4,14.0,61.0,0.0,0.0,1.0
2018-06-14,1,1806141,185.371307862245,5.0,20.9,10.0,61.0,0.0,0.0,1.0
2018-06-14,2,1806142,332.550472010635,5.0,20.9,10.0,61.0,0.0,0.0,1.0
2018-06-14,3,1806143,107.136270934862,5.0,20.9,10.0,61.0,0.0,0.0,1.0
2018-06-14,4,1806144,48.2218243781613,5.0,20.9,10.0,61.0,0.0,0.0,1.0
2018-06-14,5,1806145,232.553710596851,5.0,20.9,10.0,61.0,0.0,0.0,1.0
2018-06-15,1,1806151,178.358896719133,4.0,19.2,7.0,0.0,0.0,0.0,1.0
2018-06-15,2,1806152,345.017350890347,4.0,19.2,7.0,0.0,0.0,0.0,1.0
2018-06-15,3,1806153,149.625140704425,4.0,19.2,7.0,0.0,0.0,0.0,1.0
2018-06-15,4,1806154,51.7287558724867,4.0,19.2,7.0,0.0,0.0,0.0,1.0
2018-06-15,5,1806155,280.704349405747,4.0,19.2,7.0,0.0,0.0,0.0,1.0
2018-06-16,1,1806161,165.240825926878,5.0,21.325,7.0,95.0,1.0,0.0,1.0
2018-06-16,2,1806162,536.452348266225,5.0,21.325,7.0,95.0,1.0,0.0,1.0
2018-06-16,3,1806163,249.755999609154,5.0,21.325,7.0,95.0,1.0,0.0,1.0
2018-06-16,4,1806164,79.9425697031279,5.0,21.325,7.0,95.0,1.0,0.0,1.0
2018-06-16,5,1806165,209.362082944004,5.0,21.325,7.0,95.0,1.0,0.0,1.0
2018-06-17,1,1806171,131.774736746731,5.0,18.275,12.0,61.0,1.0,0.0,1.0
2018-06-17,2,1806172,561.16613003467,5.0,18.275,12.0,61.0,1.0,0.0,1.0
2018-06-17,3,1806173,301.987694387114,5.0,18.275,12.0,61.0,1.0,0.0,1.0
2018-06-17,4,1806174,105.970913596347,5.0,18.275,12.0,61.0,1.0,0.0,1.0
2018-06-17,5,1806175,351.208968634828,5.0,18.275,12.0,61.0,1.0,0.0,1.0
2018-06-18,1,1806181,150.60898110442,7.0,17.6375,9.0,61.0,1.0,0.0,1.0
2018-06-18,2,1806182,453.773846005242,7.0,17.6375,9.0,61.0,1.0,0.0,1.0
2018-06-18,3,1806183,183.905575463908,7.0,17.6375,9.0,61.0,1.0,0.0,1.0
2018-06-18,4,1806184,52.4623142900464,7.0,17.6375,9.0,61.0,1.0,0.0,1.0
2018-06-18,5,1806185,368.908774188599,7.0,17.6375,9.0,61.0,1.0,0.0,1.0
2018-06-19,1,1806191,134.103229549554,3.0,19.2375,16.0,21.0,1.0,0.0,1.0
2018-06-19,2,1806192,439.387692233904,3.0,19.2375,16.0,21.0,1.0,0.0,1.0
2018-06-19,3,1806193,167.94911352995,3.0,19.2375,16.0,21.0,1.0,0.0,1.0
2018-06-19,4,1806194,47.8861290193053,3.0,19.2375,16.0,21.0,1.0,0.0,1.0
2018-06-19,5,1806195,271.817641139495,3.0,19.2375,16.0,21.0,1.0,0.0,1.0
2018-06-20,1,1806201,187.760363692391,3.0,23.65,13.0,0.0,1.0,0.0,1.0
2018-06-20,2,1806202,438.20673354481,3.0,23.65,13.0,0.0,1.0,0.0,1.0
2018-06-20,3,1806203,178.485146197655,3.0,23.65,13.0,0.0,1.0,0.0,1.0
2018-06-20,4,1806204,68.6435116412585,3.0,23.65,13.0,0.0,1.0,0.0,1.0
2018-06-20,5,1806205,329.991266466933,3.0,23.65,13.0,0.0,1.0,0.0,1.0
2018-06-21,1,1806211,137.380800589863,7.0,11.5625,15.0,65.0,1.0,0.0,1.0
2018-06-21,2,1806212,425.408065202863,7.0,11.5625,15.0,65.0,1.0,0.0,1.0
2018-06-21,3,1806213,165.510528887169,7.0,11.5625,15.0,65.0,1.0,0.0,1.0
2018-06-21,4,1806214,50.3503164926632,7.0,11.5625,15.0,65.0,1.0,0.0,1.0
2018-06-21,5,1806215,301.074413373322,7.0,11.5625,15.0,65.0,1.0,0.0,1.0
2018-06-22,1,1806221,173.94005241559,5.0,15.575,20.0,61.0,1.0,0.0,1.0
2018-06-22,2,1806222,443.18009337283,5.0,15.575,20.0,61.0,1.0,0.0,1.0
2018-06-22,3,1806223,205.270413262478,5.0,15.575,20.0,61.0,1.0,0.0,1.0
2018-06-22,4,1806224,62.6581464475431,5.0,15.575,20.0,61.0,1.0,0.0,1.0
2018-06-22,5,1806225,349.50958339019,5.0,15.575,20.0,61.0,1.0,0.0,1.0
2018-06-23,1,1806231,228.688308197952,7.0,14.3,18.0,61.0,1.0,0.0,1.0
2018-06-23,2,1806232,706.424379766017,7.0,14.3,18.0,61.0,1.0,0.0,1.0
2018-06-23,3,1806233,339.700511154661,7.0,14.3,18.0,61.0,1.0,0.0,1.0
2018-06-23,4,1806234,49.884049264678,7.0,14.3,18.0,61.0,1.0,0.0,1.0
2018-06-23,5,1806235,662.369320660577,7.0,14.3,18.0,61.0,1.0,0.0,1.0
2018-06-24,1,1806241,96.8397776549712,6.0,16.2375,10.0,21.0,1.0,0.0,1.0
2018-06-24,2,1806242,579.887614059894,6.0,16.2375,10.0,21.0,1.0,0.0,1.0
2018-06-24,3,1806243,312.533160106558,6.0,16.2375,10.0,21.0,1.0,0.0,1.0
2018-06-24,4,1806244,68.6194271147451,6.0,16.2375,10.0,21.0,1.0,0.0,1.0
2018-06-24,5,1806245,275.941582346904,6.0,16.2375,10.0,21.0,1.0,0.0,1.0
2018-06-25,1,1806251,147.963260084348,6.0,17.175,13.0,21.0,0.0,0.0,1.0
2018-06-25,2,1806252,384.640828386969,6.0,17.175,13.0,21.0,0.0,0.0,1.0
2018-06-25,3,1806253,124.50607695454,6.0,17.175,13.0,21.0,0.0,0.0,1.0
2018-06-25,4,1806254,66.9436917796958,6.0,17.175,13.0,21.0,0.0,0.0,1.0
2018-06-25,5,1806255,230.864354449729,6.0,17.175,13.0,21.0,0.0,0.0,1.0
2018-06-26,1,1806261,126.72717073825,3.0,20.075,6.0,21.0,0.0,0.0,1.0
2018-06-26,2,1806262,353.735951524532,3.0,20.075,6.0,21.0,0.0,0.0,1.0
2018-06-26,3,1806263,187.471226496696,3.0,20.075,6.0,21.0,0.0,0.0,1.0
2018-06-26,4,1806264,54.5490530559365,3.0,20.075,6.0,21.0,0.0,0.0,1.0
2018-06-26,5,1806265,413.524339016232,3.0,20.075,6.0,21.0,0.0,0.0,1.0
2018-06-27,1,1806271,98.3742739147763,0.0,22.0125,11.0,5.0,0.0,0.0,1.0
2018-06-27,2,1806272,381.327351816437,0.0,22.0125,11.0,5.0,0.0,0.0,1.0
2018-06-27,3,1806273,176.520124844737,0.0,22.0125,11.0,5.0,0.0,0.0,1.0
2018-06-27,4,1806274,52.5737491532418,0.0,22.0125,11.0,5.0,0.0,0.0,1.0
2018-06-27,5,1806275,237.797068733578,0.0,22.0125,11.0,5.0,0.0,0.0,1.0
2018-06-28,1,1806281,153.222912713889,0.0,22.125,9.0,0.0,0.0,0.0,1.0
2018-06-28,2,1806282,351.533391493667,0.0,22.125,9.0,0.0,0.0,0.0,1.0
2018-06-28,3,1806283,172.553305766358,0.0,22.125,9.0,0.0,0.0,0.0,1.0
2018-06-28,4,1806284,62.5161339241154,0.0,22.125,9.0,0.0,0.0,0.0,1.0
2018-06-28,5,1806285,266.230348521234,0.0,22.125,9.0,0.0,0.0,0.0,1.0
2018-06-29,1,1806291,124.38040536437,0.0,21.85,15.0,5.0,0.0,0.0,1.0
2018-06-29,2,1806292,359.496198524693,0.0,21.85,15.0,5.0,0.0,0.0,1.0
2018-06-29,3,1806293,181.430705919947,0.0,21.85,15.0,5.0,0.0,0.0,1.0
2018-06-29,4,1806294,70.8616229090274,0.0,21.85,15.0,5.0,0.0,0.0,1.0
2018-06-29,5,1806295,301.333621469614,0.0,21.85,15.0,5.0,0.0,0.0,1.0
2018-06-30,1,1806301,162.619063596716,0.0,21.2375,10.0,5.0,0.0,0.0,1.0
2018-06-30,2,1806302,535.33212121073,0.0,21.2375,10.0,5.0,0.0,0.0,1.0
2018-06-30,3,1806303,236.663786945788,0.0,21.2375,10.0,5.0,0.0,0.0,1.0
2018-06-30,4,1806304,72.286780825535,0.0,21.2375,10.0,5.0,0.0,0.0,1.0
2018-06-30,5,1806305,372.572022832728,0.0,21.2375,10.0,5.0,0.0,0.0,1.0
2018-07-01,1,1807011,106.398295888854,0.0,21.0625,12.0,5.0,0.0,0.0,1.0
2018-07-01,2,1807012,573.487146326335,0.0,21.0625,12.0,5.0,0.0,0.0,1.0
2018-07-01,3,1807013,263.897681363429,0.0,21.0625,12.0,5.0,0.0,0.0,1.0
2018-07-01,4,1807014,70.8375760573994,0.0,21.0625,12.0,5.0,0.0,0.0,1.0
2018-07-01,5,1807015,313.693570417633,0.0,21.0625,12.0,5.0,0.0,0.0,1.0
2018-07-02,1,1807021,149.330712948602,0.0,22.525,11.0,5.0,0.0,0.0,1.0
2018-07-02,2,1807022,440.0105886213,0.0,22.525,11.0,5.0,0.0,0.0,1.0
2018-07-02,3,1807023,191.103060628223,0.0,22.525,11.0,5.0,0.0,0.0,1.0
2018-07-02,4,1807024,52.4171126523355,0.0,22.525,11.0,5.0,0.0,0.0,1.0
2018-07-02,5,1807025,299.485142926572,0.0,22.525,11.0,5.0,0.0,0.0,1.0
2018-07-03,1,1807031,169.678253618551,0.0,22.4875,9.0,5.0,0.0,0.0,1.0
2018-07-03,2,1807032,456.488427608042,0.0,22.4875,9.0,5.0,0.0,0.0,1.0
2018-07-03,3,1807033,166.357391348145,0.0,22.4875,9.0,5.0,0.0,0.0,1.0
2018-07-03,4,1807034,53.5247684644624,0.0,22.4875,9.0,5.0,0.0,0.0,1.0
2018-07-03,5,1807035,375.183777236051,0.0,22.4875,9.0,5.0,0.0,0.0,1.0
2018-07-04,1,1807041,109.364720126691,5.0,19.7,9.0,5.0,0.0,0.0,1.0
2018-07-04,2,1807042,442.803643928112,5.0,19.7,9.0,5.0,0.0,0.0,1.0
2018-07-04,3,1807043,176.796513441915,5.0,19.7,9.0,5.0,0.0,0.0,1.0
2018-07-04,4,1807044,80.0791978861617,5.0,19.7,9.0,5.0,0.0,0.0,1.0
2018-07-04,5,1807045,320.560420020722,5.0,19.7,9.0,5.0,0.0,0.0,1.0
2018-07-05,1,1807051,116.912047862458,7.0,17.5,12.0,20.0,0.0,0.0,1.0
2018-07-05,2,1807052,459.350487108825,7.0,17.5,12.0,20.0,0.0,0.0,1.0
2018-07-05,3,1807053,218.055711841422,7.0,17.5,12.0,20.0,0.0,0.0,1.0
2018-07-05,4,1807054,74.4295025189987,7.0,17.5,12.0,20.0,0.0,0.0,1.0
2018-07-05,5,1807055,326.454338026984,7.0,17.5,12.0,20.0,0.0,0.0,1.0
2018-07-06,1,1807061,125.795744991444,0.0,20.5125,18.0,5.0,0.0,0.0,1.0
2018-07-06,2,1807062,434.205209218693,0.0,20.5125,18.0,5.0,0.0,0.0,1.0
2018-07-06,3,1807063,233.461803865928,0.0,20.5125,18.0,5.0,0.0,0.0,1.0
2018-07-06,4,1807064,70.382242484533,0.0,20.5125,18.0,5.0,0.0,0.0,1.0
2018-07-06,5,1807065,341.902764855412,0.0,20.5125,18.0,5.0,0.0,0.0,1.0
2018-07-07,1,1807071,191.54454865792,0.0,20.25,19.0,5.0,0.0,0.0,1.0
2018-07-07,2,1807072,524.024023931459,0.0,20.25,19.0,5.0,0.0,0.0,1.0
2018-07-07,3,1807073,289.921816234279,0.0,20.25,19.0,5.0,0.0,0.0,1.0
2018-07-07,4,1807074,62.1501168323456,0.0,20.25,19.0,5.0,0.0,0.0,1.0
2018-07-07,5,1807075,356.139309359314,0.0,20.25,19.0,5.0,0.0,0.0,1.0
2018-07-08,1,1807081,91.3700330488367,0.0,23.0,10.0,5.0,0.0,0.0,1.0
2018-07-08,2,1807082,593.024525346138,0.0,23.0,10.0,5.0,0.0,0.0,1.0
2018-07-08,3,1807083,301.517746301254,0.0,23.0,10.0,5.0,0.0,0.0,1.0
2018-07-08,4,1807084,64.4410669363211,0.0,23.0,10.0,5.0,0.0,0.0,1.0
2018-07-08,5,1807085,280.607920878796,0.0,23.0,10.0,5.0,0.0,0.0,1.0
2018-07-09,1,1807091,229.749812826633,6.0,16.75,18.0,0.0,0.0,1.0,1.0
2018-07-09,2,1807092,535.65807004049,6.0,16.75,18.0,0.0,0.0,1.0,1.0
2018-07-09,3,1807093,260.209070681143,6.0,16.75,18.0,0.0,0.0,1.0,1.0
2018-07-09,4,1807094,62.8611925638227,6.0,16.75,18.0,0.0,0.0,1.0,1.0
2018-07-09,5,1807095,341.583244542908,6.0,16.75,18.0,0.0,0.0,1.0,1.0
2018-07-10,1,1807101,161.388287131381,2.0,18.675,15.0,5.0,0.0,1.0,1.0
2018-07-10,2,1807102,496.190584851956,2.0,18.675,15.0,5.0,0.0,1.0,1.0
2018-07-10,3,1807103,231.022738407076,2.0,18.675,15.0,5.0,0.0,1.0,1.0
2018-07-10,4,1807104,42.7230534757185,2.0,18.675,15.0,5.0,0.0,1.0,1.0
2018-07-10,5,1807105,314.82901140181,2.0,18.675,15.0,5.0,0.0,1.0,1.0
2018-07-11,1,1807111,182.146767161495,7.0,19.625,12.0,21.0,0.0,1.0,1.0
2018-07-11,2,1807112,505.244315555348,7.0,19.625,12.0,21.0,0.0,1.0,1.0
2018-07-11,3,1807113,223.184006745399,7.0,19.625,12.0,21.0,0.0,1.0,1.0
2018-07-11,4,1807114,88.3289090240568,7.0,19.625,12.0,21.0,0.0,1.0,1.0
2018-07-11,5,1807115,372.322714037489,7.0,19.625,12.0,21.0,0.0,1.0,1.0
2018-07-12,1,1807121,207.879339995873,1.0,26.075,14.0,21.0,0.0,1.0,1.0
2018-07-12,2,1807122,528.582312248941,1.0,26.075,14.0,21.0,0.0,1.0,1.0
2018-07-12,3,1807123,225.776865057334,1.0,26.075,14.0,21.0,0.0,1.0,1.0
2018-07-12,4,1807124,118.081149876388,1.0,26.075,14.0,21.0,0.0,1.0,1.0
2018-07-12,5,1807125,284.685669931316,1.0,26.075,14.0,21.0,0.0,1.0,1.0
2018-07-13,1,1807131,212.722414977186,0.0,23.975,13.0,5.0,0.0,1.0,1.0
2018-07-13,2,1807132,553.47201422411,0.0,23.975,13.0,5.0,0.0,1.0,1.0
2018-07-13,3,1807133,288.029917196184,0.0,23.975,13.0,5.0,0.0,1.0,1.0
2018-07-13,4,1807134,69.4569519950266,0.0,23.975,13.0,5.0,0.0,1.0,1.0
2018-07-13,5,1807135,279.348150312173,0.0,23.975,13.0,5.0,0.0,1.0,1.0
2018-07-14,1,1807141,212.000188627887,7.0,17.7625,12.0,0.0,0.0,1.0,1.0
2018-07-14,2,1807142,630.686820328078,7.0,17.7625,12.0,0.0,0.0,1.0,1.0
2018-07-14,3,1807143,361.883970744595,7.0,17.7625,12.0,0.0,0.0,1.0,1.0
2018-07-14,4,1807144,109.527829403884,7.0,17.7625,12.0,0.0,0.0,1.0,1.0
2018-07-14,5,1807145,274.125088686032,7.0,17.7625,12.0,0.0,0.0,1.0,1.0
2018-07-15,1,1807151,119.132803761786,2.0,23.2,9.0,5.0,0.0,1.0,1.0
2018-07-15,2,1807152,663.320488243827,2.0,23.2,9.0,5.0,0.0,1.0,1.0
2018-07-15,3,1807153,383.539764713205,2.0,23.2,9.0,5.0,0.0,1.0,1.0
2018-07-15,4,1807154,103.222808871659,2.0,23.2,9.0,5.0,0.0,1.0,1.0
2018-07-15,5,1807155,202.681914741377,2.0,23.2,9.0,5.0,0.0,1.0,1.0
2018-07-16,1,1807161,208.643527692918,0.0,24.25,9.0,5.0,0.0,1.0,1.0
2018-07-16,2,1807162,577.869076971806,0.0,24.25,9.0,5.0,0.0,1.0,1.0
2018-07-16,3,1807163,279.080033941839,0.0,24.25,9.0,5.0,0.0,1.0,1.0
2018-07-16,4,1807164,65.5010025493488,0.0,24.25,9.0,5.0,0.0,1.0,1.0
2018-07-16,5,1807165,251.142432205376,0.0,24.25,9.0,5.0,0.0,1.0,1.0
2018-07-17,1,1807171,197.264834738044,0.0,26.775,10.0,5.0,0.0,1.0,1.0
2018-07-17,2,1807172,608.053426695861,0.0,26.775,10.0,5.0,0.0,1.0,1.0
2018-07-17,3,1807173,322.440260775893,0.0,26.775,10.0,5.0,0.0,1.0,1.0
2018-07-17,4,1807174,77.5317706977608,0.0,26.775,10.0,5.0,0.0,1.0,1.0
2018-07-17,5,1807175,307.595292672601,0.0,26.775,10.0,5.0,0.0,1.0,1.0
2018-07-18,1,1807181,137.708586986464,3.0,23.866666,13.0,0.0,0.0,1.0,1.0
2018-07-18,2,1807182,619.546252444028,3.0,23.866666,13.0,0.0,0.0,1.0,1.0
2018-07-18,3,1807183,307.917253388314,3.0,23.866666,13.0,0.0,0.0,1.0,1.0
2018-07-18,4,1807184,90.6551065634781,3.0,23.866666,13.0,0.0,0.0,1.0,1.0
2018-07-18,5,1807185,347.857481802793,3.0,23.866666,13.0,0.0,0.0,1.0,1.0
2018-07-19,1,1807191,200.859004330066,2.0,22.575,13.0,0.0,0.0,1.0,1.0
2018-07-19,2,1807192,619.309005906989,2.0,22.575,13.0,0.0,0.0,1.0,1.0
2018-07-19,3,1807193,334.668701817439,2.0,22.575,13.0,0.0,0.0,1.0,1.0
2018-07-19,4,1807194,94.2314254667837,2.0,22.575,13.0,0.0,0.0,1.0,1.0
2018-07-19,5,1807195,345.908520540692,2.0,22.575,13.0,0.0,0.0,1.0,1.0
2018-07-20,1,1807201,152.255425827064,0.0,22.775,9.0,0.0,0.0,1.0,1.0
2018-07-20,2,1807202,606.795258489311,0.0,22.775,9.0,0.0,0.0,1.0,1.0
2018-07-20,3,1807203,305.416244754035,0.0,22.775,9.0,0.0,0.0,1.0,1.0
2018-07-20,4,1807204,95.9236728001448,0.0,22.775,9.0,0.0,0.0,1.0,1.0
2018-07-20,5,1807205,214.679932896498,0.0,22.775,9.0,0.0,0.0,1.0,1.0
2018-07-21,1,1807211,184.333715320185,0.0,25.0625,10.0,0.0,0.0,1.0,1.0
2018-07-21,2,1807212,751.688618797138,0.0,25.0625,10.0,0.0,0.0,1.0,1.0
2018-07-21,3,1807213,393.212012402375,0.0,25.0625,10.0,0.0,0.0,1.0,1.0
2018-07-21,4,1807214,91.5962742377594,0.0,25.0625,10.0,0.0,0.0,1.0,1.0
2018-07-21,5,1807215,240.699232662494,0.0,25.0625,10.0,0.0,0.0,1.0,1.0
2018-07-22,1,1807221,130.857888069408,1.0,25.0375,13.0,5.0,0.0,1.0,1.0
2018-07-22,2,1807222,724.31811590469,1.0,25.0375,13.0,5.0,0.0,1.0,1.0
2018-07-22,3,1807223,429.920288482338,1.0,25.0375,13.0,5.0,0.0,1.0,1.0
2018-07-22,4,1807224,82.3718063303726,1.0,25.0375,13.0,5.0,0.0,1.0,1.0
2018-07-22,5,1807225,259.770398937938,1.0,25.0375,13.0,5.0,0.0,1.0,1.0
2018-07-23,1,1807231,170.806669011279,3.0,24.8375,10.0,5.0,0.0,1.0,1.0
2018-07-23,2,1807232,577.95877861105,3.0,24.8375,10.0,5.0,0.0,1.0,1.0
2018-07-23,3,1807233,325.690202796677,3.0,24.8375,10.0,5.0,0.0,1.0,1.0
2018-07-23,4,1807234,78.4432557604295,3.0,24.8375,10.0,5.0,0.0,1.0,1.0
2018-07-23,5,1807235,353.698258875291,3.0,24.8375,10.0,5.0,0.0,1.0,1.0
2018-07-24,1,1807241,157.350119671548,0.0,28.1,10.0,5.0,0.0,1.0,1.0
2018-07-24,2,1807242,595.267964680523,0.0,28.1,10.0,5.0,0.0,1.0,1.0
2018-07-24,3,1807243,302.39642639545,0.0,28.1,10.0,5.0,0.0,1.0,1.0
2018-07-24,4,1807244,66.2753183828195,0.0,28.1,10.0,5.0,0.0,1.0,1.0
2018-07-24,5,1807245,240.303089815913,0.0,28.1,10.0,5.0,0.0,1.0,1.0
2018-07-25,1,1807251,133.595167634802,1.0,28.425,11.0,61.0,0.0,1.0,1.0
2018-07-25,2,1807252,651.748087737109,1.0,28.425,11.0,61.0,0.0,1.0,1.0
2018-07-25,3,1807253,337.228464128544,1.0,28.425,11.0,61.0,0.0,1.0,1.0
2018-07-25,4,1807254,73.4599229902164,1.0,28.425,11.0,61.0,0.0,1.0,1.0
2018-07-25,5,1807255,230.939921303496,1.0,28.425,11.0,61.0,0.0,1.0,1.0
2018-07-26,1,1807261,202.537258911938,0.0,28.875,12.0,5.0,0.0,1.0,1.0
2018-07-26,2,1807262,628.287763132202,0.0,28.875,12.0,5.0,0.0,1.0,1.0
2018-07-26,3,1807263,339.641098219397,0.0,28.875,12.0,5.0,0.0,1.0,1.0
2018-07-26,4,1807264,70.2365452984104,0.0,28.875,12.0,5.0,0.0,1.0,1.0
2018-07-26,5,1807265,326.00606375453,0.0,28.875,12.0,5.0,0.0,1.0,1.0
2018-07-27,1,1807271,198.225522569542,0.0,27.5875,16.0,5.0,0.0,1.0,1.0
2018-07-27,2,1807272,677.415844284098,0.0,27.5875,16.0,5.0,0.0,1.0,1.0
2018-07-27,3,1807273,333.774098644297,0.0,27.5875,16.0,5.0,0.0,1.0,1.0
2018-07-27,4,1807274,65.5637342177303,0.0,27.5875,16.0,5.0,0.0,1.0,1.0
2018-07-27,5,1807275,297.867852888248,0.0,27.5875,16.0,5.0,0.0,1.0,1.0
2018-07-28,1,1807281,214.470393074174,3.0,28.75,11.0,95.0,0.0,1.0,1.0
2018-07-28,2,1807282,716.576824811507,3.0,28.75,11.0,95.0,0.0,1.0,1.0
2018-07-28,3,1807283,371.819769806308,3.0,28.75,11.0,95.0,0.0,1.0,1.0
2018-07-28,4,1807284,54.04742181413,3.0,28.75,11.0,95.0,0.0,1.0,1.0
2018-07-28,5,1807285,290.024007470062,3.0,28.75,11.0,95.0,0.0,1.0,1.0
2018-07-29,1,1807291,129.801991483483,0.0,24.55,6.0,95.0,0.0,1.0,1.0
2018-07-29,2,1807292,721.822447100687,0.0,24.55,6.0,95.0,0.0,1.0,1.0
2018-07-29,3,1807293,433.820696892786,0.0,24.55,6.0,95.0,0.0,1.0,1.0
2018-07-29,4,1807294,128.952852247529,0.0,24.55,6.0,95.0,0.0,1.0,1.0
2018-07-29,5,1807295,335.823557263961,0.0,24.55,6.0,95.0,0.0,1.0,1.0
2018-07-30,1,1807301,148.541339807983,6.0,27.7875,10.0,21.0,0.0,1.0,1.0
2018-07-30,2,1807302,616.358562124364,6.0,27.7875,10.0,21.0,0.0,1.0,1.0
2018-07-30,3,1807303,348.770346267057,6.0,27.7875,10.0,21.0,0.0,1.0,1.0
2018-07-30,4,1807304,71.8229772291025,6.0,27.7875,10.0,21.0,0.0,1.0,1.0
2018-07-30,5,1807305,324.965347777888,6.0,27.7875,10.0,21.0,0.0,1.0,1.0
2018-07-31,1,1807311,123.075681762413,5.0,31.2875,11.0,21.0,0.0,1.0,1.0
2018-07-31,2,1807312,586.081665905607,5.0,31.2875,11.0,21.0,0.0,1.0,1.0
2018-07-31,3,1807313,285.872615508632,5.0,31.2875,11.0,21.0,0.0,1.0,1.0
2018-07-31,4,1807314,57.1027946933499,5.0,31.2875,11.0,21.0,0.0,1.0,1.0
2018-07-31,5,1807315,261.341312948599,5.0,31.2875,11.0,21.0,0.0,1.0,1.0
2018-08-01,1,1808011,,0.0,23.7625,10.0,0.0,0.0,1.0,1.0
2018-08-01,2,1808012,,0.0,23.7625,10.0,0.0,0.0,1.0,1.0
2018-08-01,3,1808013,,0.0,23.7625,10.0,0.0,0.0,1.0,1.0
2018-08-01,4,1808014,,0.0,23.7625,10.0,0.0,0.0,1.0,1.0
2018-08-01,5,1808015,,0.0,23.7625,10.0,0.0,0.0,1.0,1.0
2018-08-02,1,1808021,,0.0,26.1875,10.0,0.0,0.0,1.0,1.0
2018-08-02,2,1808022,,0.0,26.1875,10.0,0.0,0.0,1.0,1.0
2018-08-02,3,1808023,,0.0,26.1875,10.0,0.0,0.0,1.0,1.0
2018-08-02,4,1808024,,0.0,26.1875,10.0,0.0,0.0,1.0,1.0
2018-08-02,5,1808025,,0.0,26.1875,10.0,0.0,0.0,1.0,1.0
2018-08-03,1,1808031,,1.0,27.6625,10.0,0.0,0.0,1.0,1.0
2018-08-03,2,1808032,,1.0,27.6625,10.0,0.0,0.0,1.0,1.0
2018-08-03,3,1808033,,1.0,27.6625,10.0,0.0,0.0,1.0,1.0
2018-08-03,4,1808034,,1.0,27.6625,10.0,0.0,0.0,1.0,1.0
2018-08-03,5,1808035,,1.0,27.6625,10.0,0.0,0.0,1.0,1.0
2018-08-04,1,1808041,,4.0,25.1375,12.0,0.0,0.0,1.0,1.0
2018-08-04,2,1808042,,4.0,25.1375,12.0,0.0,0.0,1.0,1.0
2018-08-04,3,1808043,,4.0,25.1375,12.0,0.0,0.0,1.0,1.0
2018-08-04,4,1808044,,4.0,25.1375,12.0,0.0,0.0,1.0,1.0
2018-08-04,5,1808045,,4.0,25.1375,12.0,0.0,0.0,1.0,1.0
2018-08-05,1,1808051,,7.0,21.3,14.0,61.0,0.0,1.0,1.0
2018-08-05,2,1808052,,7.0,21.3,14.0,61.0,0.0,1.0,1.0
2018-08-05,3,1808053,,7.0,21.3,14.0,61.0,0.0,1.0,1.0
2018-08-05,4,1808054,,7.0,21.3,14.0,61.0,0.0,1.0,1.0
2018-08-05,5,1808055,,7.0,21.3,14.0,61.0,0.0,1.0,1.0
2018-08-06,1,1808061,,0.0,23.1,5.0,0.0,0.0,1.0,1.0
2018-08-06,2,1808062,,0.0,23.1,5.0,0.0,0.0,1.0,1.0
2018-08-06,3,1808063,,0.0,23.1,5.0,0.0,0.0,1.0,1.0
2018-08-06,4,1808064,,0.0,23.1,5.0,0.0,0.0,1.0,1.0
2018-08-06,5,1808065,,0.0,23.1,5.0,0.0,0.0,1.0,1.0
2018-08-07,1,1808071,,0.0,32.671428,7.0,0.0,0.0,1.0,1.0
2018-08-07,2,1808072,,0.0,32.671428,7.0,0.0,0.0,1.0,1.0
2018-08-07,3,1808073,,0.0,32.671428,7.0,0.0,0.0,1.0,1.0
2018-08-07,4,1808074,,0.0,32.671428,7.0,0.0,0.0,1.0,1.0
2018-08-07,5,1808075,,0.0,32.671428,7.0,0.0,0.0,1.0,1.0
2018-08-08,1,1808081,,4.0,28.15,10.0,0.0,0.0,1.0,1.0
2018-08-08,2,1808082,,4.0,28.15,10.0,0.0,0.0,1.0,1.0
2018-08-08,3,1808083,,4.0,28.15,10.0,0.0,0.0,1.0,1.0
2018-08-08,4,1808084,,4.0,28.15,10.0,0.0,0.0,1.0,1.0
2018-08-08,5,1808085,,4.0,28.15,10.0,0.0,0.0,1.0,1.0
2018-08-09,1,1808091,,5.0,24.575,13.0,21.0,0.0,1.0,1.0
2018-08-09,2,1808092,,5.0,24.575,13.0,21.0,0.0,1.0,1.0
2018-08-09,3,1808093,,5.0,24.575,13.0,21.0,0.0,1.0,1.0
2018-08-09,4,1808094,,5.0,24.575,13.0,21.0,0.0,1.0,1.0
2018-08-09,5,1808095,,5.0,24.575,13.0,21.0,0.0,1.0,1.0
2018-08-10,1,1808101,,5.0,17.325,16.0,61.0,0.0,1.0,1.0
2018-08-10,2,1808102,,5.0,17.325,16.0,61.0,0.0,1.0,1.0
2018-08-10,3,1808103,,5.0,17.325,16.0,61.0,0.0,1.0,1.0
2018-08-10,4,1808104,,5.0,17.325,16.0,61.0,0.0,1.0,1.0
2018-08-10,5,1808105,,5.0,17.325,16.0,61.0,0.0,1.0,1.0
2018-08-11,1,1808111,,6.0,15.5,13.0,61.0,0.0,1.0,1.0
2018-08-11,2,1808112,,6.0,15.5,13.0,61.0,0.0,1.0,1.0
2018-08-11,3,1808113,,6.0,15.5,13.0,61.0,0.0,1.0,1.0
2018-08-11,4,1808114,,6.0,15.5,13.0,61.0,0.0,1.0,1.0
2018-08-11,5,1808115,,6.0,15.5,13.0,61.0,0.0,1.0,1.0
2018-08-12,1,1808121,,7.0,18.375,9.0,61.0,0.0,1.0,1.0
2018-08-12,2,1808122,,7.0,18.375,9.0,61.0,0.0,1.0,1.0
2018-08-12,3,1808123,,7.0,18.375,9.0,61.0,0.0,1.0,1.0
2018-08-12,4,1808124,,7.0,18.375,9.0,61.0,0.0,1.0,1.0
2018-08-12,5,1808125,,7.0,18.375,9.0,61.0,0.0,1.0,1.0
2018-08-13,1,1808131,,7.0,21.9125,8.0,61.0,0.0,1.0,1.0
2018-08-13,2,1808132,,7.0,21.9125,8.0,61.0,0.0,1.0,1.0
2018-08-13,3,1808133,,7.0,21.9125,8.0,61.0,0.0,1.0,1.0
2018-08-13,4,1808134,,7.0,21.9125,8.0,61.0,0.0,1.0,1.0
2018-08-13,5,1808135,,7.0,21.9125,8.0,61.0,0.0,1.0,1.0
2018-08-14,1,1808141,,5.0,21.8,16.0,61.0,0.0,1.0,1.0
2018-08-14,2,1808142,,5.0,21.8,16.0,61.0,0.0,1.0,1.0
2018-08-14,3,1808143,,5.0,21.8,16.0,61.0,0.0,1.0,1.0
2018-08-14,4,1808144,,5.0,21.8,16.0,61.0,0.0,1.0,1.0
2018-08-14,5,1808145,,5.0,21.8,16.0,61.0,0.0,1.0,1.0
2018-08-15,1,1808151,,6.0,21.9875,13.0,21.0,0.0,1.0,1.0
2018-08-15,2,1808152,,6.0,21.9875,13.0,21.0,0.0,1.0,1.0
2018-08-15,3,1808153,,6.0,21.9875,13.0,21.0,0.0,1.0,1.0
2018-08-15,4,1808154,,6.0,21.9875,13.0,21.0,0.0,1.0,1.0
2018-08-15,5,1808155,,6.0,21.9875,13.0,21.0,0.0,1.0,1.0
2018-08-16,1,1808161,,3.0,25.075,9.0,0.0,0.0,1.0,1.0
2018-08-16,2,1808162,,3.0,25.075,9.0,0.0,0.0,1.0,1.0
2018-08-16,3,1808163,,3.0,25.075,9.0,0.0,0.0,1.0,1.0
2018-08-16,4,1808164,,3.0,25.075,9.0,0.0,0.0,1.0,1.0
2018-08-16,5,1808165,,3.0,25.075,9.0,0.0,0.0,1.0,1.0
2018-08-17,1,1808171,,7.0,19.55,9.0,61.0,0.0,1.0,1.0
2018-08-17,2,1808172,,7.0,19.55,9.0,61.0,0.0,1.0,1.0
2018-08-17,3,1808173,,7.0,19.55,9.0,61.0,0.0,1.0,1.0
2018-08-17,4,1808174,,7.0,19.55,9.0,61.0,0.0,1.0,1.0
2018-08-17,5,1808175,,7.0,19.55,9.0,61.0,0.0,1.0,1.0
2018-08-18,1,1808181,,4.0,21.75,10.0,61.0,0.0,1.0,1.0
2018-08-18,2,1808182,,4.0,21.75,10.0,61.0,0.0,1.0,1.0
2018-08-18,3,1808183,,4.0,21.75,10.0,61.0,0.0,1.0,1.0
2018-08-18,4,1808184,,4.0,21.75,10.0,61.0,0.0,1.0,1.0
2018-08-18,5,1808185,,4.0,21.75,10.0,61.0,0.0,1.0,1.0
2018-08-19,1,1808191,,7.0,21.3875,10.0,61.0,0.0,1.0,1.0
2018-08-19,2,1808192,,7.0,21.3875,10.0,61.0,0.0,1.0,1.0
2018-08-19,3,1808193,,7.0,21.3875,10.0,61.0,0.0,1.0,1.0
2018-08-19,4,1808194,,7.0,21.3875,10.0,61.0,0.0,1.0,1.0
2018-08-19,5,1808195,,7.0,21.3875,10.0,61.0,0.0,1.0,1.0
2018-08-20,1,1808201,,6.0,19.6,13.0,21.0,0.0,1.0,1.0
2018-08-20,2,1808202,,6.0,19.6,13.0,21.0,0.0,1.0,1.0
2018-08-20,3,1808203,,6.0,19.6,13.0,21.0,0.0,1.0,1.0
2018-08-20,4,1808204,,6.0,19.6,13.0,21.0,0.0,1.0,1.0
2018-08-20,5,1808205,,6.0,19.6,13.0,21.0,0.0,1.0,1.0
2018-08-21,1,1808211,,4.0,19.7875,8.0,21.0,0.0,1.0,1.0
2018-08-21,2,1808212,,4.0,19.7875,8.0,21.0,0.0,1.0,1.0
2018-08-21,3,1808213,,4.0,19.7875,8.0,21.0,0.0,1.0,1.0
2018-08-21,4,1808214,,4.0,19.7875,8.0,21.0,0.0,1.0,1.0
2018-08-21,5,1808215,,4.0,19.7875,8.0,21.0,0.0,1.0,1.0
2018-08-22,1,1808221,,0.0,26.6375,8.0,21.0,0.0,1.0,1.0
2018-08-22,2,1808222,,0.0,26.6375,8.0,21.0,0.0,1.0,1.0
2018-08-22,3,1808223,,0.0,26.6375,8.0,21.0,0.0,1.0,1.0
2018-08-22,4,1808224,,0.0,26.6375,8.0,21.0,0.0,1.0,1.0
2018-08-22,5,1808225,,0.0,26.6375,8.0,21.0,0.0,1.0,1.0
2018-08-23,1,1808231,,5.0,22.575,11.0,5.0,0.0,1.0,1.0
2018-08-23,2,1808232,,5.0,22.575,11.0,5.0,0.0,1.0,1.0
2018-08-23,3,1808233,,5.0,22.575,11.0,5.0,0.0,1.0,1.0
2018-08-23,4,1808234,,5.0,22.575,11.0,5.0,0.0,1.0,1.0
2018-08-23,5,1808235,,5.0,22.575,11.0,5.0,0.0,1.0,1.0
2018-08-24,1,1808241,,5.0,17.1,15.0,61.0,0.0,1.0,1.0
2018-08-24,2,1808242,,5.0,17.1,15.0,61.0,0.0,1.0,1.0
2018-08-24,3,1808243,,5.0,17.1,15.0,61.0,0.0,1.0,1.0
2018-08-24,4,1808244,,5.0,17.1,15.0,61.0,0.0,1.0,1.0
2018-08-24,5,1808245,,5.0,17.1,15.0,61.0,0.0,1.0,1.0
2018-08-25,1,1808251,,7.0,12.9,6.0,63.0,0.0,1.0,1.0
2018-08-25,2,1808252,,7.0,12.9,6.0,63.0,0.0,1.0,1.0
2018-08-25,3,1808253,,7.0,12.9,6.0,63.0,0.0,1.0,1.0
2018-08-25,4,1808254,,7.0,12.9,6.0,63.0,0.0,1.0,1.0
2018-08-25,5,1808255,,7.0,12.9,6.0,63.0,0.0,1.0,1.0
2018-08-26,1,1808261,,3.0,16.9875,12.0,21.0,0.0,1.0,1.0
2018-08-26,2,1808262,,3.0,16.9875,12.0,21.0,0.0,1.0,1.0
2018-08-26,3,1808263,,3.0,16.9875,12.0,21.0,0.0,1.0,1.0
2018-08-26,4,1808264,,3.0,16.9875,12.0,21.0,0.0,1.0,1.0
2018-08-26,5,1808265,,3.0,16.9875,12.0,21.0,0.0,1.0,1.0
2018-08-27,1,1808271,,6.0,16.5375,13.0,63.0,0.0,1.0,1.0
2018-08-27,2,1808272,,6.0,16.5375,13.0,63.0,0.0,1.0,1.0
2018-08-27,3,1808273,,6.0,16.5375,13.0,63.0,0.0,1.0,1.0
2018-08-27,4,1808274,,6.0,16.5375,13.0,63.0,0.0,1.0,1.0
2018-08-27,5,1808275,,6.0,16.5375,13.0,63.0,0.0,1.0,1.0
2018-08-28,1,1808281,,6.0,18.6125,9.0,61.0,0.0,1.0,1.0
2018-08-28,2,1808282,,6.0,18.6125,9.0,61.0,0.0,1.0,1.0
2018-08-28,3,1808283,,6.0,18.6125,9.0,61.0,0.0,1.0,1.0
2018-08-28,4,1808284,,6.0,18.6125,9.0,61.0,0.0,1.0,1.0
2018-08-28,5,1808285,,6.0,18.6125,9.0,61.0,0.0,1.0,1.0
2018-08-29,1,1808291,,0.0,22.7,12.0,0.0,0.0,1.0,1.0
2018-08-29,2,1808292,,0.0,22.7,12.0,0.0,0.0,1.0,1.0
2018-08-29,3,1808293,,0.0,22.7,12.0,0.0,0.0,1.0,1.0
2018-08-29,4,1808294,,0.0,22.7,12.0,0.0,0.0,1.0,1.0
2018-08-29,5,1808295,,0.0,22.7,12.0,0.0,0.0,1.0,1.0
2018-08-30,1,1808301,,7.0,15.4625,13.0,63.0,0.0,1.0,1.0
2018-08-30,2,1808302,,7.0,15.4625,13.0,63.0,0.0,1.0,1.0
2018-08-30,3,1808303,,7.0,15.4625,13.0,63.0,0.0,1.0,1.0
2018-08-30,4,1808304,,7.0,15.4625,13.0,63.0,0.0,1.0,1.0
2018-08-30,5,1808305,,7.0,15.4625,13.0,63.0,0.0,1.0,1.0
2018-08-31,1,1808311,,4.0,18.725,11.0,0.0,0.0,1.0,1.0
2018-08-31,2,1808312,,4.0,18.725,11.0,0.0,0.0,1.0,1.0
2018-08-31,3,1808313,,4.0,18.725,11.0,0.0,0.0,1.0,1.0
2018-08-31,4,1808314,,4.0,18.725,11.0,0.0,0.0,1.0,1.0
2018-08-31,5,1808315,,4.0,18.725,11.0,0.0,0.0,1.0,1.0
2018-09-01,1,1809011,,2.0,18.1125,8.0,0.0,0.0,0.0,1.0
2018-09-01,2,1809012,,2.0,18.1125,8.0,0.0,0.0,0.0,1.0
2018-09-01,3,1809013,,2.0,18.1125,8.0,0.0,0.0,0.0,1.0
2018-09-01,4,1809014,,2.0,18.1125,8.0,0.0,0.0,0.0,1.0
2018-09-01,5,1809015,,2.0,18.1125,8.0,0.0,0.0,0.0,1.0
2018-09-02,1,1809021,,1.0,18.95,11.0,5.0,0.0,0.0,1.0
2018-09-02,2,1809022,,1.0,18.95,11.0,5.0,0.0,0.0,1.0
2018-09-02,3,1809023,,1.0,18.95,11.0,5.0,0.0,0.0,1.0
2018-09-02,4,1809024,,1.0,18.95,11.0,5.0,0.0,0.0,1.0
2018-09-02,5,1809025,,1.0,18.95,11.0,5.0,0.0,0.0,1.0
2018-09-03,1,1809031,,2.0,21.0125,13.0,21.0,0.0,0.0,1.0
2018-09-03,2,1809032,,2.0,21.0125,13.0,21.0,0.0,0.0,1.0
2018-09-03,3,1809033,,2.0,21.0125,13.0,21.0,0.0,0.0,1.0
2018-09-03,4,1809034,,2.0,21.0125,13.0,21.0,0.0,0.0,1.0
2018-09-03,5,1809035,,2.0,21.0125,13.0,21.0,0.0,0.0,1.0
2018-09-04,1,1809041,,1.0,20.525,11.0,5.0,0.0,0.0,1.0
2018-09-04,2,1809042,,1.0,20.525,11.0,5.0,0.0,0.0,1.0
2018-09-04,3,1809043,,1.0,20.525,11.0,5.0,0.0,0.0,1.0
2018-09-04,4,1809044,,1.0,20.525,11.0,5.0,0.0,0.0,1.0
2018-09-04,5,1809045,,1.0,20.525,11.0,5.0,0.0,0.0,1.0
2018-09-05,1,1809051,,2.0,20.2875,11.0,0.0,0.0,0.0,1.0
2018-09-05,2,1809052,,2.0,20.2875,11.0,0.0,0.0,0.0,1.0
2018-09-05,3,1809053,,2.0,20.2875,11.0,0.0,0.0,0.0,1.0
2018-09-05,4,1809054,,2.0,20.2875,11.0,0.0,0.0,0.0,1.0
2018-09-05,5,1809055,,2.0,20.2875,11.0,0.0,0.0,0.0,1.0
2018-09-06,1,1809061,,0.0,21.275,11.0,0.0,0.0,0.0,1.0
2018-09-06,2,1809062,,0.0,21.275,11.0,0.0,0.0,0.0,1.0
2018-09-06,3,1809063,,0.0,21.275,11.0,0.0,0.0,0.0,1.0
2018-09-06,4,1809064,,0.0,21.275,11.0,0.0,0.0,0.0,1.0
2018-09-06,5,1809065,,0.0,21.275,11.0,0.0,0.0,0.0,1.0
2018-09-07,1,1809071,,7.0,17.475,12.0,61.0,0.0,0.0,1.0
2018-09-07,2,1809072,,7.0,17.475,12.0,61.0,0.0,0.0,1.0
2018-09-07,3,1809073,,7.0,17.475,12.0,61.0,0.0,0.0,1.0
2018-09-07,4,1809074,,7.0,17.475,12.0,61.0,0.0,0.0,1.0
2018-09-07,5,1809075,,7.0,17.475,12.0,61.0,0.0,0.0,1.0
2018-09-08,1,1809081,,6.0,18.0625,12.0,61.0,0.0,0.0,1.0
2018-09-08,2,1809082,,6.0,18.0625,12.0,61.0,0.0,0.0,1.0
2018-09-08,3,1809083,,6.0,18.0625,12.0,61.0,0.0,0.0,1.0
2018-09-08,4,1809084,,6.0,18.0625,12.0,61.0,0.0,0.0,1.0
2018-09-08,5,1809085,,6.0,18.0625,12.0,61.0,0.0,0.0,1.0
2018-09-09,1,1809091,,6.0,18.650000000000002,12.0,61.0,0.0,0.0,1.0
2018-09-09,2,1809092,,6.0,18.650000000000002,12.0,61.0,0.0,0.0,1.0
2018-09-09,3,1809093,,6.0,18.650000000000002,12.0,61.0,0.0,0.0,1.0
2018-09-09,4,1809094,,6.0,18.650000000000002,12.0,61.0,0.0,0.0,1.0
2018-09-09,5,1809095,,6.0,18.650000000000002,12.0,61.0,0.0,0.0,1.0
2018-09-10,1,1809101,,5.0,19.2375,12.0,61.0,0.0,0.0,1.0
2018-09-10,2,1809102,,5.0,19.2375,12.0,61.0,0.0,0.0,1.0
2018-09-10,3,1809103,,5.0,19.2375,12.0,61.0,0.0,0.0,1.0
2018-09-10,4,1809104,,5.0,19.2375,12.0,61.0,0.0,0.0,1.0
2018-09-10,5,1809105,,5.0,19.2375,12.0,61.0,0.0,0.0,1.0
2018-09-11,1,1809111,,7.0,16.55,12.0,61.0,0.0,0.0,1.0
2018-09-11,2,1809112,,7.0,16.55,12.0,61.0,0.0,0.0,1.0
2018-09-11,3,1809113,,7.0,16.55,12.0,61.0,0.0,0.0,1.0
2018-09-11,4,1809114,,7.0,16.55,12.0,61.0,0.0,0.0,1.0
2018-09-11,5,1809115,,7.0,16.55,12.0,61.0,0.0,0.0,1.0
2018-09-12,1,1809121,,7.0,14.3,11.0,61.0,0.0,0.0,1.0
2018-09-12,2,1809122,,7.0,14.3,11.0,61.0,0.0,0.0,1.0
2018-09-12,3,1809123,,7.0,14.3,11.0,61.0,0.0,0.0,1.0
2018-09-12,4,1809124,,7.0,14.3,11.0,61.0,0.0,0.0,1.0
2018-09-12,5,1809125,,7.0,14.3,11.0,61.0,0.0,0.0,1.0
2018-09-13,1,1809131,,4.0,17.3375,7.0,0.0,0.0,0.0,1.0
2018-09-13,2,1809132,,4.0,17.3375,7.0,0.0,0.0,0.0,1.0
2018-09-13,3,1809133,,4.0,17.3375,7.0,0.0,0.0,0.0,1.0
2018-09-13,4,1809134,,4.0,17.3375,7.0,0.0,0.0,0.0,1.0
2018-09-13,5,1809135,,4.0,17.3375,7.0,0.0,0.0,0.0,1.0
2018-09-14,1,1809141,,3.0,17.1125,9.0,0.0,0.0,0.0,1.0
2018-09-14,2,1809142,,3.0,17.1125,9.0,0.0,0.0,0.0,1.0
2018-09-14,3,1809143,,3.0,17.1125,9.0,0.0,0.0,0.0,1.0
2018-09-14,4,1809144,,3.0,17.1125,9.0,0.0,0.0,0.0,1.0
2018-09-14,5,1809145,,3.0,17.1125,9.0,0.0,0.0,0.0,1.0
2018-09-15,1,1809151,,3.0,16.804591714285714,10.0,0.0,0.0,0.0,1.0
2018-09-15,2,1809152,,3.0,16.804591714285714,10.0,0.0,0.0,0.0,1.0
2018-09-15,3,1809153,,3.0,16.804591714285714,10.0,0.0,0.0,0.0,1.0
2018-09-15,4,1809154,,3.0,16.804591714285714,10.0,0.0,0.0,0.0,1.0
2018-09-15,5,1809155,,3.0,16.804591714285714,10.0,0.0,0.0,0.0,1.0
2018-09-16,1,1809161,,4.0,16.49668342857143,11.0,0.0,0.0,0.0,1.0
2018-09-16,2,1809162,,4.0,16.49668342857143,11.0,0.0,0.0,0.0,1.0
2018-09-16,3,1809163,,4.0,16.49668342857143,11.0,0.0,0.0,0.0,1.0
2018-09-16,4,1809164,,4.0,16.49668342857143,11.0,0.0,0.0,0.0,1.0
2018-09-16,5,1809165,,4.0,16.49668342857143,11.0,0.0,0.0,0.0,1.0
2018-09-17,1,1809171,,4.0,16.188775142857143,12.0,0.0,0.0,0.0,1.0
2018-09-17,2,1809172,,4.0,16.188775142857143,12.0,0.0,0.0,0.0,1.0
2018-09-17,3,1809173,,4.0,16.188775142857143,12.0,0.0,0.0,0.0,1.0
2018-09-17,4,1809174,,4.0,16.188775142857143,12.0,0.0,0.0,0.0,1.0
2018-09-17,5,1809175,,4.0,16.188775142857143,12.0,0.0,0.0,0.0,1.0
2018-09-18,1,1809181,,5.0,15.880866857142857,13.0,0.0,0.0,0.0,1.0
2018-09-18,2,1809182,,5.0,15.880866857142857,13.0,0.0,0.0,0.0,1.0
2018-09-18,3,1809183,,5.0,15.880866857142857,13.0,0.0,0.0,0.0,1.0
2018-09-18,4,1809184,,5.0,15.880866857142857,13.0,0.0,0.0,0.0,1.0
2018-09-18,5,1809185,,5.0,15.880866857142857,13.0,0.0,0.0,0.0,1.0
2018-09-19,1,1809191,,5.0,15.572958571428572,14.0,0.0,0.0,0.0,1.0
2018-09-19,2,1809192,,5.0,15.572958571428572,14.0,0.0,0.0,0.0,1.0
2018-09-19,3,1809193,,5.0,15.572958571428572,14.0,0.0,0.0,0.0,1.0
2018-09-19,4,1809194,,5.0,15.572958571428572,14.0,0.0,0.0,0.0,1.0
2018-09-19,5,1809195,,5.0,15.572958571428572,14.0,0.0,0.0,0.0,1.0
2018-09-20,1,1809201,,6.0,15.265050285714285,15.0,0.0,0.0,0.0,1.0
2018-09-20,2,1809202,,6.0,15.265050285714285,15.0,0.0,0.0,0.0,1.0
2018-09-20,3,1809203,,6.0,15.265050285714285,15.0,0.0,0.0,0.0,1.0
2018-09-20,4,1809204,,6.0,15.265050285714285,15.0,0.0,0.0,0.0,1.0
2018-09-20,5,1809205,,6.0,15.265050285714285,15.0,0.0,0.0,0.0,1.0
2018-09-21,1,1809211,,6.0,14.957142,16.0,61.0,0.0,0.0,1.0
2018-09-21,2,1809212,,6.0,14.957142,16.0,61.0,0.0,0.0,1.0
2018-09-21,3,1809213,,6.0,14.957142,16.0,61.0,0.0,0.0,1.0
2018-09-21,4,1809214,,6.0,14.957142,16.0,61.0,0.0,0.0,1.0
2018-09-21,5,1809215,,6.0,14.957142,16.0,61.0,0.0,0.0,1.0
2018-09-22,1,1809221,,4.0,13.025,20.0,61.0,0.0,0.0,1.0
2018-09-22,2,1809222,,4.0,13.025,20.0,61.0,0.0,0.0,1.0
2018-09-22,3,1809223,,4.0,13.025,20.0,61.0,0.0,0.0,1.0
2018-09-22,4,1809224,,4.0,13.025,20.0,61.0,0.0,0.0,1.0
2018-09-22,5,1809225,,4.0,13.025,20.0,61.0,0.0,0.0,1.0
2018-09-23,1,1809231,,6.0,11.65,6.0,61.0,0.0,0.0,1.0
2018-09-23,2,1809232,,6.0,11.65,6.0,61.0,0.0,0.0,1.0
2018-09-23,3,1809233,,6.0,11.65,6.0,61.0,0.0,0.0,1.0
2018-09-23,4,1809234,,6.0,11.65,6.0,61.0,0.0,0.0,1.0
2018-09-23,5,1809235,,6.0,11.65,6.0,61.0,0.0,0.0,1.0
2018-09-24,1,1809241,,2.0,11.2875,17.0,21.0,0.0,0.0,1.0
2018-09-24,2,1809242,,2.0,11.2875,17.0,21.0,0.0,0.0,1.0
2018-09-24,3,1809243,,2.0,11.2875,17.0,21.0,0.0,0.0,1.0
2018-09-24,4,1809244,,2.0,11.2875,17.0,21.0,0.0,0.0,1.0
2018-09-24,5,1809245,,2.0,11.2875,17.0,21.0,0.0,0.0,1.0
2018-09-25,1,1809251,,3.0,12.7625,9.0,0.0,0.0,0.0,1.0
2018-09-25,2,1809252,,3.0,12.7625,9.0,0.0,0.0,0.0,1.0
2018-09-25,3,1809253,,3.0,12.7625,9.0,0.0,0.0,0.0,1.0
2018-09-25,4,1809254,,3.0,12.7625,9.0,0.0,0.0,0.0,1.0
2018-09-25,5,1809255,,3.0,12.7625,9.0,0.0,0.0,0.0,1.0
2018-09-26,1,1809261,,7.0,14.2375,16.0,61.0,0.0,0.0,1.0
2018-09-26,2,1809262,,7.0,14.2375,16.0,61.0,0.0,0.0,1.0
2018-09-26,3,1809263,,7.0,14.2375,16.0,61.0,0.0,0.0,1.0
2018-09-26,4,1809264,,7.0,14.2375,16.0,61.0,0.0,0.0,1.0
2018-09-26,5,1809265,,7.0,14.2375,16.0,61.0,0.0,0.0,1.0
2018-09-27,1,1809271,,7.0,17.6,13.0,0.0,0.0,0.0,1.0
2018-09-27,2,1809272,,7.0,17.6,13.0,0.0,0.0,0.0,1.0
2018-09-27,3,1809273,,7.0,17.6,13.0,0.0,0.0,0.0,1.0
2018-09-27,4,1809274,,7.0,17.6,13.0,0.0,0.0,0.0,1.0
2018-09-27,5,1809275,,7.0,17.6,13.0,0.0,0.0,0.0,1.0
2018-09-28,1,1809281,,1.0,12.8625,15.0,21.0,0.0,0.0,1.0
2018-09-28,2,1809282,,1.0,12.8625,15.0,21.0,0.0,0.0,1.0
2018-09-28,3,1809283,,1.0,12.8625,15.0,21.0,0.0,0.0,1.0
2018-09-28,4,1809284,,1.0,12.8625,15.0,21.0,0.0,0.0,1.0
2018-09-28,5,1809285,,1.0,12.8625,15.0,21.0,0.0,0.0,1.0
2018-09-29,1,1809291,,6.0,13.1,10.0,61.0,0.0,0.0,1.0
2018-09-29,2,1809292,,6.0,13.1,10.0,61.0,0.0,0.0,1.0
2018-09-29,3,1809293,,6.0,13.1,10.0,61.0,0.0,0.0,1.0
2018-09-29,4,1809294,,6.0,13.1,10.0,61.0,0.0,0.0,1.0
2018-09-29,5,1809295,,6.0,13.1,10.0,61.0,0.0,0.0,1.0
2018-09-30,1,1809301,,5.0,13.9625,12.0,21.0,0.0,0.0,1.0
2018-09-30,2,1809302,,5.0,13.9625,12.0,21.0,0.0,0.0,1.0
2018-09-30,3,1809303,,5.0,13.9625,12.0,21.0,0.0,0.0,1.0
2018-09-30,4,1809304,,5.0,13.9625,12.0,21.0,0.0,0.0,1.0
2018-09-30,5,1809305,,5.0,13.9625,12.0,21.0,0.0,0.0,1.0
2018-10-01,1,1810011,,5.0,11.1625,12.0,21.0,0.0,1.0,1.0
2018-10-01,2,1810012,,5.0,11.1625,12.0,21.0,0.0,1.0,1.0
2018-10-01,3,1810013,,5.0,11.1625,12.0,21.0,0.0,1.0,1.0
2018-10-01,4,1810014,,5.0,11.1625,12.0,21.0,0.0,1.0,1.0
2018-10-01,5,1810015,,5.0,11.1625,12.0,21.0,0.0,1.0,1.0
2018-10-02,1,1810021,,6.0,10.0,18.0,61.0,0.0,1.0,1.0
2018-10-02,2,1810022,,6.0,10.0,18.0,61.0,0.0,1.0,1.0
2018-10-02,3,1810023,,6.0,10.0,18.0,61.0,0.0,1.0,1.0
2018-10-02,4,1810024,,6.0,10.0,18.0,61.0,0.0,1.0,1.0
2018-10-02,5,1810025,,6.0,10.0,18.0,61.0,0.0,1.0,1.0
2018-10-03,1,1810031,,4.0,12.2875,18.0,21.0,0.0,1.0,1.0
2018-10-03,2,1810032,,4.0,12.2875,18.0,21.0,0.0,1.0,1.0
2018-10-03,3,1810033,,4.0,12.2875,18.0,21.0,0.0,1.0,1.0
2018-10-03,4,1810034,,4.0,12.2875,18.0,21.0,0.0,1.0,1.0
2018-10-03,5,1810035,,4.0,12.2875,18.0,21.0,0.0,1.0,1.0
2018-10-04,1,1810041,,7.0,14.2625,8.0,61.0,0.0,1.0,1.0
2018-10-04,2,1810042,,7.0,14.2625,8.0,61.0,0.0,1.0,1.0
2018-10-04,3,1810043,,7.0,14.2625,8.0,61.0,0.0,1.0,1.0
2018-10-04,4,1810044,,7.0,14.2625,8.0,61.0,0.0,1.0,1.0
2018-10-04,5,1810045,,7.0,14.2625,8.0,61.0,0.0,1.0,1.0
2018-10-05,1,1810051,,0.0,18.1125,8.0,5.0,0.0,1.0,1.0
2018-10-05,2,1810052,,0.0,18.1125,8.0,5.0,0.0,1.0,1.0
2018-10-05,3,1810053,,0.0,18.1125,8.0,5.0,0.0,1.0,1.0
2018-10-05,4,1810054,,0.0,18.1125,8.0,5.0,0.0,1.0,1.0
2018-10-05,5,1810055,,0.0,18.1125,8.0,5.0,0.0,1.0,1.0
2018-10-06,1,1810061,,1.0,14.3375,6.0,10.0,0.0,1.0,1.0
2018-10-06,2,1810062,,1.0,14.3375,6.0,10.0,0.0,1.0,1.0
2018-10-06,3,1810063,,1.0,14.3375,6.0,10.0,0.0,1.0,1.0
2018-10-06,4,1810064,,1.0,14.3375,6.0,10.0,0.0,1.0,1.0
2018-10-06,5,1810065,,1.0,14.3375,6.0,10.0,0.0,1.0,1.0
2018-10-07,1,1810071,,1.0,11.4,10.0,5.0,0.0,1.0,1.0
2018-10-07,2,1810072,,1.0,11.4,10.0,5.0,0.0,1.0,1.0
2018-10-07,3,1810073,,1.0,11.4,10.0,5.0,0.0,1.0,1.0
2018-10-07,4,1810074,,1.0,11.4,10.0,5.0,0.0,1.0,1.0
2018-10-07,5,1810075,,1.0,11.4,10.0,5.0,0.0,1.0,1.0
2018-10-08,1,1810081,,5.0,13.0625,10.0,5.0,0.0,1.0,1.0
2018-10-08,2,1810082,,5.0,13.0625,10.0,5.0,0.0,1.0,1.0
2018-10-08,3,1810083,,5.0,13.0625,10.0,5.0,0.0,1.0,1.0
2018-10-08,4,1810084,,5.0,13.0625,10.0,5.0,0.0,1.0,1.0
2018-10-08,5,1810085,,5.0,13.0625,10.0,5.0,0.0,1.0,1.0
2018-10-09,1,1810091,,3.0,15.125,9.0,0.0,0.0,1.0,1.0
2018-10-09,2,1810092,,3.0,15.125,9.0,0.0,0.0,1.0,1.0
2018-10-09,3,1810093,,3.0,15.125,9.0,0.0,0.0,1.0,1.0
2018-10-09,4,1810094,,3.0,15.125,9.0,0.0,0.0,1.0,1.0
2018-10-09,5,1810095,,3.0,15.125,9.0,0.0,0.0,1.0,1.0
2018-10-10,1,1810101,,0.0,17.1,6.0,10.0,0.0,1.0,1.0
2018-10-10,2,1810102,,0.0,17.1,6.0,10.0,0.0,1.0,1.0
2018-10-10,3,1810103,,0.0,17.1,6.0,10.0,0.0,1.0,1.0
2018-10-10,4,1810104,,0.0,17.1,6.0,10.0,0.0,1.0,1.0
2018-10-10,5,1810105,,0.0,17.1,6.0,10.0,0.0,1.0,1.0
2018-10-11,1,1810111,,0.0,19.633333,7.0,0.0,0.0,1.0,1.0
2018-10-11,2,1810112,,0.0,19.633333,7.0,0.0,0.0,1.0,1.0
2018-10-11,3,1810113,,0.0,19.633333,7.0,0.0,0.0,1.0,1.0
2018-10-11,4,1810114,,0.0,19.633333,7.0,0.0,0.0,1.0,1.0
2018-10-11,5,1810115,,0.0,19.633333,7.0,0.0,0.0,1.0,1.0
2018-10-12,1,1810121,,0.0,21.4125,7.0,0.0,0.0,1.0,1.0
2018-10-12,2,1810122,,0.0,21.4125,7.0,0.0,0.0,1.0,1.0
2018-10-12,3,1810123,,0.0,21.4125,7.0,0.0,0.0,1.0,1.0
2018-10-12,4,1810124,,0.0,21.4125,7.0,0.0,0.0,1.0,1.0
2018-10-12,5,1810125,,0.0,21.4125,7.0,0.0,0.0,1.0,1.0
2018-10-13,1,1810131,,0.0,21.20416666666667,6.666666666666667,0.0,0.0,0.0,1.0
2018-10-13,2,1810132,,0.0,21.20416666666667,6.666666666666667,0.0,0.0,0.0,1.0
2018-10-13,3,1810133,,0.0,21.20416666666667,6.666666666666667,0.0,0.0,0.0,1.0
2018-10-13,4,1810134,,0.0,21.20416666666667,6.666666666666667,0.0,0.0,0.0,1.0
2018-10-13,5,1810135,,0.0,21.20416666666667,6.666666666666667,0.0,0.0,0.0,1.0
2018-10-14,1,1810141,,0.0,20.995833333333334,6.333333333333333,0.0,0.0,0.0,1.0
2018-10-14,2,1810142,,0.0,20.995833333333334,6.333333333333333,0.0,0.0,0.0,1.0
2018-10-14,3,1810143,,0.0,20.995833333333334,6.333333333333333,0.0,0.0,0.0,1.0
2018-10-14,4,1810144,,0.0,20.995833333333334,6.333333333333333,0.0,0.0,0.0,1.0
2018-10-14,5,1810145,,0.0,20.995833333333334,6.333333333333333,0.0,0.0,0.0,1.0
2018-10-15,1,1810151,,0.0,20.7875,6.0,0.0,0.0,0.0,1.0
2018-10-15,2,1810152,,0.0,20.7875,6.0,0.0,0.0,0.0,1.0
2018-10-15,3,1810153,,0.0,20.7875,6.0,0.0,0.0,0.0,1.0
2018-10-15,4,1810154,,0.0,20.7875,6.0,0.0,0.0,0.0,1.0
2018-10-15,5,1810155,,0.0,20.7875,6.0,0.0,0.0,0.0,1.0
2018-10-16,1,1810161,,7.0,19.0625,6.0,10.0,0.0,0.0,1.0
2018-10-16,2,1810162,,7.0,19.0625,6.0,10.0,0.0,0.0,1.0
2018-10-16,3,1810163,,7.0,19.0625,6.0,10.0,0.0,0.0,1.0
2018-10-16,4,1810164,,7.0,19.0625,6.0,10.0,0.0,0.0,1.0
2018-10-16,5,1810165,,7.0,19.0625,6.0,10.0,0.0,0.0,1.0
2018-10-17,1,1810171,,2.0,20.8375,5.0,5.0,0.0,0.0,1.0
2018-10-17,2,1810172,,2.0,20.8375,5.0,5.0,0.0,0.0,1.0
2018-10-17,3,1810173,,2.0,20.8375,5.0,5.0,0.0,0.0,1.0
2018-10-17,4,1810174,,2.0,20.8375,5.0,5.0,0.0,0.0,1.0
2018-10-17,5,1810175,,2.0,20.8375,5.0,5.0,0.0,0.0,1.0
2018-10-18,1,1810181,,1.0,12.816666,12.0,5.0,0.0,0.0,1.0
2018-10-18,2,1810182,,1.0,12.816666,12.0,5.0,0.0,0.0,1.0
2018-10-18,3,1810183,,1.0,12.816666,12.0,5.0,0.0,0.0,1.0
2018-10-18,4,1810184,,1.0,12.816666,12.0,5.0,0.0,0.0,1.0
2018-10-18,5,1810185,,1.0,12.816666,12.0,5.0,0.0,0.0,1.0
2018-10-19,1,1810191,,3.0,10.925,6.0,5.0,0.0,0.0,1.0
2018-10-19,2,1810192,,3.0,10.925,6.0,5.0,0.0,0.0,1.0
2018-10-19,3,1810193,,3.0,10.925,6.0,5.0,0.0,0.0,1.0
2018-10-19,4,1810194,,3.0,10.925,6.0,5.0,0.0,0.0,1.0
2018-10-19,5,1810195,,3.0,10.925,6.0,5.0,0.0,0.0,1.0
2018-10-20,1,1810201,,3.0,10.983333333333334,8.666666666666666,5.0,0.0,0.0,1.0
2018-10-20,2,1810202,,3.0,10.983333333333334,8.666666666666666,5.0,0.0,0.0,1.0
2018-10-20,3,1810203,,3.0,10.983333333333334,8.666666666666666,5.0,0.0,0.0,1.0
2018-10-20,4,1810204,,3.0,10.983333333333334,8.666666666666666,5.0,0.0,0.0,1.0
2018-10-20,5,1810205,,3.0,10.983333333333334,8.666666666666666,5.0,0.0,0.0,1.0
2018-10-21,1,1810211,,2.0,11.041666666666666,11.333333333333332,5.0,0.0,0.0,1.0
2018-10-21,2,1810212,,2.0,11.041666666666666,11.333333333333332,5.0,0.0,0.0,1.0
2018-10-21,3,1810213,,2.0,11.041666666666666,11.333333333333332,5.0,0.0,0.0,1.0
2018-10-21,4,1810214,,2.0,11.041666666666666,11.333333333333332,5.0,0.0,0.0,1.0
2018-10-21,5,1810215,,2.0,11.041666666666666,11.333333333333332,5.0,0.0,0.0,1.0
2018-10-22,1,1810221,,2.0,11.1,14.0,0.0,0.0,0.0,1.0
2018-10-22,2,1810222,,2.0,11.1,14.0,0.0,0.0,0.0,1.0
2018-10-22,3,1810223,,2.0,11.1,14.0,0.0,0.0,0.0,1.0
2018-10-22,4,1810224,,2.0,11.1,14.0,0.0,0.0,0.0,1.0
2018-10-22,5,1810225,,2.0,11.1,14.0,0.0,0.0,0.0,1.0
2018-10-23,1,1810231,,7.0,11.925,23.0,63.0,0.0,0.0,1.0
2018-10-23,2,1810232,,7.0,11.925,23.0,63.0,0.0,0.0,1.0
2018-10-23,3,1810233,,7.0,11.925,23.0,63.0,0.0,0.0,1.0
2018-10-23,4,1810234,,7.0,11.925,23.0,63.0,0.0,0.0,1.0
2018-10-23,5,1810235,,7.0,11.925,23.0,63.0,0.0,0.0,1.0
2018-10-24,1,1810241,,4.0,10.357142,11.0,0.0,0.0,0.0,1.0
2018-10-24,2,1810242,,4.0,10.357142,11.0,0.0,0.0,0.0,1.0
2018-10-24,3,1810243,,4.0,10.357142,11.0,0.0,0.0,0.0,1.0
2018-10-24,4,1810244,,4.0,10.357142,11.0,0.0,0.0,0.0,1.0
2018-10-24,5,1810245,,4.0,10.357142,11.0,0.0,0.0,0.0,1.0
2018-10-25,1,1810251,,6.0,11.125,19.0,21.0,0.0,0.0,1.0
2018-10-25,2,1810252,,6.0,11.125,19.0,21.0,0.0,0.0,1.0
2018-10-25,3,1810253,,6.0,11.125,19.0,21.0,0.0,0.0,1.0
2018-10-25,4,1810254,,6.0,11.125,19.0,21.0,0.0,0.0,1.0
2018-10-25,5,1810255,,6.0,11.125,19.0,21.0,0.0,0.0,1.0
2018-10-26,1,1810261,,7.0,10.325,9.0,63.0,0.0,0.0,1.0
2018-10-26,2,1810262,,7.0,10.325,9.0,63.0,0.0,0.0,1.0
2018-10-26,3,1810263,,7.0,10.325,9.0,63.0,0.0,0.0,1.0
2018-10-26,4,1810264,,7.0,10.325,9.0,63.0,0.0,0.0,1.0
2018-10-26,5,1810265,,7.0,10.325,9.0,63.0,0.0,0.0,1.0
2018-10-27,1,1810271,,7.0,5.8375,13.0,63.0,0.0,0.0,1.0
2018-10-27,2,1810272,,7.0,5.8375,13.0,63.0,0.0,0.0,1.0
2018-10-27,3,1810273,,7.0,5.8375,13.0,63.0,0.0,0.0,1.0
2018-10-27,4,1810274,,7.0,5.8375,13.0,63.0,0.0,0.0,1.0
2018-10-27,5,1810275,,7.0,5.8375,13.0,63.0,0.0,0.0,1.0
2018-10-28,1,1810281,,2.0,5.5875,14.0,0.0,0.0,0.0,1.0
2018-10-28,2,1810282,,2.0,5.5875,14.0,0.0,0.0,0.0,1.0
2018-10-28,3,1810283,,2.0,5.5875,14.0,0.0,0.0,0.0,1.0
2018-10-28,4,1810284,,2.0,5.5875,14.0,0.0,0.0,0.0,1.0
2018-10-28,5,1810285,,2.0,5.5875,14.0,0.0,0.0,0.0,1.0
2018-10-29,1,1810291,,7.0,7.3625,17.0,21.0,0.0,0.0,1.0
2018-10-29,2,1810292,,7.0,7.3625,17.0,21.0,0.0,0.0,1.0
2018-10-29,3,1810293,,7.0,7.3625,17.0,21.0,0.0,0.0,1.0
2018-10-29,4,1810294,,7.0,7.3625,17.0,21.0,0.0,0.0,1.0
2018-10-29,5,1810295,,7.0,7.3625,17.0,21.0,0.0,0.0,1.0
2018-10-30,1,1810301,,7.0,10.6375,11.0,20.0,0.0,0.0,1.0
2018-10-30,2,1810302,,7.0,10.6375,11.0,20.0,0.0,0.0,1.0
2018-10-30,3,1810303,,7.0,10.6375,11.0,20.0,0.0,0.0,1.0
2018-10-30,4,1810304,,7.0,10.6375,11.0,20.0,0.0,0.0,1.0
2018-10-30,5,1810305,,7.0,10.6375,11.0,20.0,0.0,0.0,1.0
2018-10-31,1,1810311,,5.0,9.9,10.0,0.0,0.0,0.0,1.0
2018-10-31,2,1810312,,5.0,9.9,10.0,0.0,0.0,0.0,1.0
2018-10-31,3,1810313,,5.0,9.9,10.0,0.0,0.0,0.0,1.0
2018-10-31,4,1810314,,5.0,9.9,10.0,0.0,0.0,0.0,1.0
2018-10-31,5,1810315,,5.0,9.9,10.0,0.0,0.0,0.0,1.0
2018-11-01,1,1811011,,5.0,11.725,8.0,0.0,0.0,0.0,1.0
2018-11-01,2,1811012,,5.0,11.725,8.0,0.0,0.0,0.0,1.0
2018-11-01,3,1811013,,5.0,11.725,8.0,0.0,0.0,0.0,1.0
2018-11-01,4,1811014,,5.0,11.725,8.0,0.0,0.0,0.0,1.0
2018-11-01,5,1811015,,5.0,11.725,8.0,0.0,0.0,0.0,1.0
2018-11-01,6,1811016,,5.0,11.725,8.0,0.0,0.0,0.0,1.0
2018-11-02,1,1811021,,6.0,10.675,12.0,61.0,0.0,0.0,1.0
2018-11-02,2,1811022,,6.0,10.675,12.0,61.0,0.0,0.0,1.0
2018-11-02,3,1811023,,6.0,10.675,12.0,61.0,0.0,0.0,1.0
2018-11-02,4,1811024,,6.0,10.675,12.0,61.0,0.0,0.0,1.0
2018-11-02,5,1811025,,6.0,10.675,12.0,61.0,0.0,0.0,1.0
2018-11-02,6,1811026,,6.0,10.675,12.0,61.0,0.0,0.0,1.0
2018-11-03,1,1811031,,0.0,8.7,5.0,10.0,0.0,0.0,1.0
2018-11-03,2,1811032,,0.0,8.7,5.0,10.0,0.0,0.0,1.0
2018-11-03,3,1811033,,0.0,8.7,5.0,10.0,0.0,0.0,1.0
2018-11-03,4,1811034,,0.0,8.7,5.0,10.0,0.0,0.0,1.0
2018-11-03,5,1811035,,0.0,8.7,5.0,10.0,0.0,0.0,1.0
2018-11-03,6,1811036,,0.0,8.7,5.0,10.0,0.0,0.0,1.0
2018-11-04,1,1811041,,8.0,8.225,5.0,10.0,0.0,0.0,1.0
2018-11-04,2,1811042,,8.0,8.225,5.0,10.0,0.0,0.0,1.0
2018-11-04,3,1811043,,8.0,8.225,5.0,10.0,0.0,0.0,1.0
2018-11-04,4,1811044,,8.0,8.225,5.0,10.0,0.0,0.0,1.0
2018-11-04,5,1811045,,8.0,8.225,5.0,10.0,0.0,0.0,1.0
2018-11-04,6,1811046,,8.0,8.225,5.0,10.0,0.0,0.0,1.0
2018-11-05,1,1811051,,8.0,10.4125,6.0,10.0,0.0,0.0,1.0
2018-11-05,2,1811052,,8.0,10.4125,6.0,10.0,0.0,0.0,1.0
2018-11-05,3,1811053,,8.0,10.4125,6.0,10.0,0.0,0.0,1.0
2018-11-05,4,1811054,,8.0,10.4125,6.0,10.0,0.0,0.0,1.0
2018-11-05,5,1811055,,8.0,10.4125,6.0,10.0,0.0,0.0,1.0
2018-11-05,6,1811056,,8.0,10.4125,6.0,10.0,0.0,0.0,1.0
2018-11-06,1,1811061,,7.0,8.5375,5.0,45.0,0.0,0.0,1.0
2018-11-06,2,1811062,,7.0,8.5375,5.0,45.0,0.0,0.0,1.0
2018-11-06,3,1811063,,7.0,8.5375,5.0,45.0,0.0,0.0,1.0
2018-11-06,4,1811064,,7.0,8.5375,5.0,45.0,0.0,0.0,1.0
2018-11-06,5,1811065,,7.0,8.5375,5.0,45.0,0.0,0.0,1.0
2018-11-06,6,1811066,,7.0,8.5375,5.0,45.0,0.0,0.0,1.0
2018-11-07,1,1811071,,1.0,11.0875,4.0,28.0,0.0,0.0,1.0
2018-11-07,2,1811072,,1.0,11.0875,4.0,28.0,0.0,0.0,1.0
2018-11-07,3,1811073,,1.0,11.0875,4.0,28.0,0.0,0.0,1.0
2018-11-07,4,1811074,,1.0,11.0875,4.0,28.0,0.0,0.0,1.0
2018-11-07,5,1811075,,1.0,11.0875,4.0,28.0,0.0,0.0,1.0
2018-11-07,6,1811076,,1.0,11.0875,4.0,28.0,0.0,0.0,1.0
2018-11-08,1,1811081,,6.0,11.625,7.0,20.0,0.0,0.0,1.0
2018-11-08,2,1811082,,6.0,11.625,7.0,20.0,0.0,0.0,1.0
2018-11-08,3,1811083,,6.0,11.625,7.0,20.0,0.0,0.0,1.0
2018-11-08,4,1811084,,6.0,11.625,7.0,20.0,0.0,0.0,1.0
2018-11-08,5,1811085,,6.0,11.625,7.0,20.0,0.0,0.0,1.0
2018-11-08,6,1811086,,6.0,11.625,7.0,20.0,0.0,0.0,1.0
2018-11-09,1,1811091,,7.0,9.3,6.0,61.0,0.0,0.0,1.0
2018-11-09,2,1811092,,7.0,9.3,6.0,61.0,0.0,0.0,1.0
2018-11-09,3,1811093,,7.0,9.3,6.0,61.0,0.0,0.0,1.0
2018-11-09,4,1811094,,7.0,9.3,6.0,61.0,0.0,0.0,1.0
2018-11-09,5,1811095,,7.0,9.3,6.0,61.0,0.0,0.0,1.0
2018-11-09,6,1811096,,7.0,9.3,6.0,61.0,0.0,0.0,1.0
2018-11-10,1,1811101,,7.0,11.425,8.0,61.0,0.0,0.0,1.0
2018-11-10,2,1811102,,7.0,11.425,8.0,61.0,0.0,0.0,1.0
2018-11-10,3,1811103,,7.0,11.425,8.0,61.0,0.0,0.0,1.0
2018-11-10,4,1811104,,7.0,11.425,8.0,61.0,0.0,0.0,1.0
2018-11-10,5,1811105,,7.0,11.425,8.0,61.0,0.0,0.0,1.0
2018-11-10,6,1811106,,7.0,11.425,8.0,61.0,0.0,0.0,1.0
2018-11-11,1,1811111,,7.0,12.2375,8.0,61.0,0.0,0.0,1.0
2018-11-11,2,1811112,,7.0,12.2375,8.0,61.0,0.0,0.0,1.0
2018-11-11,3,1811113,,7.0,12.2375,8.0,61.0,0.0,0.0,1.0
2018-11-11,4,1811114,,7.0,12.2375,8.0,61.0,0.0,0.0,1.0
2018-11-11,5,1811115,,7.0,12.2375,8.0,61.0,0.0,0.0,1.0
2018-11-11,6,1811116,,7.0,12.2375,8.0,61.0,0.0,0.0,1.0
2018-11-12,1,1811121,,7.0,10.5375,4.0,61.0,0.0,0.0,1.0
2018-11-12,2,1811122,,7.0,10.5375,4.0,61.0,0.0,0.0,1.0
2018-11-12,3,1811123,,7.0,10.5375,4.0,61.0,0.0,0.0,1.0
2018-11-12,4,1811124,,7.0,10.5375,4.0,61.0,0.0,0.0,1.0
2018-11-12,5,1811125,,7.0,10.5375,4.0,61.0,0.0,0.0,1.0
2018-11-12,6,1811126,,7.0,10.5375,4.0,61.0,0.0,0.0,1.0
2018-11-13,1,1811131,,7.0,10.325,9.0,61.0,0.0,0.0,1.0
2018-11-13,2,1811132,,7.0,10.325,9.0,61.0,0.0,0.0,1.0
2018-11-13,3,1811133,,7.0,10.325,9.0,61.0,0.0,0.0,1.0
2018-11-13,4,1811134,,7.0,10.325,9.0,61.0,0.0,0.0,1.0
2018-11-13,5,1811135,,7.0,10.325,9.0,61.0,0.0,0.0,1.0
2018-11-13,6,1811136,,7.0,10.325,9.0,61.0,0.0,0.0,1.0
2018-11-14,1,1811141,,7.0,8.4375,7.0,10.0,0.0,0.0,1.0
2018-11-14,2,1811142,,7.0,8.4375,7.0,10.0,0.0,0.0,1.0
2018-11-14,3,1811143,,7.0,8.4375,7.0,10.0,0.0,0.0,1.0
2018-11-14,4,1811144,,7.0,8.4375,7.0,10.0,0.0,0.0,1.0
2018-11-14,5,1811145,,7.0,8.4375,7.0,10.0,0.0,0.0,1.0
2018-11-14,6,1811146,,7.0,8.4375,7.0,10.0,0.0,0.0,1.0
2018-11-15,1,1811151,,2.0,10.35,6.0,5.0,0.0,0.0,1.0
2018-11-15,2,1811152,,2.0,10.35,6.0,5.0,0.0,0.0,1.0
2018-11-15,3,1811153,,2.0,10.35,6.0,5.0,0.0,0.0,1.0
2018-11-15,4,1811154,,2.0,10.35,6.0,5.0,0.0,0.0,1.0
2018-11-15,5,1811155,,2.0,10.35,6.0,5.0,0.0,0.0,1.0
2018-11-15,6,1811156,,2.0,10.35,6.0,5.0,0.0,0.0,1.0
2018-11-16,1,1811161,,0.0,8.2625,7.0,10.0,0.0,0.0,1.0
2018-11-16,2,1811162,,0.0,8.2625,7.0,10.0,0.0,0.0,1.0
2018-11-16,3,1811163,,0.0,8.2625,7.0,10.0,0.0,0.0,1.0
2018-11-16,4,1811164,,0.0,8.2625,7.0,10.0,0.0,0.0,1.0
2018-11-16,5,1811165,,0.0,8.2625,7.0,10.0,0.0,0.0,1.0
2018-11-16,6,1811166,,0.0,8.2625,7.0,10.0,0.0,0.0,1.0
2018-11-17,1,1811171,,0.0,5.375,10.0,10.0,0.0,0.0,1.0
2018-11-17,2,1811172,,0.0,5.375,10.0,10.0,0.0,0.0,1.0
2018-11-17,3,1811173,,0.0,5.375,10.0,10.0,0.0,0.0,1.0
2018-11-17,4,1811174,,0.0,5.375,10.0,10.0,0.0,0.0,1.0
2018-11-17,5,1811175,,0.0,5.375,10.0,10.0,0.0,0.0,1.0
2018-11-17,6,1811176,,0.0,5.375,10.0,10.0,0.0,0.0,1.0
2018-11-18,1,1811181,,7.0,6.75,14.0,0.0,0.0,0.0,1.0
2018-11-18,2,1811182,,7.0,6.75,14.0,0.0,0.0,0.0,1.0
2018-11-18,3,1811183,,7.0,6.75,14.0,0.0,0.0,0.0,1.0
2018-11-18,4,1811184,,7.0,6.75,14.0,0.0,0.0,0.0,1.0
2018-11-18,5,1811185,,7.0,6.75,14.0,0.0,0.0,0.0,1.0
2018-11-18,6,1811186,,7.0,6.75,14.0,0.0,0.0,0.0,1.0
2018-11-19,1,1811191,,6.0,5.775,21.0,61.0,0.0,0.0,1.0
2018-11-19,2,1811192,,6.0,5.775,21.0,61.0,0.0,0.0,1.0
2018-11-19,3,1811193,,6.0,5.775,21.0,61.0,0.0,0.0,1.0
2018-11-19,4,1811194,,6.0,5.775,21.0,61.0,0.0,0.0,1.0
2018-11-19,5,1811195,,6.0,5.775,21.0,61.0,0.0,0.0,1.0
2018-11-19,6,1811196,,6.0,5.775,21.0,61.0,0.0,0.0,1.0
2018-11-20,1,1811201,,7.0,4.725,16.0,61.0,0.0,0.0,1.0
2018-11-20,2,1811202,,7.0,4.725,16.0,61.0,0.0,0.0,1.0
2018-11-20,3,1811203,,7.0,4.725,16.0,61.0,0.0,0.0,1.0
2018-11-20,4,1811204,,7.0,4.725,16.0,61.0,0.0,0.0,1.0
2018-11-20,5,1811205,,7.0,4.725,16.0,61.0,0.0,0.0,1.0
2018-11-20,6,1811206,,7.0,4.725,16.0,61.0,0.0,0.0,1.0
2018-11-21,1,1811211,,7.0,3.05,12.0,0.0,0.0,0.0,1.0
2018-11-21,2,1811212,,7.0,3.05,12.0,0.0,0.0,0.0,1.0
2018-11-21,3,1811213,,7.0,3.05,12.0,0.0,0.0,0.0,1.0
2018-11-21,4,1811214,,7.0,3.05,12.0,0.0,0.0,0.0,1.0
2018-11-21,5,1811215,,7.0,3.05,12.0,0.0,0.0,0.0,1.0
2018-11-21,6,1811216,,7.0,3.05,12.0,0.0,0.0,0.0,1.0
2018-11-22,1,1811221,,8.0,1.5125,9.0,21.0,0.0,0.0,1.0
2018-11-22,2,1811222,,8.0,1.5125,9.0,21.0,0.0,0.0,1.0
2018-11-22,3,1811223,,8.0,1.5125,9.0,21.0,0.0,0.0,1.0
2018-11-22,4,1811224,,8.0,1.5125,9.0,21.0,0.0,0.0,1.0
2018-11-22,5,1811225,,8.0,1.5125,9.0,21.0,0.0,0.0,1.0
2018-11-22,6,1811226,,8.0,1.5125,9.0,21.0,0.0,0.0,1.0
2018-11-23,1,1811231,,8.0,1.8875,6.0,10.0,0.0,0.0,1.0
2018-11-23,2,1811232,,8.0,1.8875,6.0,10.0,0.0,0.0,1.0
2018-11-23,3,1811233,,8.0,1.8875,6.0,10.0,0.0,0.0,1.0
2018-11-23,4,1811234,,8.0,1.8875,6.0,10.0,0.0,0.0,1.0
2018-11-23,5,1811235,,8.0,1.8875,6.0,10.0,0.0,0.0,1.0
2018-11-23,6,1811236,,8.0,1.8875,6.0,10.0,0.0,0.0,1.0
2018-11-24,1,1811241,,8.0,3.025,4.0,10.0,0.0,0.0,1.0
2018-11-24,2,1811242,,8.0,3.025,4.0,10.0,0.0,0.0,1.0
2018-11-24,3,1811243,,8.0,3.025,4.0,10.0,0.0,0.0,1.0
2018-11-24,4,1811244,,8.0,3.025,4.0,10.0,0.0,0.0,1.0
2018-11-24,5,1811245,,8.0,3.025,4.0,10.0,0.0,0.0,1.0
2018-11-24,6,1811246,,8.0,3.025,4.0,10.0,0.0,0.0,1.0
2018-11-25,1,1811251,,8.0,5.1625,12.0,53.0,0.0,0.0,1.0
2018-11-25,2,1811252,,8.0,5.1625,12.0,53.0,0.0,0.0,1.0
2018-11-25,3,1811253,,8.0,5.1625,12.0,53.0,0.0,0.0,1.0
2018-11-25,4,1811254,,8.0,5.1625,12.0,53.0,0.0,0.0,1.0
2018-11-25,5,1811255,,8.0,5.1625,12.0,53.0,0.0,0.0,1.0
2018-11-25,6,1811256,,8.0,5.1625,12.0,53.0,0.0,0.0,1.0
2018-11-26,1,1811261,,7.0,4.95,12.0,61.0,0.0,0.0,1.0
2018-11-26,2,1811262,,7.0,4.95,12.0,61.0,0.0,0.0,1.0
2018-11-26,3,1811263,,7.0,4.95,12.0,61.0,0.0,0.0,1.0
2018-11-26,4,1811264,,7.0,4.95,12.0,61.0,0.0,0.0,1.0
2018-11-26,5,1811265,,7.0,4.95,12.0,61.0,0.0,0.0,1.0
2018-11-26,6,1811266,,7.0,4.95,12.0,61.0,0.0,0.0,1.0
2018-11-27,1,1811271,,8.0,2.1625,3.0,61.0,0.0,0.0,1.0
2018-11-27,2,1811272,,8.0,2.1625,3.0,61.0,0.0,0.0,1.0
2018-11-27,3,1811273,,8.0,2.1625,3.0,61.0,0.0,0.0,1.0
2018-11-27,4,1811274,,8.0,2.1625,3.0,61.0,0.0,0.0,1.0
2018-11-27,5,1811275,,8.0,2.1625,3.0,61.0,0.0,0.0,1.0
2018-11-27,6,1811276,,8.0,2.1625,3.0,61.0,0.0,0.0,1.0
2018-11-28,1,1811281,,3.0,1.5,10.0,5.0,0.0,0.0,1.0
2018-11-28,2,1811282,,3.0,1.5,10.0,5.0,0.0,0.0,1.0
2018-11-28,3,1811283,,3.0,1.5,10.0,5.0,0.0,0.0,1.0
2018-11-28,4,1811284,,3.0,1.5,10.0,5.0,0.0,0.0,1.0
2018-11-28,5,1811285,,3.0,1.5,10.0,5.0,0.0,0.0,1.0
2018-11-28,6,1811286,,3.0,1.5,10.0,5.0,0.0,0.0,1.0
2018-11-29,1,1811291,,7.0,3.3,10.0,61.0,0.0,0.0,1.0
2018-11-29,2,1811292,,7.0,3.3,10.0,61.0,0.0,0.0,1.0
2018-11-29,3,1811293,,7.0,3.3,10.0,61.0,0.0,0.0,1.0
2018-11-29,4,1811294,,7.0,3.3,10.0,61.0,0.0,0.0,1.0
2018-11-29,5,1811295,,7.0,3.3,10.0,61.0,0.0,0.0,1.0
2018-11-29,6,1811296,,7.0,3.3,10.0,61.0,0.0,0.0,1.0
2018-11-30,1,1811301,,5.0,7.8375,8.0,61.0,0.0,0.0,1.0
2018-11-30,2,1811302,,5.0,7.8375,8.0,61.0,0.0,0.0,1.0
2018-11-30,3,1811303,,5.0,7.8375,8.0,61.0,0.0,0.0,1.0
2018-11-30,4,1811304,,5.0,7.8375,8.0,61.0,0.0,0.0,1.0
2018-11-30,5,1811305,,5.0,7.8375,8.0,61.0,0.0,0.0,1.0
2018-11-30,6,1811306,,5.0,7.8375,8.0,61.0,0.0,0.0,1.0
2018-12-01,1,1812011,,7.0,7.1625,8.0,61.0,0.0,0.0,1.0
2018-12-01,2,1812012,,7.0,7.1625,8.0,61.0,0.0,0.0,1.0
2018-12-01,3,1812013,,7.0,7.1625,8.0,61.0,0.0,0.0,1.0
2018-12-01,4,1812014,,7.0,7.1625,8.0,61.0,0.0,0.0,1.0
2018-12-01,5,1812015,,7.0,7.1625,8.0,61.0,0.0,0.0,1.0
2018-12-01,6,1812016,,7.0,7.1625,8.0,61.0,0.0,0.0,1.0
2018-12-02,1,1812021,,7.0,8.15,8.0,61.0,0.0,0.0,1.0
2018-12-02,2,1812022,,7.0,8.15,8.0,61.0,0.0,0.0,1.0
2018-12-02,3,1812023,,7.0,8.15,8.0,61.0,0.0,0.0,1.0
2018-12-02,4,1812024,,7.0,8.15,8.0,61.0,0.0,0.0,1.0
2018-12-02,5,1812025,,7.0,8.15,8.0,61.0,0.0,0.0,1.0
2018-12-02,6,1812026,,7.0,8.15,8.0,61.0,0.0,0.0,1.0
2018-12-03,1,1812031,,7.0,10.825,12.0,61.0,0.0,0.0,1.0
2018-12-03,2,1812032,,7.0,10.825,12.0,61.0,0.0,0.0,1.0
2018-12-03,3,1812033,,7.0,10.825,12.0,61.0,0.0,0.0,1.0
2018-12-03,4,1812034,,7.0,10.825,12.0,61.0,0.0,0.0,1.0
2018-12-03,5,1812035,,7.0,10.825,12.0,61.0,0.0,0.0,1.0
2018-12-03,6,1812036,,7.0,10.825,12.0,61.0,0.0,0.0,1.0
2018-12-04,1,1812041,,1.0,5.442857,14.0,21.0,0.0,0.0,1.0
2018-12-04,2,1812042,,1.0,5.442857,14.0,21.0,0.0,0.0,1.0
2018-12-04,3,1812043,,1.0,5.442857,14.0,21.0,0.0,0.0,1.0
2018-12-04,4,1812044,,1.0,5.442857,14.0,21.0,0.0,0.0,1.0
2018-12-04,5,1812045,,1.0,5.442857,14.0,21.0,0.0,0.0,1.0
2018-12-04,6,1812046,,1.0,5.442857,14.0,21.0,0.0,0.0,1.0
2018-12-05,1,1812051,,1.0,3.7375,6.0,0.0,0.0,0.0,1.0
2018-12-05,2,1812052,,1.0,3.7375,6.0,0.0,0.0,0.0,1.0
2018-12-05,3,1812053,,1.0,3.7375,6.0,0.0,0.0,0.0,1.0
2018-12-05,4,1812054,,1.0,3.7375,6.0,0.0,0.0,0.0,1.0
2018-12-05,5,1812055,,1.0,3.7375,6.0,0.0,0.0,0.0,1.0
2018-12-05,6,1812056,,1.0,3.7375,6.0,0.0,0.0,0.0,1.0
2018-12-06,1,1812061,,7.0,6.725,7.0,61.0,0.0,0.0,1.0
2018-12-06,2,1812062,,7.0,6.725,7.0,61.0,0.0,0.0,1.0
2018-12-06,3,1812063,,7.0,6.725,7.0,61.0,0.0,0.0,1.0
2018-12-06,4,1812064,,7.0,6.725,7.0,61.0,0.0,0.0,1.0
2018-12-06,5,1812065,,7.0,6.725,7.0,61.0,0.0,0.0,1.0
2018-12-06,6,1812066,,7.0,6.725,7.0,61.0,0.0,0.0,1.0
2018-12-07,1,1812071,,7.0,10.825,9.0,61.0,0.0,0.0,1.0
2018-12-07,2,1812072,,7.0,10.825,9.0,61.0,0.0,0.0,1.0
2018-12-07,3,1812073,,7.0,10.825,9.0,61.0,0.0,0.0,1.0
2018-12-07,4,1812074,,7.0,10.825,9.0,61.0,0.0,0.0,1.0
2018-12-07,5,1812075,,7.0,10.825,9.0,61.0,0.0,0.0,1.0
2018-12-07,6,1812076,,7.0,10.825,9.0,61.0,0.0,0.0,1.0
2018-12-08,1,1812081,,8.0,7.475,18.0,61.0,0.0,0.0,1.0
2018-12-08,2,1812082,,8.0,7.475,18.0,61.0,0.0,0.0,1.0
2018-12-08,3,1812083,,8.0,7.475,18.0,61.0,0.0,0.0,1.0
2018-12-08,4,1812084,,8.0,7.475,18.0,61.0,0.0,0.0,1.0
2018-12-08,5,1812085,,8.0,7.475,18.0,61.0,0.0,0.0,1.0
2018-12-08,6,1812086,,8.0,7.475,18.0,61.0,0.0,0.0,1.0
2018-12-09,1,1812091,,7.0,6.95,18.0,61.0,0.0,0.0,1.0
2018-12-09,2,1812092,,7.0,6.95,18.0,61.0,0.0,0.0,1.0
2018-12-09,3,1812093,,7.0,6.95,18.0,61.0,0.0,0.0,1.0
2018-12-09,4,1812094,,7.0,6.95,18.0,61.0,0.0,0.0,1.0
2018-12-09,5,1812095,,7.0,6.95,18.0,61.0,0.0,0.0,1.0
2018-12-09,6,1812096,,7.0,6.95,18.0,61.0,0.0,0.0,1.0
2018-12-10,1,1812101,,5.0,4.9125,15.0,21.0,0.0,0.0,1.0
2018-12-10,2,1812102,,5.0,4.9125,15.0,21.0,0.0,0.0,1.0
2018-12-10,3,1812103,,5.0,4.9125,15.0,21.0,0.0,0.0,1.0
2018-12-10,4,1812104,,5.0,4.9125,15.0,21.0,0.0,0.0,1.0
2018-12-10,5,1812105,,5.0,4.9125,15.0,21.0,0.0,0.0,1.0
2018-12-10,6,1812106,,5.0,4.9125,15.0,21.0,0.0,0.0,1.0
2018-12-11,1,1812111,,6.0,4.6375,11.0,21.0,0.0,0.0,1.0
2018-12-11,2,1812112,,6.0,4.6375,11.0,21.0,0.0,0.0,1.0
2018-12-11,3,1812113,,6.0,4.6375,11.0,21.0,0.0,0.0,1.0
2018-12-11,4,1812114,,6.0,4.6375,11.0,21.0,0.0,0.0,1.0
2018-12-11,5,1812115,,6.0,4.6375,11.0,21.0,0.0,0.0,1.0
2018-12-11,6,1812116,,6.0,4.6375,11.0,21.0,0.0,0.0,1.0
2018-12-12,1,1812121,,7.0,4.175,12.0,21.0,0.0,0.0,1.0
2018-12-12,2,1812122,,7.0,4.175,12.0,21.0,0.0,0.0,1.0
2018-12-12,3,1812123,,7.0,4.175,12.0,21.0,0.0,0.0,1.0
2018-12-12,4,1812124,,7.0,4.175,12.0,21.0,0.0,0.0,1.0
2018-12-12,5,1812125,,7.0,4.175,12.0,21.0,0.0,0.0,1.0
2018-12-12,6,1812126,,7.0,4.175,12.0,21.0,0.0,0.0,1.0
2018-12-13,1,1812131,,7.0,2.925,10.0,61.0,0.0,0.0,1.0
2018-12-13,2,1812132,,7.0,2.925,10.0,61.0,0.0,0.0,1.0
2018-12-13,3,1812133,,7.0,2.925,10.0,61.0,0.0,0.0,1.0
2018-12-13,4,1812134,,7.0,2.925,10.0,61.0,0.0,0.0,1.0
2018-12-13,5,1812135,,7.0,2.925,10.0,61.0,0.0,0.0,1.0
2018-12-13,6,1812136,,7.0,2.925,10.0,61.0,0.0,0.0,1.0
2018-12-14,1,1812141,,7.0,2.175,12.0,22.0,0.0,0.0,1.0
2018-12-14,2,1812142,,7.0,2.175,12.0,22.0,0.0,0.0,1.0
2018-12-14,3,1812143,,7.0,2.175,12.0,22.0,0.0,0.0,1.0
2018-12-14,4,1812144,,7.0,2.175,12.0,22.0,0.0,0.0,1.0
2018-12-14,5,1812145,,7.0,2.175,12.0,22.0,0.0,0.0,1.0
2018-12-14,6,1812146,,7.0,2.175,12.0,22.0,0.0,0.0,1.0
2018-12-15,1,1812151,,7.0,0.5375,7.0,22.0,0.0,0.0,1.0
2018-12-15,2,1812152,,7.0,0.5375,7.0,22.0,0.0,0.0,1.0
2018-12-15,3,1812153,,7.0,0.5375,7.0,22.0,0.0,0.0,1.0
2018-12-15,4,1812154,,7.0,0.5375,7.0,22.0,0.0,0.0,1.0
2018-12-15,5,1812155,,7.0,0.5375,7.0,22.0,0.0,0.0,1.0
2018-12-15,6,1812156,,7.0,0.5375,7.0,22.0,0.0,0.0,1.0
2018-12-16,1,1812161,,7.0,0.2,9.0,22.0,0.0,0.0,1.0
2018-12-16,2,1812162,,7.0,0.2,9.0,22.0,0.0,0.0,1.0
2018-12-16,3,1812163,,7.0,0.2,9.0,22.0,0.0,0.0,1.0
2018-12-16,4,1812164,,7.0,0.2,9.0,22.0,0.0,0.0,1.0
2018-12-16,5,1812165,,7.0,0.2,9.0,22.0,0.0,0.0,1.0
2018-12-16,6,1812166,,7.0,0.2,9.0,22.0,0.0,0.0,1.0
2018-12-17,1,1812171,,8.0,0.65,6.0,20.0,0.0,0.0,1.0
2018-12-17,2,1812172,,8.0,0.65,6.0,20.0,0.0,0.0,1.0
2018-12-17,3,1812173,,8.0,0.65,6.0,20.0,0.0,0.0,1.0
2018-12-17,4,1812174,,8.0,0.65,6.0,20.0,0.0,0.0,1.0
2018-12-17,5,1812175,,8.0,0.65,6.0,20.0,0.0,0.0,1.0
2018-12-17,6,1812176,,8.0,0.65,6.0,20.0,0.0,0.0,1.0
2018-12-18,1,1812181,,7.0,5.3125,6.0,21.0,0.0,0.0,1.0
2018-12-18,2,1812182,,7.0,5.3125,6.0,21.0,0.0,0.0,1.0
2018-12-18,3,1812183,,7.0,5.3125,6.0,21.0,0.0,0.0,1.0
2018-12-18,4,1812184,,7.0,5.3125,6.0,21.0,0.0,0.0,1.0
2018-12-18,5,1812185,,7.0,5.3125,6.0,21.0,0.0,0.0,1.0
2018-12-18,6,1812186,,7.0,5.3125,6.0,21.0,0.0,0.0,1.0
2018-12-19,1,1812191,,7.0,3.175,9.0,61.0,0.0,0.0,1.0
2018-12-19,2,1812192,,7.0,3.175,9.0,61.0,0.0,0.0,1.0
2018-12-19,3,1812193,,7.0,3.175,9.0,61.0,0.0,0.0,1.0
2018-12-19,4,1812194,,7.0,3.175,9.0,61.0,0.0,0.0,1.0
2018-12-19,5,1812195,,7.0,3.175,9.0,61.0,0.0,0.0,1.0
2018-12-19,6,1812196,,7.0,3.175,9.0,61.0,0.0,0.0,1.0
2018-12-20,1,1812201,,7.0,4.8875,4.0,53.0,0.0,0.0,1.0
2018-12-20,2,1812202,,7.0,4.8875,4.0,53.0,0.0,0.0,1.0
2018-12-20,3,1812203,,7.0,4.8875,4.0,53.0,0.0,0.0,1.0
2018-12-20,4,1812204,,7.0,4.8875,4.0,53.0,0.0,0.0,1.0
2018-12-20,5,1812205,,7.0,4.8875,4.0,53.0,0.0,0.0,1.0
2018-12-20,6,1812206,,7.0,4.8875,4.0,53.0,0.0,0.0,1.0
2018-12-21,1,1812211,,7.0,6.1125,9.0,61.0,0.0,1.0,1.0
2018-12-21,2,1812212,,7.0,6.1125,9.0,61.0,0.0,1.0,1.0
2018-12-21,3,1812213,,7.0,6.1125,9.0,61.0,0.0,1.0,1.0
2018-12-21,4,1812214,,7.0,6.1125,9.0,61.0,0.0,1.0,1.0
2018-12-21,5,1812215,,7.0,6.1125,9.0,61.0,0.0,1.0,1.0
2018-12-21,6,1812216,,7.0,6.1125,9.0,61.0,0.0,1.0,1.0
2018-12-22,1,1812221,,8.0,4.3,4.0,61.0,0.0,1.0,1.0
2018-12-22,2,1812222,,8.0,4.3,4.0,61.0,0.0,1.0,1.0
2018-12-22,3,1812223,,8.0,4.3,4.0,61.0,0.0,1.0,1.0
2018-12-22,4,1812224,,8.0,4.3,4.0,61.0,0.0,1.0,1.0
2018-12-22,5,1812225,,8.0,4.3,4.0,61.0,0.0,1.0,1.0
2018-12-22,6,1812226,,8.0,4.3,4.0,61.0,0.0,1.0,1.0
2018-12-23,1,1812231,,7.0,6.45,9.0,61.0,0.0,1.0,1.0
2018-12-23,2,1812232,,7.0,6.45,9.0,61.0,0.0,1.0,1.0
2018-12-23,3,1812233,,7.0,6.45,9.0,61.0,0.0,1.0,1.0
2018-12-23,4,1812234,,7.0,6.45,9.0,61.0,0.0,1.0,1.0
2018-12-23,5,1812235,,7.0,6.45,9.0,61.0,0.0,1.0,1.0
2018-12-23,6,1812236,,7.0,6.45,9.0,61.0,0.0,1.0,1.0
2018-12-24,1,1812241,,7.0,2.5,10.0,22.0,0.0,1.0,1.0
2018-12-24,2,1812242,,7.0,2.5,10.0,22.0,0.0,1.0,1.0
2018-12-24,3,1812243,,7.0,2.5,10.0,22.0,0.0,1.0,1.0
2018-12-24,4,1812244,,7.0,2.5,10.0,22.0,0.0,1.0,1.0
2018-12-24,5,1812245,,7.0,2.5,10.0,22.0,0.0,1.0,1.0
2018-12-24,6,1812246,,7.0,2.5,10.0,22.0,0.0,1.0,1.0
2018-12-25,1,1812251,,7.0,6.3625,16.0,22.0,0.0,1.0,1.0
2018-12-25,2,1812252,,7.0,6.3625,16.0,22.0,0.0,1.0,1.0
2018-12-25,3,1812253,,7.0,6.3625,16.0,22.0,0.0,1.0,1.0
2018-12-25,4,1812254,,7.0,6.3625,16.0,22.0,0.0,1.0,1.0
2018-12-25,5,1812255,,7.0,6.3625,16.0,22.0,0.0,1.0,1.0
2018-12-25,6,1812256,,7.0,6.3625,16.0,22.0,0.0,1.0,1.0
2018-12-26,1,1812261,,7.0,7.9125,12.0,0.0,0.0,1.0,1.0
2018-12-26,2,1812262,,7.0,7.9125,12.0,0.0,0.0,1.0,1.0
2018-12-26,3,1812263,,7.0,7.9125,12.0,0.0,0.0,1.0,1.0
2018-12-26,4,1812264,,7.0,7.9125,12.0,0.0,0.0,1.0,1.0
2018-12-26,5,1812265,,7.0,7.9125,12.0,0.0,0.0,1.0,1.0
2018-12-26,6,1812266,,7.0,7.9125,12.0,0.0,0.0,1.0,1.0
2018-12-27,1,1812271,,7.0,7.125,12.0,20.0,0.0,1.0,1.0
2018-12-27,2,1812272,,7.0,7.125,12.0,20.0,0.0,1.0,1.0
2018-12-27,3,1812273,,7.0,7.125,12.0,20.0,0.0,1.0,1.0
2018-12-27,4,1812274,,7.0,7.125,12.0,20.0,0.0,1.0,1.0
2018-12-27,5,1812275,,7.0,7.125,12.0,20.0,0.0,1.0,1.0
2018-12-27,6,1812276,,7.0,7.125,12.0,20.0,0.0,1.0,1.0
2018-12-28,1,1812281,,7.0,7.3125,11.0,61.0,0.0,1.0,1.0
2018-12-28,2,1812282,,7.0,7.3125,11.0,61.0,0.0,1.0,1.0
2018-12-28,3,1812283,,7.0,7.3125,11.0,61.0,0.0,1.0,1.0
2018-12-28,4,1812284,,7.0,7.3125,11.0,61.0,0.0,1.0,1.0
2018-12-28,5,1812285,,7.0,7.3125,11.0,61.0,0.0,1.0,1.0
2018-12-28,6,1812286,,7.0,7.3125,11.0,61.0,0.0,1.0,1.0
2018-12-29,1,1812291,,8.0,7.675,10.0,61.0,0.0,1.0,1.0
2018-12-29,2,1812292,,8.0,7.675,10.0,61.0,0.0,1.0,1.0
2018-12-29,3,1812293,,8.0,7.675,10.0,61.0,0.0,1.0,1.0
2018-12-29,4,1812294,,8.0,7.675,10.0,61.0,0.0,1.0,1.0
2018-12-29,5,1812295,,8.0,7.675,10.0,61.0,0.0,1.0,1.0
2018-12-29,6,1812296,,8.0,7.675,10.0,61.0,0.0,1.0,1.0
2018-12-30,1,1812301,,2.0,6.675,16.0,61.0,0.0,1.0,1.0
2018-12-30,2,1812302,,2.0,6.675,16.0,61.0,0.0,1.0,1.0
2018-12-30,3,1812303,,2.0,6.675,16.0,61.0,0.0,1.0,1.0
2018-12-30,4,1812304,,2.0,6.675,16.0,61.0,0.0,1.0,1.0
2018-12-30,5,1812305,,2.0,6.675,16.0,61.0,0.0,1.0,1.0
2018-12-30,6,1812306,,2.0,6.675,16.0,61.0,0.0,1.0,1.0
2018-12-31,1,1812311,,7.0,7.3875,13.0,45.0,0.0,1.0,1.0
2018-12-31,2,1812312,,7.0,7.3875,13.0,45.0,0.0,1.0,1.0
2018-12-31,3,1812313,,7.0,7.3875,13.0,45.0,0.0,1.0,1.0
2018-12-31,4,1812314,,7.0,7.3875,13.0,45.0,0.0,1.0,1.0
2018-12-31,5,1812315,,7.0,7.3875,13.0,45.0,0.0,1.0,1.0
2018-12-31,6,1812316,,7.0,7.3875,13.0,45.0,0.0,1.0,1.0
2019-01-01,1,1901011,,6.0,6.2875,26.0,21.0,0.0,1.0,1.0
2019-01-01,2,1901012,,6.0,6.2875,26.0,21.0,0.0,1.0,1.0
2019-01-01,3,1901013,,6.0,6.2875,26.0,21.0,0.0,1.0,1.0
2019-01-01,4,1901014,,6.0,6.2875,26.0,21.0,0.0,1.0,1.0
2019-01-01,5,1901015,,6.0,6.2875,26.0,21.0,0.0,1.0,1.0
2019-01-02,1,1901021,,0.0,3.9125,20.0,0.0,0.0,1.0,1.0
2019-01-02,2,1901022,,0.0,3.9125,20.0,0.0,0.0,1.0,1.0
2019-01-02,3,1901023,,0.0,3.9125,20.0,0.0,0.0,1.0,1.0
2019-01-02,4,1901024,,0.0,3.9125,20.0,0.0,0.0,1.0,1.0
2019-01-02,5,1901025,,0.0,3.9125,20.0,0.0,0.0,1.0,1.0
2019-01-03,1,1901031,,2.0,0.725,6.0,0.0,0.0,1.0,1.0
2019-01-03,2,1901032,,2.0,0.725,6.0,0.0,0.0,1.0,1.0
2019-01-03,3,1901033,,2.0,0.725,6.0,0.0,0.0,1.0,1.0
2019-01-03,4,1901034,,2.0,0.725,6.0,0.0,0.0,1.0,1.0
2019-01-03,5,1901035,,2.0,0.725,6.0,0.0,0.0,1.0,1.0
2019-01-04,1,1901041,,7.0,5.55,15.0,61.0,0.0,1.0,1.0
2019-01-04,2,1901042,,7.0,5.55,15.0,61.0,0.0,1.0,1.0
2019-01-04,3,1901043,,7.0,5.55,15.0,61.0,0.0,1.0,1.0
2019-01-04,4,1901044,,7.0,5.55,15.0,61.0,0.0,1.0,1.0
2019-01-04,5,1901045,,7.0,5.55,15.0,61.0,0.0,1.0,1.0
2019-01-05,1,1901051,,5.0,7.85,8.0,21.0,0.0,0.0,1.0
2019-01-05,2,1901052,,5.0,7.85,8.0,21.0,0.0,0.0,1.0
2019-01-05,3,1901053,,5.0,7.85,8.0,21.0,0.0,0.0,1.0
2019-01-05,4,1901054,,5.0,7.85,8.0,21.0,0.0,0.0,1.0
2019-01-05,5,1901055,,5.0,7.85,8.0,21.0,0.0,0.0,1.0
2019-01-06,1,1901061,,7.0,3.65,7.0,61.0,0.0,0.0,1.0
2019-01-06,2,1901062,,7.0,3.65,7.0,61.0,0.0,0.0,1.0
2019-01-06,3,1901063,,7.0,3.65,7.0,61.0,0.0,0.0,1.0
2019-01-06,4,1901064,,7.0,3.65,7.0,61.0,0.0,0.0,1.0
2019-01-06,5,1901065,,7.0,3.65,7.0,61.0,0.0,0.0,1.0
2019-01-07,1,1901071,,8.0,5.9375,8.0,55.0,0.0,0.0,1.0
2019-01-07,2,1901072,,8.0,5.9375,8.0,55.0,0.0,0.0,1.0
2019-01-07,3,1901073,,8.0,5.9375,8.0,55.0,0.0,0.0,1.0
2019-01-07,4,1901074,,8.0,5.9375,8.0,55.0,0.0,0.0,1.0
2019-01-07,5,1901075,,8.0,5.9375,8.0,55.0,0.0,0.0,1.0
2019-01-08,1,1901081,,6.0,5.5,19.0,21.0,0.0,0.0,1.0
2019-01-08,2,1901082,,6.0,5.5,19.0,21.0,0.0,0.0,1.0
2019-01-08,3,1901083,,6.0,5.5,19.0,21.0,0.0,0.0,1.0
2019-01-08,4,1901084,,6.0,5.5,19.0,21.0,0.0,0.0,1.0
2019-01-08,5,1901085,,6.0,5.5,19.0,21.0,0.0,0.0,1.0
2019-01-09,1,1901091,,7.0,3.1375,22.0,0.0,0.0,0.0,1.0
2019-01-09,2,1901092,,7.0,3.1375,22.0,0.0,0.0,0.0,1.0
2019-01-09,3,1901093,,7.0,3.1375,22.0,0.0,0.0,0.0,1.0
2019-01-09,4,1901094,,7.0,3.1375,22.0,0.0,0.0,0.0,1.0
2019-01-09,5,1901095,,7.0,3.1375,22.0,0.0,0.0,0.0,1.0
2019-01-10,1,1901101,,7.0,1.4,7.0,0.0,0.0,0.0,1.0
2019-01-10,2,1901102,,7.0,1.4,7.0,0.0,0.0,0.0,1.0
2019-01-10,3,1901103,,7.0,1.4,7.0,0.0,0.0,0.0,1.0
2019-01-10,4,1901104,,7.0,1.4,7.0,0.0,0.0,0.0,1.0
2019-01-10,5,1901105,,7.0,1.4,7.0,0.0,0.0,0.0,1.0
2019-01-11,1,1901111,,6.0,6.8625,15.0,61.0,0.0,0.0,1.0
2019-01-11,2,1901112,,6.0,6.8625,15.0,61.0,0.0,0.0,1.0
2019-01-11,3,1901113,,6.0,6.8625,15.0,61.0,0.0,0.0,1.0
2019-01-11,4,1901114,,6.0,6.8625,15.0,61.0,0.0,0.0,1.0
2019-01-11,5,1901115,,6.0,6.8625,15.0,61.0,0.0,0.0,1.0
2019-01-12,1,1901121,,7.0,6.0875,13.0,61.0,0.0,0.0,1.0
2019-01-12,2,1901122,,7.0,6.0875,13.0,61.0,0.0,0.0,1.0
2019-01-12,3,1901123,,7.0,6.0875,13.0,61.0,0.0,0.0,1.0
2019-01-12,4,1901124,,7.0,6.0875,13.0,61.0,0.0,0.0,1.0
2019-01-12,5,1901125,,7.0,6.0875,13.0,61.0,0.0,0.0,1.0
2019-01-13,1,1901131,,7.0,7.6875,20.0,61.0,0.0,0.0,1.0
2019-01-13,2,1901132,,7.0,7.6875,20.0,61.0,0.0,0.0,1.0
2019-01-13,3,1901133,,7.0,7.6875,20.0,61.0,0.0,0.0,1.0
2019-01-13,4,1901134,,7.0,7.6875,20.0,61.0,0.0,0.0,1.0
2019-01-13,5,1901135,,7.0,7.6875,20.0,61.0,0.0,0.0,1.0
2019-01-14,1,1901141,,2.0,1.9375,18.0,5.0,0.0,0.0,1.0
2019-01-14,2,1901142,,2.0,1.9375,18.0,5.0,0.0,0.0,1.0
2019-01-14,3,1901143,,2.0,1.9375,18.0,5.0,0.0,0.0,1.0
2019-01-14,4,1901144,,2.0,1.9375,18.0,5.0,0.0,0.0,1.0
2019-01-14,5,1901145,,2.0,1.9375,18.0,5.0,0.0,0.0,1.0
2019-01-15,1,1901151,,7.0,6.6625,18.0,61.0,0.0,0.0,1.0
2019-01-15,2,1901152,,7.0,6.6625,18.0,61.0,0.0,0.0,1.0
2019-01-15,3,1901153,,7.0,6.6625,18.0,61.0,0.0,0.0,1.0
2019-01-15,4,1901154,,7.0,6.6625,18.0,61.0,0.0,0.0,1.0
2019-01-15,5,1901155,,7.0,6.6625,18.0,61.0,0.0,0.0,1.0
2019-01-16,1,1901161,,7.0,7.2125,14.0,61.0,0.0,0.0,1.0
2019-01-16,2,1901162,,7.0,7.2125,14.0,61.0,0.0,0.0,1.0
2019-01-16,3,1901163,,7.0,7.2125,14.0,61.0,0.0,0.0,1.0
2019-01-16,4,1901164,,7.0,7.2125,14.0,61.0,0.0,0.0,1.0
2019-01-16,5,1901165,,7.0,7.2125,14.0,61.0,0.0,0.0,1.0
2019-01-17,1,1901171,,7.0,4.1875,15.0,61.0,0.0,0.0,1.0
2019-01-17,2,1901172,,7.0,4.1875,15.0,61.0,0.0,0.0,1.0
2019-01-17,3,1901173,,7.0,4.1875,15.0,61.0,0.0,0.0,1.0
2019-01-17,4,1901174,,7.0,4.1875,15.0,61.0,0.0,0.0,1.0
2019-01-17,5,1901175,,7.0,4.1875,15.0,61.0,0.0,0.0,1.0
2019-01-18,1,1901181,,1.0,1.2625,7.0,0.0,0.0,0.0,1.0
2019-01-18,2,1901182,,1.0,1.2625,7.0,0.0,0.0,0.0,1.0
2019-01-18,3,1901183,,1.0,1.2625,7.0,0.0,0.0,0.0,1.0
2019-01-18,4,1901184,,1.0,1.2625,7.0,0.0,0.0,0.0,1.0
2019-01-18,5,1901185,,1.0,1.2625,7.0,0.0,0.0,0.0,1.0
2019-01-19,1,1901191,,2.0,0.925,4.0,49.0,0.0,0.0,1.0
2019-01-19,2,1901192,,2.0,0.925,4.0,49.0,0.0,0.0,1.0
2019-01-19,3,1901193,,2.0,0.925,4.0,49.0,0.0,0.0,1.0
2019-01-19,4,1901194,,2.0,0.925,4.0,49.0,0.0,0.0,1.0
2019-01-19,5,1901195,,2.0,0.925,4.0,49.0,0.0,0.0,1.0
2019-01-20,1,1901201,,1.0,0.85,4.0,10.0,0.0,0.0,1.0
2019-01-20,2,1901202,,1.0,0.85,4.0,10.0,0.0,0.0,1.0
2019-01-20,3,1901203,,1.0,0.85,4.0,10.0,0.0,0.0,1.0
2019-01-20,4,1901204,,1.0,0.85,4.0,10.0,0.0,0.0,1.0
2019-01-20,5,1901205,,1.0,0.85,4.0,10.0,0.0,0.0,1.0
2019-01-21,1,1901211,,6.0,-0.425,9.0,71.0,0.0,0.0,1.0
2019-01-21,2,1901212,,6.0,-0.425,9.0,71.0,0.0,0.0,1.0
2019-01-21,3,1901213,,6.0,-0.425,9.0,71.0,0.0,0.0,1.0
2019-01-21,4,1901214,,6.0,-0.425,9.0,71.0,0.0,0.0,1.0
2019-01-21,5,1901215,,6.0,-0.425,9.0,71.0,0.0,0.0,1.0
2019-01-22,1,1901221,,5.0,0.1375,9.0,10.0,0.0,0.0,1.0
2019-01-22,2,1901222,,5.0,0.1375,9.0,10.0,0.0,0.0,1.0
2019-01-22,3,1901223,,5.0,0.1375,9.0,10.0,0.0,0.0,1.0
2019-01-22,4,1901224,,5.0,0.1375,9.0,10.0,0.0,0.0,1.0
2019-01-22,5,1901225,,5.0,0.1375,9.0,10.0,0.0,0.0,1.0
2019-01-23,1,1901231,,4.0,-3.075,7.0,10.0,0.0,0.0,1.0
2019-01-23,2,1901232,,4.0,-3.075,7.0,10.0,0.0,0.0,1.0
2019-01-23,3,1901233,,4.0,-3.075,7.0,10.0,0.0,0.0,1.0
2019-01-23,4,1901234,,4.0,-3.075,7.0,10.0,0.0,0.0,1.0
2019-01-23,5,1901235,,4.0,-3.075,7.0,10.0,0.0,0.0,1.0
2019-01-24,1,1901241,,8.0,-4.8125,6.0,22.0,0.0,0.0,1.0
2019-01-24,2,1901242,,8.0,-4.8125,6.0,22.0,0.0,0.0,1.0
2019-01-24,3,1901243,,8.0,-4.8125,6.0,22.0,0.0,0.0,1.0
2019-01-24,4,1901244,,8.0,-4.8125,6.0,22.0,0.0,0.0,1.0
2019-01-24,5,1901245,,8.0,-4.8125,6.0,22.0,0.0,0.0,1.0
2019-01-25,1,1901251,,8.0,-3.3875,6.0,71.0,0.0,0.0,1.0
2019-01-25,2,1901252,,8.0,-3.3875,6.0,71.0,0.0,0.0,1.0
2019-01-25,3,1901253,,8.0,-3.3875,6.0,71.0,0.0,0.0,1.0
2019-01-25,4,1901254,,8.0,-3.3875,6.0,71.0,0.0,0.0,1.0
2019-01-25,5,1901255,,8.0,-3.3875,6.0,71.0,0.0,0.0,1.0
2019-01-26,1,1901261,,7.0,3.8375,7.0,61.0,0.0,0.0,1.0
2019-01-26,2,1901262,,7.0,3.8375,7.0,61.0,0.0,0.0,1.0
2019-01-26,3,1901263,,7.0,3.8375,7.0,61.0,0.0,0.0,1.0
2019-01-26,4,1901264,,7.0,3.8375,7.0,61.0,0.0,0.0,1.0
2019-01-26,5,1901265,,7.0,3.8375,7.0,61.0,0.0,0.0,1.0
2019-01-27,1,1901271,,8.0,4.9375,7.0,61.0,0.0,0.0,1.0
2019-01-27,2,1901272,,8.0,4.9375,7.0,61.0,0.0,0.0,1.0
2019-01-27,3,1901273,,8.0,4.9375,7.0,61.0,0.0,0.0,1.0
2019-01-27,4,1901274,,8.0,4.9375,7.0,61.0,0.0,0.0,1.0
2019-01-27,5,1901275,,8.0,4.9375,7.0,61.0,0.0,0.0,1.0
2019-01-28,1,1901281,,8.0,2.75,5.0,20.0,0.0,0.0,1.0
2019-01-28,2,1901282,,8.0,2.75,5.0,20.0,0.0,0.0,1.0
2019-01-28,3,1901283,,8.0,2.75,5.0,20.0,0.0,0.0,1.0
2019-01-28,4,1901284,,8.0,2.75,5.0,20.0,0.0,0.0,1.0
2019-01-28,5,1901285,,8.0,2.75,5.0,20.0,0.0,0.0,1.0
2019-01-29,1,1901291,,6.0,1.575,7.0,68.0,0.0,0.0,1.0
2019-01-29,2,1901292,,6.0,1.575,7.0,68.0,0.0,0.0,1.0
2019-01-29,3,1901293,,6.0,1.575,7.0,68.0,0.0,0.0,1.0
2019-01-29,4,1901294,,6.0,1.575,7.0,68.0,0.0,0.0,1.0
2019-01-29,5,1901295,,6.0,1.575,7.0,68.0,0.0,0.0,1.0
2019-01-30,1,1901301,,5.0,1.6,10.0,68.0,0.0,0.0,1.0
2019-01-30,2,1901302,,5.0,1.6,10.0,68.0,0.0,0.0,1.0
2019-01-30,3,1901303,,5.0,1.6,10.0,68.0,0.0,0.0,1.0
2019-01-30,4,1901304,,5.0,1.6,10.0,68.0,0.0,0.0,1.0
2019-01-30,5,1901305,,5.0,1.6,10.0,68.0,0.0,0.0,1.0
2019-01-31,1,1901311,,7.0,1.4,7.0,20.0,0.0,0.0,1.0
2019-01-31,2,1901312,,7.0,1.4,7.0,20.0,0.0,0.0,1.0
2019-01-31,3,1901313,,7.0,1.4,7.0,20.0,0.0,0.0,1.0
2019-01-31,4,1901314,,7.0,1.4,7.0,20.0,0.0,0.0,1.0
2019-01-31,5,1901315,,7.0,1.4,7.0,20.0,0.0,0.0,1.0
2019-02-01,1,1902011,,7.0,-0.075,12.0,10.0,0.0,0.0,1.0
2019-02-01,2,1902012,,7.0,-0.075,12.0,10.0,0.0,0.0,1.0
2019-02-01,3,1902013,,7.0,-0.075,12.0,10.0,0.0,0.0,1.0
2019-02-01,4,1902014,,7.0,-0.075,12.0,10.0,0.0,0.0,1.0
2019-02-01,5,1902015,,7.0,-0.075,12.0,10.0,0.0,0.0,1.0
2019-02-02,1,1902021,,8.0,1.7375,10.0,10.0,0.0,0.0,1.0
2019-02-02,2,1902022,,8.0,1.7375,10.0,10.0,0.0,0.0,1.0
2019-02-02,3,1902023,,8.0,1.7375,10.0,10.0,0.0,0.0,1.0
2019-02-02,4,1902024,,8.0,1.7375,10.0,10.0,0.0,0.0,1.0
2019-02-02,5,1902025,,8.0,1.7375,10.0,10.0,0.0,0.0,1.0
2019-02-03,1,1902031,,1.0,2.5,9.0,0.0,0.0,0.0,1.0
2019-02-03,2,1902032,,1.0,2.5,9.0,0.0,0.0,0.0,1.0
2019-02-03,3,1902033,,1.0,2.5,9.0,0.0,0.0,0.0,1.0
2019-02-03,4,1902034,,1.0,2.5,9.0,0.0,0.0,0.0,1.0
2019-02-03,5,1902035,,1.0,2.5,9.0,0.0,0.0,0.0,1.0
2019-02-04,1,1902041,,7.0,2.95,12.0,0.0,0.0,0.0,1.0
2019-02-04,2,1902042,,7.0,2.95,12.0,0.0,0.0,0.0,1.0
2019-02-04,3,1902043,,7.0,2.95,12.0,0.0,0.0,0.0,1.0
2019-02-04,4,1902044,,7.0,2.95,12.0,0.0,0.0,0.0,1.0
2019-02-04,5,1902045,,7.0,2.95,12.0,0.0,0.0,0.0,1.0
2019-02-05,1,1902051,,7.0,4.6375,11.0,61.0,0.0,0.0,1.0
2019-02-05,2,1902052,,7.0,4.6375,11.0,61.0,0.0,0.0,1.0
2019-02-05,3,1902053,,7.0,4.6375,11.0,61.0,0.0,0.0,1.0
2019-02-05,4,1902054,,7.0,4.6375,11.0,61.0,0.0,0.0,1.0
2019-02-05,5,1902055,,7.0,4.6375,11.0,61.0,0.0,0.0,1.0
2019-02-06,1,1902061,,7.0,3.6625,11.0,61.0,0.0,0.0,1.0
2019-02-06,2,1902062,,7.0,3.6625,11.0,61.0,0.0,0.0,1.0
2019-02-06,3,1902063,,7.0,3.6625,11.0,61.0,0.0,0.0,1.0
2019-02-06,4,1902064,,7.0,3.6625,11.0,61.0,0.0,0.0,1.0
2019-02-06,5,1902065,,7.0,3.6625,11.0,61.0,0.0,0.0,1.0
2019-02-07,1,1902071,,7.0,6.0375,10.0,61.0,0.0,0.0,1.0
2019-02-07,2,1902072,,7.0,6.0375,10.0,61.0,0.0,0.0,1.0
2019-02-07,3,1902073,,7.0,6.0375,10.0,61.0,0.0,0.0,1.0
2019-02-07,4,1902074,,7.0,6.0375,10.0,61.0,0.0,0.0,1.0
2019-02-07,5,1902075,,7.0,6.0375,10.0,61.0,0.0,0.0,1.0
2019-02-08,1,1902081,,7.0,6.5,11.0,61.0,0.0,0.0,1.0
2019-02-08,2,1902082,,7.0,6.5,11.0,61.0,0.0,0.0,1.0
2019-02-08,3,1902083,,7.0,6.5,11.0,61.0,0.0,0.0,1.0
2019-02-08,4,1902084,,7.0,6.5,11.0,61.0,0.0,0.0,1.0
2019-02-08,5,1902085,,7.0,6.5,11.0,61.0,0.0,0.0,1.0
2019-02-09,1,1902091,,7.0,7.4,18.0,61.0,0.0,0.0,1.0
2019-02-09,2,1902092,,7.0,7.4,18.0,61.0,0.0,0.0,1.0
2019-02-09,3,1902093,,7.0,7.4,18.0,61.0,0.0,0.0,1.0
2019-02-09,4,1902094,,7.0,7.4,18.0,61.0,0.0,0.0,1.0
2019-02-09,5,1902095,,7.0,7.4,18.0,61.0,0.0,0.0,1.0
2019-02-10,1,1902101,,7.0,5.125,7.0,61.0,0.0,0.0,1.0
2019-02-10,2,1902102,,7.0,5.125,7.0,61.0,0.0,0.0,1.0
2019-02-10,3,1902103,,7.0,5.125,7.0,61.0,0.0,0.0,1.0
2019-02-10,4,1902104,,7.0,5.125,7.0,61.0,0.0,0.0,1.0
2019-02-10,5,1902105,,7.0,5.125,7.0,61.0,0.0,0.0,1.0
2019-02-11,1,1902111,,2.0,5.9375,16.0,0.0,0.0,0.0,1.0
2019-02-11,2,1902112,,2.0,5.9375,16.0,0.0,0.0,0.0,1.0
2019-02-11,3,1902113,,2.0,5.9375,16.0,0.0,0.0,0.0,1.0
2019-02-11,4,1902114,,2.0,5.9375,16.0,0.0,0.0,0.0,1.0
2019-02-11,5,1902115,,2.0,5.9375,16.0,0.0,0.0,0.0,1.0
2019-02-12,1,1902121,,4.0,5.225,12.0,20.0,0.0,0.0,1.0
2019-02-12,2,1902122,,4.0,5.225,12.0,20.0,0.0,0.0,1.0
2019-02-12,3,1902123,,4.0,5.225,12.0,20.0,0.0,0.0,1.0
2019-02-12,4,1902124,,4.0,5.225,12.0,20.0,0.0,0.0,1.0
2019-02-12,5,1902125,,4.0,5.225,12.0,20.0,0.0,0.0,1.0
2019-02-13,1,1902131,,8.0,7.5375,13.0,20.0,0.0,0.0,1.0
2019-02-13,2,1902132,,8.0,7.5375,13.0,20.0,0.0,0.0,1.0
2019-02-13,3,1902133,,8.0,7.5375,13.0,20.0,0.0,0.0,1.0
2019-02-13,4,1902134,,8.0,7.5375,13.0,20.0,0.0,0.0,1.0
2019-02-13,5,1902135,,8.0,7.5375,13.0,20.0,0.0,0.0,1.0
2019-02-14,1,1902141,,3.0,7.4,10.0,10.0,0.0,0.0,1.0
2019-02-14,2,1902142,,3.0,7.4,10.0,10.0,0.0,0.0,1.0
2019-02-14,3,1902143,,3.0,7.4,10.0,10.0,0.0,0.0,1.0
2019-02-14,4,1902144,,3.0,7.4,10.0,10.0,0.0,0.0,1.0
2019-02-14,5,1902145,,3.0,7.4,10.0,10.0,0.0,0.0,1.0
2019-02-15,1,1902151,,0.0,11.3375,7.0,0.0,0.0,0.0,1.0
2019-02-15,2,1902152,,0.0,11.3375,7.0,0.0,0.0,0.0,1.0
2019-02-15,3,1902153,,0.0,11.3375,7.0,0.0,0.0,0.0,1.0
2019-02-15,4,1902154,,0.0,11.3375,7.0,0.0,0.0,0.0,1.0
2019-02-15,5,1902155,,0.0,11.3375,7.0,0.0,0.0,0.0,1.0
2019-02-16,1,1902161,,0.0,10.425,12.0,5.0,0.0,0.0,1.0
2019-02-16,2,1902162,,0.0,10.425,12.0,5.0,0.0,0.0,1.0
2019-02-16,3,1902163,,0.0,10.425,12.0,5.0,0.0,0.0,1.0
2019-02-16,4,1902164,,0.0,10.425,12.0,5.0,0.0,0.0,1.0
2019-02-16,5,1902165,,0.0,10.425,12.0,5.0,0.0,0.0,1.0
2019-02-17,1,1902171,,3.0,11.625,5.0,5.0,0.0,0.0,1.0
2019-02-17,2,1902172,,3.0,11.625,5.0,5.0,0.0,0.0,1.0
2019-02-17,3,1902173,,3.0,11.625,5.0,5.0,0.0,0.0,1.0
2019-02-17,4,1902174,,3.0,11.625,5.0,5.0,0.0,0.0,1.0
2019-02-17,5,1902175,,3.0,11.625,5.0,5.0,0.0,0.0,1.0
2019-02-18,1,1902181,,0.0,11.725,7.0,0.0,0.0,0.0,1.0
2019-02-18,2,1902182,,0.0,11.725,7.0,0.0,0.0,0.0,1.0
2019-02-18,3,1902183,,0.0,11.725,7.0,0.0,0.0,0.0,1.0
2019-02-18,4,1902184,,0.0,11.725,7.0,0.0,0.0,0.0,1.0
2019-02-18,5,1902185,,0.0,11.725,7.0,0.0,0.0,0.0,1.0
2019-02-19,1,1902191,,7.0,6.75,15.0,63.0,0.0,0.0,1.0
2019-02-19,2,1902192,,7.0,6.75,15.0,63.0,0.0,0.0,1.0
2019-02-19,3,1902193,,7.0,6.75,15.0,63.0,0.0,0.0,1.0
2019-02-19,4,1902194,,7.0,6.75,15.0,63.0,0.0,0.0,1.0
2019-02-19,5,1902195,,7.0,6.75,15.0,63.0,0.0,0.0,1.0
2019-02-20,1,1902201,,7.0,7.34,11.0,61.0,0.0,0.0,1.0
2019-02-20,2,1902202,,7.0,7.34,11.0,61.0,0.0,0.0,1.0
2019-02-20,3,1902203,,7.0,7.34,11.0,61.0,0.0,0.0,1.0
2019-02-20,4,1902204,,7.0,7.34,11.0,61.0,0.0,0.0,1.0
2019-02-20,5,1902205,,7.0,7.34,11.0,61.0,0.0,0.0,1.0
2019-02-21,1,1902211,,8.0,7.675,12.0,61.0,0.0,0.0,1.0
2019-02-21,2,1902212,,8.0,7.675,12.0,61.0,0.0,0.0,1.0
2019-02-21,3,1902213,,8.0,7.675,12.0,61.0,0.0,0.0,1.0
2019-02-21,4,1902214,,8.0,7.675,12.0,61.0,0.0,0.0,1.0
2019-02-21,5,1902215,,8.0,7.675,12.0,61.0,0.0,0.0,1.0
2019-02-22,1,1902221,,4.0,4.125,11.0,0.0,0.0,0.0,1.0
2019-02-22,2,1902222,,4.0,4.125,11.0,0.0,0.0,0.0,1.0
2019-02-22,3,1902223,,4.0,4.125,11.0,0.0,0.0,0.0,1.0
2019-02-22,4,1902224,,4.0,4.125,11.0,0.0,0.0,0.0,1.0
2019-02-22,5,1902225,,4.0,4.125,11.0,0.0,0.0,0.0,1.0
2019-02-23,1,1902231,,6.0,4.775,6.0,0.0,0.0,0.0,1.0
2019-02-23,2,1902232,,6.0,4.775,6.0,0.0,0.0,0.0,1.0
2019-02-23,3,1902233,,6.0,4.775,6.0,0.0,0.0,0.0,1.0
2019-02-23,4,1902234,,6.0,4.775,6.0,0.0,0.0,0.0,1.0
2019-02-23,5,1902235,,6.0,4.775,6.0,0.0,0.0,0.0,1.0
2019-02-24,1,1902241,,0.0,9.6875,9.0,5.0,0.0,0.0,1.0
2019-02-24,2,1902242,,0.0,9.6875,9.0,5.0,0.0,0.0,1.0
2019-02-24,3,1902243,,0.0,9.6875,9.0,5.0,0.0,0.0,1.0
2019-02-24,4,1902244,,0.0,9.6875,9.0,5.0,0.0,0.0,1.0
2019-02-24,5,1902245,,0.0,9.6875,9.0,5.0,0.0,0.0,1.0
2019-02-25,1,1902251,,0.0,9.8125,9.0,21.0,0.0,0.0,1.0
2019-02-25,2,1902252,,0.0,9.8125,9.0,21.0,0.0,0.0,1.0
2019-02-25,3,1902253,,0.0,9.8125,9.0,21.0,0.0,0.0,1.0
2019-02-25,4,1902254,,0.0,9.8125,9.0,21.0,0.0,0.0,1.0
2019-02-25,5,1902255,,0.0,9.8125,9.0,21.0,0.0,0.0,1.0
2019-02-26,1,1902261,,0.0,10.85,7.0,5.0,0.0,0.0,1.0
2019-02-26,2,1902262,,0.0,10.85,7.0,5.0,0.0,0.0,1.0
2019-02-26,3,1902263,,0.0,10.85,7.0,5.0,0.0,0.0,1.0
2019-02-26,4,1902264,,0.0,10.85,7.0,5.0,0.0,0.0,1.0
2019-02-26,5,1902265,,0.0,10.85,7.0,5.0,0.0,0.0,1.0
2019-02-27,1,1902271,,1.0,13.4125,10.0,5.0,0.0,0.0,1.0
2019-02-27,2,1902272,,1.0,13.4125,10.0,5.0,0.0,0.0,1.0
2019-02-27,3,1902273,,1.0,13.4125,10.0,5.0,0.0,0.0,1.0
2019-02-27,4,1902274,,1.0,13.4125,10.0,5.0,0.0,0.0,1.0
2019-02-27,5,1902275,,1.0,13.4125,10.0,5.0,0.0,0.0,1.0
2019-02-28,1,1902281,,5.0,7.8875,11.0,21.0,0.0,0.0,1.0
2019-02-28,2,1902282,,5.0,7.8875,11.0,21.0,0.0,0.0,1.0
2019-02-28,3,1902283,,5.0,7.8875,11.0,21.0,0.0,0.0,1.0
2019-02-28,4,1902284,,5.0,7.8875,11.0,21.0,0.0,0.0,1.0
2019-02-28,5,1902285,,5.0,7.8875,11.0,21.0,0.0,0.0,1.0
2019-03-01,1,1903011,,7.0,5.6375,8.0,21.0,0.0,0.0,1.0
2019-03-01,2,1903012,,7.0,5.6375,8.0,21.0,0.0,0.0,1.0
2019-03-01,3,1903013,,7.0,5.6375,8.0,21.0,0.0,0.0,1.0
2019-03-01,4,1903014,,7.0,5.6375,8.0,21.0,0.0,0.0,1.0
2019-03-01,5,1903015,,7.0,5.6375,8.0,21.0,0.0,0.0,1.0
2019-03-02,1,1903021,,7.0,5.4,7.0,21.0,0.0,0.0,1.0
2019-03-02,2,1903022,,7.0,5.4,7.0,21.0,0.0,0.0,1.0
2019-03-02,3,1903023,,7.0,5.4,7.0,21.0,0.0,0.0,1.0
2019-03-02,4,1903024,,7.0,5.4,7.0,21.0,0.0,0.0,1.0
2019-03-02,5,1903025,,7.0,5.4,7.0,21.0,0.0,0.0,1.0
2019-03-03,1,1903031,,6.0,8.975,13.0,61.0,0.0,0.0,1.0
2019-03-03,2,1903032,,6.0,8.975,13.0,61.0,0.0,0.0,1.0
2019-03-03,3,1903033,,6.0,8.975,13.0,61.0,0.0,0.0,1.0
2019-03-03,4,1903034,,6.0,8.975,13.0,61.0,0.0,0.0,1.0
2019-03-03,5,1903035,,6.0,8.975,13.0,61.0,0.0,0.0,1.0
2019-03-04,1,1903041,,6.0,7.5375,20.0,61.0,0.0,0.0,1.0
2019-03-04,2,1903042,,6.0,7.5375,20.0,61.0,0.0,0.0,1.0
2019-03-04,3,1903043,,6.0,7.5375,20.0,61.0,0.0,0.0,1.0
2019-03-04,4,1903044,,6.0,7.5375,20.0,61.0,0.0,0.0,1.0
2019-03-04,5,1903045,,6.0,7.5375,20.0,61.0,0.0,0.0,1.0
2019-03-05,1,1903051,,5.0,6.8875,17.0,61.0,0.0,0.0,1.0
2019-03-05,2,1903052,,5.0,6.8875,17.0,61.0,0.0,0.0,1.0
2019-03-05,3,1903053,,5.0,6.8875,17.0,61.0,0.0,0.0,1.0
2019-03-05,4,1903054,,5.0,6.8875,17.0,61.0,0.0,0.0,1.0
2019-03-05,5,1903055,,5.0,6.8875,17.0,61.0,0.0,0.0,1.0
2019-03-06,1,1903061,,7.0,6.7625,9.0,61.0,0.0,0.0,1.0
2019-03-06,2,1903062,,7.0,6.7625,9.0,61.0,0.0,0.0,1.0
2019-03-06,3,1903063,,7.0,6.7625,9.0,61.0,0.0,0.0,1.0
2019-03-06,4,1903064,,7.0,6.7625,9.0,61.0,0.0,0.0,1.0
2019-03-06,5,1903065,,7.0,6.7625,9.0,61.0,0.0,0.0,1.0
2019-03-07,1,1903071,,6.0,9.65,19.0,61.0,0.0,0.0,1.0
2019-03-07,2,1903072,,6.0,9.65,19.0,61.0,0.0,0.0,1.0
2019-03-07,3,1903073,,6.0,9.65,19.0,61.0,0.0,0.0,1.0
2019-03-07,4,1903074,,6.0,9.65,19.0,61.0,0.0,0.0,1.0
2019-03-07,5,1903075,,6.0,9.65,19.0,61.0,0.0,0.0,1.0
2019-03-08,1,1903081,,5.0,6.8875,26.0,61.0,0.0,0.0,1.0
2019-03-08,2,1903082,,5.0,6.8875,26.0,61.0,0.0,0.0,1.0
2019-03-08,3,1903083,,5.0,6.8875,26.0,61.0,0.0,0.0,1.0
2019-03-08,4,1903084,,5.0,6.8875,26.0,61.0,0.0,0.0,1.0
2019-03-08,5,1903085,,5.0,6.8875,26.0,61.0,0.0,0.0,1.0
2019-03-09,1,1903091,,6.0,6.35,22.0,63.0,0.0,0.0,1.0
2019-03-09,2,1903092,,6.0,6.35,22.0,63.0,0.0,0.0,1.0
2019-03-09,3,1903093,,6.0,6.35,22.0,63.0,0.0,0.0,1.0
2019-03-09,4,1903094,,6.0,6.35,22.0,63.0,0.0,0.0,1.0
2019-03-09,5,1903095,,6.0,6.35,22.0,63.0,0.0,0.0,1.0
2019-03-10,1,1903101,,6.0,6.8875,10.0,21.0,0.0,0.0,1.0
2019-03-10,2,1903102,,6.0,6.8875,10.0,21.0,0.0,0.0,1.0
2019-03-10,3,1903103,,6.0,6.8875,10.0,21.0,0.0,0.0,1.0
2019-03-10,4,1903104,,6.0,6.8875,10.0,21.0,0.0,0.0,1.0
2019-03-10,5,1903105,,6.0,6.8875,10.0,21.0,0.0,0.0,1.0
2019-03-11,1,1903111,,5.0,4.075,6.0,61.0,0.0,0.0,1.0
2019-03-11,2,1903112,,5.0,4.075,6.0,61.0,0.0,0.0,1.0
2019-03-11,3,1903113,,5.0,4.075,6.0,61.0,0.0,0.0,1.0
2019-03-11,4,1903114,,5.0,4.075,6.0,61.0,0.0,0.0,1.0
2019-03-11,5,1903115,,5.0,4.075,6.0,61.0,0.0,0.0,1.0
2019-03-12,1,1903121,,6.0,5.425,13.0,61.0,0.0,0.0,1.0
2019-03-12,2,1903122,,6.0,5.425,13.0,61.0,0.0,0.0,1.0
2019-03-12,3,1903123,,6.0,5.425,13.0,61.0,0.0,0.0,1.0
2019-03-12,4,1903124,,6.0,5.425,13.0,61.0,0.0,0.0,1.0
2019-03-12,5,1903125,,6.0,5.425,13.0,61.0,0.0,0.0,1.0
2019-03-13,1,1903131,,7.0,5.8,15.0,63.0,0.0,0.0,1.0
2019-03-13,2,1903132,,7.0,5.8,15.0,63.0,0.0,0.0,1.0
2019-03-13,3,1903133,,7.0,5.8,15.0,63.0,0.0,0.0,1.0
2019-03-13,4,1903134,,7.0,5.8,15.0,63.0,0.0,0.0,1.0
2019-03-13,5,1903135,,7.0,5.8,15.0,63.0,0.0,0.0,1.0
2019-03-14,1,1903141,,7.0,5.5625,12.0,61.0,0.0,0.0,1.0
2019-03-14,2,1903142,,7.0,5.5625,12.0,61.0,0.0,0.0,1.0
2019-03-14,3,1903143,,7.0,5.5625,12.0,61.0,0.0,0.0,1.0
2019-03-14,4,1903144,,7.0,5.5625,12.0,61.0,0.0,0.0,1.0
2019-03-14,5,1903145,,7.0,5.5625,12.0,61.0,0.0,0.0,1.0
2019-03-15,1,1903151,,7.0,7.4875,25.0,61.0,0.0,0.0,1.0
2019-03-15,2,1903152,,7.0,7.4875,25.0,61.0,0.0,0.0,1.0
2019-03-15,3,1903153,,7.0,7.4875,25.0,61.0,0.0,0.0,1.0
2019-03-15,4,1903154,,7.0,7.4875,25.0,61.0,0.0,0.0,1.0
2019-03-15,5,1903155,,7.0,7.4875,25.0,61.0,0.0,0.0,1.0
2019-03-16,1,1903161,,7.0,5.5875,11.0,61.0,0.0,0.0,1.0
2019-03-16,2,1903162,,7.0,5.5875,11.0,61.0,0.0,0.0,1.0
2019-03-16,3,1903163,,7.0,5.5875,11.0,61.0,0.0,0.0,1.0
2019-03-16,4,1903164,,7.0,5.5875,11.0,61.0,0.0,0.0,1.0
2019-03-16,5,1903165,,7.0,5.5875,11.0,61.0,0.0,0.0,1.0
2019-03-17,1,1903171,,5.0,7.4,20.0,21.0,0.0,0.0,1.0
2019-03-17,2,1903172,,5.0,7.4,20.0,21.0,0.0,0.0,1.0
2019-03-17,3,1903173,,5.0,7.4,20.0,21.0,0.0,0.0,1.0
2019-03-17,4,1903174,,5.0,7.4,20.0,21.0,0.0,0.0,1.0
2019-03-17,5,1903175,,5.0,7.4,20.0,21.0,0.0,0.0,1.0
2019-03-18,1,1903181,,5.0,6.325,21.0,61.0,0.0,0.0,1.0
2019-03-18,2,1903182,,5.0,6.325,21.0,61.0,0.0,0.0,1.0
2019-03-18,3,1903183,,5.0,6.325,21.0,61.0,0.0,0.0,1.0
2019-03-18,4,1903184,,5.0,6.325,21.0,61.0,0.0,0.0,1.0
2019-03-18,5,1903185,,5.0,6.325,21.0,61.0,0.0,0.0,1.0
2019-03-19,1,1903191,,3.0,7.0125,11.0,5.0,0.0,0.0,1.0
2019-03-19,2,1903192,,3.0,7.0125,11.0,5.0,0.0,0.0,1.0
2019-03-19,3,1903193,,3.0,7.0125,11.0,5.0,0.0,0.0,1.0
2019-03-19,4,1903194,,3.0,7.0125,11.0,5.0,0.0,0.0,1.0
2019-03-19,5,1903195,,3.0,7.0125,11.0,5.0,0.0,0.0,1.0
2019-03-20,1,1903201,,8.0,8.2875,12.0,53.0,0.0,0.0,1.0
2019-03-20,2,1903202,,8.0,8.2875,12.0,53.0,0.0,0.0,1.0
2019-03-20,3,1903203,,8.0,8.2875,12.0,53.0,0.0,0.0,1.0
2019-03-20,4,1903204,,8.0,8.2875,12.0,53.0,0.0,0.0,1.0
2019-03-20,5,1903205,,8.0,8.2875,12.0,53.0,0.0,0.0,1.0
2019-03-21,1,1903211,,8.0,10.225,14.0,10.0,0.0,0.0,1.0
2019-03-21,2,1903212,,8.0,10.225,14.0,10.0,0.0,0.0,1.0
2019-03-21,3,1903213,,8.0,10.225,14.0,10.0,0.0,0.0,1.0
2019-03-21,4,1903214,,8.0,10.225,14.0,10.0,0.0,0.0,1.0
2019-03-21,5,1903215,,8.0,10.225,14.0,10.0,0.0,0.0,1.0
2019-03-22,1,1903221,,7.0,9.7,6.0,20.0,0.0,0.0,1.0
2019-03-22,2,1903222,,7.0,9.7,6.0,20.0,0.0,0.0,1.0
2019-03-22,3,1903223,,7.0,9.7,6.0,20.0,0.0,0.0,1.0
2019-03-22,4,1903224,,7.0,9.7,6.0,20.0,0.0,0.0,1.0
2019-03-22,5,1903225,,7.0,9.7,6.0,20.0,0.0,0.0,1.0
2019-03-23,1,1903231,,6.0,10.2625,15.0,10.0,0.0,0.0,1.0
2019-03-23,2,1903232,,6.0,10.2625,15.0,10.0,0.0,0.0,1.0
2019-03-23,3,1903233,,6.0,10.2625,15.0,10.0,0.0,0.0,1.0
2019-03-23,4,1903234,,6.0,10.2625,15.0,10.0,0.0,0.0,1.0
2019-03-23,5,1903235,,6.0,10.2625,15.0,10.0,0.0,0.0,1.0
2019-03-24,1,1903241,,4.0,7.6625,12.0,0.0,0.0,0.0,1.0
2019-03-24,2,1903242,,4.0,7.6625,12.0,0.0,0.0,0.0,1.0
2019-03-24,3,1903243,,4.0,7.6625,12.0,0.0,0.0,0.0,1.0
2019-03-24,4,1903244,,4.0,7.6625,12.0,0.0,0.0,0.0,1.0
2019-03-24,5,1903245,,4.0,7.6625,12.0,0.0,0.0,0.0,1.0
2019-03-25,1,1903251,,4.0,7.3375,17.0,21.0,0.0,0.0,1.0
2019-03-25,2,1903252,,4.0,7.3375,17.0,21.0,0.0,0.0,1.0
2019-03-25,3,1903253,,4.0,7.3375,17.0,21.0,0.0,0.0,1.0
2019-03-25,4,1903254,,4.0,7.3375,17.0,21.0,0.0,0.0,1.0
2019-03-25,5,1903255,,4.0,7.3375,17.0,21.0,0.0,0.0,1.0
2019-03-26,1,1903261,,7.0,7.8375,16.0,21.0,0.0,0.0,1.0
2019-03-26,2,1903262,,7.0,7.8375,16.0,21.0,0.0,0.0,1.0
2019-03-26,3,1903263,,7.0,7.8375,16.0,21.0,0.0,0.0,1.0
2019-03-26,4,1903264,,7.0,7.8375,16.0,21.0,0.0,0.0,1.0
2019-03-26,5,1903265,,7.0,7.8375,16.0,21.0,0.0,0.0,1.0
2019-03-27,1,1903271,,8.0,8.375,14.0,61.0,0.0,0.0,1.0
2019-03-27,2,1903272,,8.0,8.375,14.0,61.0,0.0,0.0,1.0
2019-03-27,3,1903273,,8.0,8.375,14.0,61.0,0.0,0.0,1.0
2019-03-27,4,1903274,,8.0,8.375,14.0,61.0,0.0,0.0,1.0
2019-03-27,5,1903275,,8.0,8.375,14.0,61.0,0.0,0.0,1.0
2019-03-28,1,1903281,,8.0,10.7,9.0,61.0,0.0,0.0,1.0
2019-03-28,2,1903282,,8.0,10.7,9.0,61.0,0.0,0.0,1.0
2019-03-28,3,1903283,,8.0,10.7,9.0,61.0,0.0,0.0,1.0
2019-03-28,4,1903284,,8.0,10.7,9.0,61.0,0.0,0.0,1.0
2019-03-28,5,1903285,,8.0,10.7,9.0,61.0,0.0,0.0,1.0
2019-03-29,1,1903291,,5.0,12.1125,11.0,21.0,0.0,0.0,1.0
2019-03-29,2,1903292,,5.0,12.1125,11.0,21.0,0.0,0.0,1.0
2019-03-29,3,1903293,,5.0,12.1125,11.0,21.0,0.0,0.0,1.0
2019-03-29,4,1903294,,5.0,12.1125,11.0,21.0,0.0,0.0,1.0
2019-03-29,5,1903295,,5.0,12.1125,11.0,21.0,0.0,0.0,1.0
2019-03-30,1,1903301,,1.0,15.5,11.0,5.0,0.0,0.0,1.0
2019-03-30,2,1903302,,1.0,15.5,11.0,5.0,0.0,0.0,1.0
2019-03-30,3,1903303,,1.0,15.5,11.0,5.0,0.0,0.0,1.0
2019-03-30,4,1903304,,1.0,15.5,11.0,5.0,0.0,0.0,1.0
2019-03-30,5,1903305,,1.0,15.5,11.0,5.0,0.0,0.0,1.0
2019-03-31,1,1903311,,0.0,7.6625,13.0,5.0,0.0,0.0,1.0
2019-03-31,2,1903312,,0.0,7.6625,13.0,5.0,0.0,0.0,1.0
2019-03-31,3,1903313,,0.0,7.6625,13.0,5.0,0.0,0.0,1.0
2019-03-31,4,1903314,,0.0,7.6625,13.0,5.0,0.0,0.0,1.0
2019-03-31,5,1903315,,0.0,7.6625,13.0,5.0,0.0,0.0,1.0
2019-04-01,1,1904011,,0.0,8.05,13.0,5.0,0.0,0.0,1.0
2019-04-01,2,1904012,,0.0,8.05,13.0,5.0,0.0,0.0,1.0
2019-04-01,3,1904013,,0.0,8.05,13.0,5.0,0.0,0.0,1.0
2019-04-01,4,1904014,,0.0,8.05,13.0,5.0,0.0,0.0,1.0
2019-04-01,5,1904015,,0.0,8.05,13.0,5.0,0.0,0.0,1.0
2019-04-02,1,1904021,,0.0,11.685714,10.0,5.0,0.0,0.0,1.0
2019-04-02,2,1904022,,0.0,11.685714,10.0,5.0,0.0,0.0,1.0
2019-04-02,3,1904023,,0.0,11.685714,10.0,5.0,0.0,0.0,1.0
2019-04-02,4,1904024,,0.0,11.685714,10.0,5.0,0.0,0.0,1.0
2019-04-02,5,1904025,,0.0,11.685714,10.0,5.0,0.0,0.0,1.0
2019-04-03,1,1904031,,7.0,9.875,9.0,63.0,0.0,0.0,1.0
2019-04-03,2,1904032,,7.0,9.875,9.0,63.0,0.0,0.0,1.0
2019-04-03,3,1904033,,7.0,9.875,9.0,63.0,0.0,0.0,1.0
2019-04-03,4,1904034,,7.0,9.875,9.0,63.0,0.0,0.0,1.0
2019-04-03,5,1904035,,7.0,9.875,9.0,63.0,0.0,0.0,1.0
2019-04-04,1,1904041,,4.0,10.96875,9.5,63.0,0.0,1.0,1.0
2019-04-04,2,1904042,,4.0,10.96875,9.5,63.0,0.0,1.0,1.0
2019-04-04,3,1904043,,4.0,10.96875,9.5,63.0,0.0,1.0,1.0
2019-04-04,4,1904044,,4.0,10.96875,9.5,63.0,0.0,1.0,1.0
2019-04-04,5,1904045,,4.0,10.96875,9.5,63.0,0.0,1.0,1.0
2019-04-05,1,1904051,,2.0,12.0625,10.0,5.0,0.0,1.0,1.0
2019-04-05,2,1904052,,2.0,12.0625,10.0,5.0,0.0,1.0,1.0
2019-04-05,3,1904053,,2.0,12.0625,10.0,5.0,0.0,1.0,1.0
2019-04-05,4,1904054,,2.0,12.0625,10.0,5.0,0.0,1.0,1.0
2019-04-05,5,1904055,,2.0,12.0625,10.0,5.0,0.0,1.0,1.0
2019-04-06,1,1904061,,0.0,12.7625,10.0,10.0,0.0,1.0,1.0
2019-04-06,2,1904062,,0.0,12.7625,10.0,10.0,0.0,1.0,1.0
2019-04-06,3,1904063,,0.0,12.7625,10.0,10.0,0.0,1.0,1.0
2019-04-06,4,1904064,,0.0,12.7625,10.0,10.0,0.0,1.0,1.0
2019-04-06,5,1904065,,0.0,12.7625,10.0,10.0,0.0,1.0,1.0
2019-04-07,1,1904071,,0.0,12.8375,8.0,5.0,0.0,1.0,1.0
2019-04-07,2,1904072,,0.0,12.8375,8.0,5.0,0.0,1.0,1.0
2019-04-07,3,1904073,,0.0,12.8375,8.0,5.0,0.0,1.0,1.0
2019-04-07,4,1904074,,0.0,12.8375,8.0,5.0,0.0,1.0,1.0
2019-04-07,5,1904075,,0.0,12.8375,8.0,5.0,0.0,1.0,1.0
2019-04-08,1,1904081,,1.0,9.1125,16.0,5.0,0.0,1.0,1.0
2019-04-08,2,1904082,,1.0,9.1125,16.0,5.0,0.0,1.0,1.0
2019-04-08,3,1904083,,1.0,9.1125,16.0,5.0,0.0,1.0,1.0
2019-04-08,4,1904084,,1.0,9.1125,16.0,5.0,0.0,1.0,1.0
2019-04-08,5,1904085,,1.0,9.1125,16.0,5.0,0.0,1.0,1.0
2019-04-09,1,1904091,,1.0,6.6625,15.0,5.0,0.0,1.0,1.0
2019-04-09,2,1904092,,1.0,6.6625,15.0,5.0,0.0,1.0,1.0
2019-04-09,3,1904093,,1.0,6.6625,15.0,5.0,0.0,1.0,1.0
2019-04-09,4,1904094,,1.0,6.6625,15.0,5.0,0.0,1.0,1.0
2019-04-09,5,1904095,,1.0,6.6625,15.0,5.0,0.0,1.0,1.0
2019-04-10,1,1904101,,0.0,6.275,14.0,5.0,0.0,1.0,1.0
2019-04-10,2,1904102,,0.0,6.275,14.0,5.0,0.0,1.0,1.0
2019-04-10,3,1904103,,0.0,6.275,14.0,5.0,0.0,1.0,1.0
2019-04-10,4,1904104,,0.0,6.275,14.0,5.0,0.0,1.0,1.0
2019-04-10,5,1904105,,0.0,6.275,14.0,5.0,0.0,1.0,1.0
2019-04-11,1,1904111,,7.0,5.3375,12.0,22.0,0.0,1.0,1.0
2019-04-11,2,1904112,,7.0,5.3375,12.0,22.0,0.0,1.0,1.0
2019-04-11,3,1904113,,7.0,5.3375,12.0,22.0,0.0,1.0,1.0
2019-04-11,4,1904114,,7.0,5.3375,12.0,22.0,0.0,1.0,1.0
2019-04-11,5,1904115,,7.0,5.3375,12.0,22.0,0.0,1.0,1.0
2019-04-12,1,1904121,,5.0,5.2125,11.0,22.0,0.0,1.0,1.0
2019-04-12,2,1904122,,5.0,5.2125,11.0,22.0,0.0,1.0,1.0
2019-04-12,3,1904123,,5.0,5.2125,11.0,22.0,0.0,1.0,1.0
2019-04-12,4,1904124,,5.0,5.2125,11.0,22.0,0.0,1.0,1.0
2019-04-12,5,1904125,,5.0,5.2125,11.0,22.0,0.0,1.0,1.0
2019-04-13,1,1904131,,7.0,3.475,16.0,68.0,0.0,1.0,1.0
2019-04-13,2,1904132,,7.0,3.475,16.0,68.0,0.0,1.0,1.0
2019-04-13,3,1904133,,7.0,3.475,16.0,68.0,0.0,1.0,1.0
2019-04-13,4,1904134,,7.0,3.475,16.0,68.0,0.0,1.0,1.0
2019-04-13,5,1904135,,7.0,3.475,16.0,68.0,0.0,1.0,1.0
2019-04-14,1,1904141,,7.0,5.9375,16.0,61.0,0.0,1.0,1.0
2019-04-14,2,1904142,,7.0,5.9375,16.0,61.0,0.0,1.0,1.0
2019-04-14,3,1904143,,7.0,5.9375,16.0,61.0,0.0,1.0,1.0
2019-04-14,4,1904144,,7.0,5.9375,16.0,61.0,0.0,1.0,1.0
2019-04-14,5,1904145,,7.0,5.9375,16.0,61.0,0.0,1.0,1.0
2019-04-15,1,1904151,,2.0,7.35,14.0,5.0,0.0,1.0,1.0
2019-04-15,2,1904152,,2.0,7.35,14.0,5.0,0.0,1.0,1.0
2019-04-15,3,1904153,,2.0,7.35,14.0,5.0,0.0,1.0,1.0
2019-04-15,4,1904154,,2.0,7.35,14.0,5.0,0.0,1.0,1.0
2019-04-15,5,1904155,,2.0,7.35,14.0,5.0,0.0,1.0,1.0
2019-04-16,1,1904161,,0.0,8.4375,15.0,5.0,0.0,1.0,1.0
2019-04-16,2,1904162,,0.0,8.4375,15.0,5.0,0.0,1.0,1.0
2019-04-16,3,1904163,,0.0,8.4375,15.0,5.0,0.0,1.0,1.0
2019-04-16,4,1904164,,0.0,8.4375,15.0,5.0,0.0,1.0,1.0
2019-04-16,5,1904165,,0.0,8.4375,15.0,5.0,0.0,1.0,1.0
2019-04-17,1,1904171,,0.0,11.6625,14.0,5.0,0.0,1.0,1.0
2019-04-17,2,1904172,,0.0,11.6625,14.0,5.0,0.0,1.0,1.0
2019-04-17,3,1904173,,0.0,11.6625,14.0,5.0,0.0,1.0,1.0
2019-04-17,4,1904174,,0.0,11.6625,14.0,5.0,0.0,1.0,1.0
2019-04-17,5,1904175,,0.0,11.6625,14.0,5.0,0.0,1.0,1.0
2019-04-18,1,1904181,,0.0,13.0125,14.0,5.0,0.0,1.0,1.0
2019-04-18,2,1904182,,0.0,13.0125,14.0,5.0,0.0,1.0,1.0
2019-04-18,3,1904183,,0.0,13.0125,14.0,5.0,0.0,1.0,1.0
2019-04-18,4,1904184,,0.0,13.0125,14.0,5.0,0.0,1.0,1.0
2019-04-18,5,1904185,,0.0,13.0125,14.0,5.0,0.0,1.0,1.0
2019-04-19,1,1904191,,0.0,14.1,12.0,5.0,0.0,1.0,1.0
2019-04-19,2,1904192,,0.0,14.1,12.0,5.0,0.0,1.0,1.0
2019-04-19,3,1904193,,0.0,14.1,12.0,5.0,0.0,1.0,1.0
2019-04-19,4,1904194,,0.0,14.1,12.0,5.0,0.0,1.0,1.0
2019-04-19,5,1904195,,0.0,14.1,12.0,5.0,0.0,1.0,1.0
2019-04-20,1,1904201,,0.0,13.125,8.0,5.0,0.0,1.0,1.0
2019-04-20,2,1904202,,0.0,13.125,8.0,5.0,0.0,1.0,1.0
2019-04-20,3,1904203,,0.0,13.125,8.0,5.0,0.0,1.0,1.0
2019-04-20,4,1904204,,0.0,13.125,8.0,5.0,0.0,1.0,1.0
2019-04-20,5,1904205,,0.0,13.125,8.0,5.0,0.0,1.0,1.0
2019-04-21,1,1904211,,0.0,16.8125,10.0,5.0,0.0,1.0,1.0
2019-04-21,2,1904212,,0.0,16.8125,10.0,5.0,0.0,1.0,1.0
2019-04-21,3,1904213,,0.0,16.8125,10.0,5.0,0.0,1.0,1.0
2019-04-21,4,1904214,,0.0,16.8125,10.0,5.0,0.0,1.0,1.0
2019-04-21,5,1904215,,0.0,16.8125,10.0,5.0,0.0,1.0,1.0
2019-04-22,1,1904221,,0.0,15.775,16.0,5.0,0.0,1.0,1.0
2019-04-22,2,1904222,,0.0,15.775,16.0,5.0,0.0,1.0,1.0
2019-04-22,3,1904223,,0.0,15.775,16.0,5.0,0.0,1.0,1.0
2019-04-22,4,1904224,,0.0,15.775,16.0,5.0,0.0,1.0,1.0
2019-04-22,5,1904225,,0.0,15.775,16.0,5.0,0.0,1.0,1.0
2019-04-23,1,1904231,,0.0,14.225,19.0,5.0,0.0,1.0,1.0
2019-04-23,2,1904232,,0.0,14.225,19.0,5.0,0.0,1.0,1.0
2019-04-23,3,1904233,,0.0,14.225,19.0,5.0,0.0,1.0,1.0
2019-04-23,4,1904234,,0.0,14.225,19.0,5.0,0.0,1.0,1.0
2019-04-23,5,1904235,,0.0,14.225,19.0,5.0,0.0,1.0,1.0
2019-04-24,1,1904241,,2.0,17.65,10.0,21.0,0.0,1.0,1.0
2019-04-24,2,1904242,,2.0,17.65,10.0,21.0,0.0,1.0,1.0
2019-04-24,3,1904243,,2.0,17.65,10.0,21.0,0.0,1.0,1.0
2019-04-24,4,1904244,,2.0,17.65,10.0,21.0,0.0,1.0,1.0
2019-04-24,5,1904245,,2.0,17.65,10.0,21.0,0.0,1.0,1.0
2019-04-25,1,1904251,,0.0,19.6125,7.0,21.0,0.0,1.0,1.0
2019-04-25,2,1904252,,0.0,19.6125,7.0,21.0,0.0,1.0,1.0
2019-04-25,3,1904253,,0.0,19.6125,7.0,21.0,0.0,1.0,1.0
2019-04-25,4,1904254,,0.0,19.6125,7.0,21.0,0.0,1.0,1.0
2019-04-25,5,1904255,,0.0,19.6125,7.0,21.0,0.0,1.0,1.0
2019-04-26,1,1904261,,7.0,14.975,16.0,95.0,0.0,1.0,1.0
2019-04-26,2,1904262,,7.0,14.975,16.0,95.0,0.0,1.0,1.0
2019-04-26,3,1904263,,7.0,14.975,16.0,95.0,0.0,1.0,1.0
2019-04-26,4,1904264,,7.0,14.975,16.0,95.0,0.0,1.0,1.0
2019-04-26,5,1904265,,7.0,14.975,16.0,95.0,0.0,1.0,1.0
2019-04-27,1,1904271,,5.0,16.2125,13.0,0.0,0.0,1.0,1.0
2019-04-27,2,1904272,,5.0,16.2125,13.0,0.0,0.0,1.0,1.0
2019-04-27,3,1904273,,5.0,16.2125,13.0,0.0,0.0,1.0,1.0
2019-04-27,4,1904274,,5.0,16.2125,13.0,0.0,0.0,1.0,1.0
2019-04-27,5,1904275,,5.0,16.2125,13.0,0.0,0.0,1.0,1.0
2019-04-28,1,1904281,,7.0,9.85,10.0,61.0,0.0,1.0,1.0
2019-04-28,2,1904282,,7.0,9.85,10.0,61.0,0.0,1.0,1.0
2019-04-28,3,1904283,,7.0,9.85,10.0,61.0,0.0,1.0,1.0
2019-04-28,4,1904284,,7.0,9.85,10.0,61.0,0.0,1.0,1.0
2019-04-28,5,1904285,,7.0,9.85,10.0,61.0,0.0,1.0,1.0
2019-04-29,1,1904291,,3.0,13.6125,12.0,10.0,0.0,1.0,1.0
2019-04-29,2,1904292,,3.0,13.6125,12.0,10.0,0.0,1.0,1.0
2019-04-29,3,1904293,,3.0,13.6125,12.0,10.0,0.0,1.0,1.0
2019-04-29,4,1904294,,3.0,13.6125,12.0,10.0,0.0,1.0,1.0
2019-04-29,5,1904295,,3.0,13.6125,12.0,10.0,0.0,1.0,1.0
2019-04-30,1,1904301,,6.0,17.65,11.0,0.0,0.0,1.0,1.0
2019-04-30,2,1904302,,6.0,17.65,11.0,0.0,0.0,1.0,1.0
2019-04-30,3,1904303,,6.0,17.65,11.0,0.0,0.0,1.0,1.0
2019-04-30,4,1904304,,6.0,17.65,11.0,0.0,0.0,1.0,1.0
2019-04-30,5,1904305,,6.0,17.65,11.0,0.0,0.0,1.0,1.0
2019-05-01,1,1905011,,7.0,9.2625,15.0,20.0,0.0,0.0,1.0
2019-05-01,2,1905012,,7.0,9.2625,15.0,20.0,0.0,0.0,1.0
2019-05-01,3,1905013,,7.0,9.2625,15.0,20.0,0.0,0.0,1.0
2019-05-01,4,1905014,,7.0,9.2625,15.0,20.0,0.0,0.0,1.0
2019-05-01,5,1905015,,7.0,9.2625,15.0,20.0,0.0,0.0,1.0
2019-05-02,1,1905021,,7.0,8.95,16.0,61.0,0.0,0.0,1.0
2019-05-02,2,1905022,,7.0,8.95,16.0,61.0,0.0,0.0,1.0
2019-05-02,3,1905023,,7.0,8.95,16.0,61.0,0.0,0.0,1.0
2019-05-02,4,1905024,,7.0,8.95,16.0,61.0,0.0,0.0,1.0
2019-05-02,5,1905025,,7.0,8.95,16.0,61.0,0.0,0.0,1.0
2019-05-03,1,1905031,,6.0,8.7625,18.0,21.0,0.0,0.0,1.0
2019-05-03,2,1905032,,6.0,8.7625,18.0,21.0,0.0,0.0,1.0
2019-05-03,3,1905033,,6.0,8.7625,18.0,21.0,0.0,0.0,1.0
2019-05-03,4,1905034,,6.0,8.7625,18.0,21.0,0.0,0.0,1.0
2019-05-03,5,1905035,,6.0,8.7625,18.0,21.0,0.0,0.0,1.0
2019-05-04,1,1905041,,5.0,7.3,15.0,61.0,0.0,0.0,1.0
2019-05-04,2,1905042,,5.0,7.3,15.0,61.0,0.0,0.0,1.0
2019-05-04,3,1905043,,5.0,7.3,15.0,61.0,0.0,0.0,1.0
2019-05-04,4,1905044,,5.0,7.3,15.0,61.0,0.0,0.0,1.0
2019-05-04,5,1905045,,5.0,7.3,15.0,61.0,0.0,0.0,1.0
2019-05-05,1,1905051,,5.0,10.6875,15.0,61.0,0.0,0.0,1.0
2019-05-05,2,1905052,,5.0,10.6875,15.0,61.0,0.0,0.0,1.0
2019-05-05,3,1905053,,5.0,10.6875,15.0,61.0,0.0,0.0,1.0
2019-05-05,4,1905054,,5.0,10.6875,15.0,61.0,0.0,0.0,1.0
2019-05-05,5,1905055,,5.0,10.6875,15.0,61.0,0.0,0.0,1.0
2019-05-06,1,1905061,,3.0,9.1625,18.0,61.0,0.0,0.0,1.0
2019-05-06,2,1905062,,3.0,9.1625,18.0,61.0,0.0,0.0,1.0
2019-05-06,3,1905063,,3.0,9.1625,18.0,61.0,0.0,0.0,1.0
2019-05-06,4,1905064,,3.0,9.1625,18.0,61.0,0.0,0.0,1.0
2019-05-06,5,1905065,,3.0,9.1625,18.0,61.0,0.0,0.0,1.0
2019-05-07,1,1905071,,3.0,9.6625,14.0,21.0,0.0,0.0,1.0
2019-05-07,2,1905072,,3.0,9.6625,14.0,21.0,0.0,0.0,1.0
2019-05-07,3,1905073,,3.0,9.6625,14.0,21.0,0.0,0.0,1.0
2019-05-07,4,1905074,,3.0,9.6625,14.0,21.0,0.0,0.0,1.0
2019-05-07,5,1905075,,3.0,9.6625,14.0,21.0,0.0,0.0,1.0
2019-05-08,1,1905081,,6.0,12.8125,8.0,61.0,0.0,0.0,1.0
2019-05-08,2,1905082,,6.0,12.8125,8.0,61.0,0.0,0.0,1.0
2019-05-08,3,1905083,,6.0,12.8125,8.0,61.0,0.0,0.0,1.0
2019-05-08,4,1905084,,6.0,12.8125,8.0,61.0,0.0,0.0,1.0
2019-05-08,5,1905085,,6.0,12.8125,8.0,61.0,0.0,0.0,1.0
2019-05-09,1,1905091,,6.0,15.0,7.0,61.0,0.0,0.0,1.0
2019-05-09,2,1905092,,6.0,15.0,7.0,61.0,0.0,0.0,1.0
2019-05-09,3,1905093,,6.0,15.0,7.0,61.0,0.0,0.0,1.0
2019-05-09,4,1905094,,6.0,15.0,7.0,61.0,0.0,0.0,1.0
2019-05-09,5,1905095,,6.0,15.0,7.0,61.0,0.0,0.0,1.0
2019-05-10,1,1905101,,7.0,10.4625,11.0,61.0,0.0,0.0,1.0
2019-05-10,2,1905102,,7.0,10.4625,11.0,61.0,0.0,0.0,1.0
2019-05-10,3,1905103,,7.0,10.4625,11.0,61.0,0.0,0.0,1.0
2019-05-10,4,1905104,,7.0,10.4625,11.0,61.0,0.0,0.0,1.0
2019-05-10,5,1905105,,7.0,10.4625,11.0,61.0,0.0,0.0,1.0
2019-05-11,1,1905111,,1.0,11.525,9.0,61.0,0.0,0.0,1.0
2019-05-11,2,1905112,,1.0,11.525,9.0,61.0,0.0,0.0,1.0
2019-05-11,3,1905113,,1.0,11.525,9.0,61.0,0.0,0.0,1.0
2019-05-11,4,1905114,,1.0,11.525,9.0,61.0,0.0,0.0,1.0
2019-05-11,5,1905115,,1.0,11.525,9.0,61.0,0.0,0.0,1.0
2019-05-12,1,1905121,,1.0,13.0125,16.0,5.0,0.0,0.0,1.0
2019-05-12,2,1905122,,1.0,13.0125,16.0,5.0,0.0,0.0,1.0
2019-05-12,3,1905123,,1.0,13.0125,16.0,5.0,0.0,0.0,1.0
2019-05-12,4,1905124,,1.0,13.0125,16.0,5.0,0.0,0.0,1.0
2019-05-12,5,1905125,,1.0,13.0125,16.0,5.0,0.0,0.0,1.0
2019-05-13,1,1905131,,1.0,12.7125,11.0,5.0,0.0,0.0,1.0
2019-05-13,2,1905132,,1.0,12.7125,11.0,5.0,0.0,0.0,1.0
2019-05-13,3,1905133,,1.0,12.7125,11.0,5.0,0.0,0.0,1.0
2019-05-13,4,1905134,,1.0,12.7125,11.0,5.0,0.0,0.0,1.0
2019-05-13,5,1905135,,1.0,12.7125,11.0,5.0,0.0,0.0,1.0
2019-05-14,1,1905141,,7.0,12.3375,9.0,5.0,0.0,0.0,1.0
2019-05-14,2,1905142,,7.0,12.3375,9.0,5.0,0.0,0.0,1.0
2019-05-14,3,1905143,,7.0,12.3375,9.0,5.0,0.0,0.0,1.0
2019-05-14,4,1905144,,7.0,12.3375,9.0,5.0,0.0,0.0,1.0
2019-05-14,5,1905145,,7.0,12.3375,9.0,5.0,0.0,0.0,1.0
2019-05-15,1,1905151,,2.0,13.9,11.0,5.0,0.0,0.0,1.0
2019-05-15,2,1905152,,2.0,13.9,11.0,5.0,0.0,0.0,1.0
2019-05-15,3,1905153,,2.0,13.9,11.0,5.0,0.0,0.0,1.0
2019-05-15,4,1905154,,2.0,13.9,11.0,5.0,0.0,0.0,1.0
2019-05-15,5,1905155,,2.0,13.9,11.0,5.0,0.0,0.0,1.0
2019-05-16,1,1905161,,7.0,12.475,15.0,61.0,0.0,0.0,1.0
2019-05-16,2,1905162,,7.0,12.475,15.0,61.0,0.0,0.0,1.0
2019-05-16,3,1905163,,7.0,12.475,15.0,61.0,0.0,0.0,1.0
2019-05-16,4,1905164,,7.0,12.475,15.0,61.0,0.0,0.0,1.0
2019-05-16,5,1905165,,7.0,12.475,15.0,61.0,0.0,0.0,1.0
2019-05-17,1,1905171,,7.0,11.95,11.0,10.0,0.0,0.0,1.0
2019-05-17,2,1905172,,7.0,11.95,11.0,10.0,0.0,0.0,1.0
2019-05-17,3,1905173,,7.0,11.95,11.0,10.0,0.0,0.0,1.0
2019-05-17,4,1905174,,7.0,11.95,11.0,10.0,0.0,0.0,1.0
2019-05-17,5,1905175,,7.0,11.95,11.0,10.0,0.0,0.0,1.0
2019-05-18,1,1905181,,3.0,16.4875,13.0,5.0,0.0,0.0,1.0
2019-05-18,2,1905182,,3.0,16.4875,13.0,5.0,0.0,0.0,1.0
2019-05-18,3,1905183,,3.0,16.4875,13.0,5.0,0.0,0.0,1.0
2019-05-18,4,1905184,,3.0,16.4875,13.0,5.0,0.0,0.0,1.0
2019-05-18,5,1905185,,3.0,16.4875,13.0,5.0,0.0,0.0,1.0
2019-05-19,1,1905191,,4.0,14.2375,12.0,10.0,0.0,0.0,1.0
2019-05-19,2,1905192,,4.0,14.2375,12.0,10.0,0.0,0.0,1.0
2019-05-19,3,1905193,,4.0,14.2375,12.0,10.0,0.0,0.0,1.0
2019-05-19,4,1905194,,4.0,14.2375,12.0,10.0,0.0,0.0,1.0
2019-05-19,5,1905195,,4.0,14.2375,12.0,10.0,0.0,0.0,1.0
2019-05-20,1,1905201,,3.0,16.8125,9.0,28.0,0.0,0.0,1.0
2019-05-20,2,1905202,,3.0,16.8125,9.0,28.0,0.0,0.0,1.0
2019-05-20,3,1905203,,3.0,16.8125,9.0,28.0,0.0,0.0,1.0
2019-05-20,4,1905204,,3.0,16.8125,9.0,28.0,0.0,0.0,1.0
2019-05-20,5,1905205,,3.0,16.8125,9.0,28.0,0.0,0.0,1.0
2019-05-21,1,1905211,,7.0,16.425,10.0,61.0,0.0,0.0,1.0
2019-05-21,2,1905212,,7.0,16.425,10.0,61.0,0.0,0.0,1.0
2019-05-21,3,1905213,,7.0,16.425,10.0,61.0,0.0,0.0,1.0
2019-05-21,4,1905214,,7.0,16.425,10.0,61.0,0.0,0.0,1.0
2019-05-21,5,1905215,,7.0,16.425,10.0,61.0,0.0,0.0,1.0
2019-05-22,1,1905221,,6.0,12.1,15.0,61.0,0.0,0.0,1.0
2019-05-22,2,1905222,,6.0,12.1,15.0,61.0,0.0,0.0,1.0
2019-05-22,3,1905223,,6.0,12.1,15.0,61.0,0.0,0.0,1.0
2019-05-22,4,1905224,,6.0,12.1,15.0,61.0,0.0,0.0,1.0
2019-05-22,5,1905225,,6.0,12.1,15.0,61.0,0.0,0.0,1.0
2019-05-23,1,1905231,,5.0,18.2375,10.0,0.0,0.0,0.0,1.0
2019-05-23,2,1905232,,5.0,18.2375,10.0,0.0,0.0,0.0,1.0
2019-05-23,3,1905233,,5.0,18.2375,10.0,0.0,0.0,0.0,1.0
2019-05-23,4,1905234,,5.0,18.2375,10.0,0.0,0.0,0.0,1.0
2019-05-23,5,1905235,,5.0,18.2375,10.0,0.0,0.0,0.0,1.0
2019-05-24,1,1905241,,2.0,18.4125,17.0,0.0,0.0,0.0,1.0
2019-05-24,2,1905242,,2.0,18.4125,17.0,0.0,0.0,0.0,1.0
2019-05-24,3,1905243,,2.0,18.4125,17.0,0.0,0.0,0.0,1.0
2019-05-24,4,1905244,,2.0,18.4125,17.0,0.0,0.0,0.0,1.0
2019-05-24,5,1905245,,2.0,18.4125,17.0,0.0,0.0,0.0,1.0
2019-05-25,1,1905251,,7.0,13.5375,14.0,0.0,0.0,0.0,1.0
2019-05-25,2,1905252,,7.0,13.5375,14.0,0.0,0.0,0.0,1.0
2019-05-25,3,1905253,,7.0,13.5375,14.0,0.0,0.0,0.0,1.0
2019-05-25,4,1905254,,7.0,13.5375,14.0,0.0,0.0,0.0,1.0
2019-05-25,5,1905255,,7.0,13.5375,14.0,0.0,0.0,0.0,1.0
2019-05-26,1,1905261,,7.0,13.625,10.0,61.0,0.0,0.0,1.0
2019-05-26,2,1905262,,7.0,13.625,10.0,61.0,0.0,0.0,1.0
2019-05-26,3,1905263,,7.0,13.625,10.0,61.0,0.0,0.0,1.0
2019-05-26,4,1905264,,7.0,13.625,10.0,61.0,0.0,0.0,1.0
2019-05-26,5,1905265,,7.0,13.625,10.0,61.0,0.0,0.0,1.0
2019-05-27,1,1905271,,6.0,15.2625,13.0,61.0,0.0,0.0,1.0
2019-05-27,2,1905272,,6.0,15.2625,13.0,61.0,0.0,0.0,1.0
2019-05-27,3,1905273,,6.0,15.2625,13.0,61.0,0.0,0.0,1.0
2019-05-27,4,1905274,,6.0,15.2625,13.0,61.0,0.0,0.0,1.0
2019-05-27,5,1905275,,6.0,15.2625,13.0,61.0,0.0,0.0,1.0
2019-05-28,1,1905281,,6.0,13.1625,12.0,61.0,0.0,0.0,1.0
2019-05-28,2,1905282,,6.0,13.1625,12.0,61.0,0.0,0.0,1.0
2019-05-28,3,1905283,,6.0,13.1625,12.0,61.0,0.0,0.0,1.0
2019-05-28,4,1905284,,6.0,13.1625,12.0,61.0,0.0,0.0,1.0
2019-05-28,5,1905285,,6.0,13.1625,12.0,61.0,0.0,0.0,1.0
2019-05-29,1,1905291,,3.0,13.3625,8.0,0.0,0.0,0.0,1.0
2019-05-29,2,1905292,,3.0,13.3625,8.0,0.0,0.0,0.0,1.0
2019-05-29,3,1905293,,3.0,13.3625,8.0,0.0,0.0,0.0,1.0
2019-05-29,4,1905294,,3.0,13.3625,8.0,0.0,0.0,0.0,1.0
2019-05-29,5,1905295,,3.0,13.3625,8.0,0.0,0.0,0.0,1.0
2019-05-30,1,1905301,,7.0,14.0125,9.0,61.0,0.0,0.0,1.0
2019-05-30,2,1905302,,7.0,14.0125,9.0,61.0,0.0,0.0,1.0
2019-05-30,3,1905303,,7.0,14.0125,9.0,61.0,0.0,0.0,1.0
2019-05-30,4,1905304,,7.0,14.0125,9.0,61.0,0.0,0.0,1.0
2019-05-30,5,1905305,,7.0,14.0125,9.0,61.0,0.0,0.0,1.0
2019-05-31,1,1905311,,7.0,18.85,14.0,61.0,0.0,1.0,1.0
2019-05-31,2,1905312,,7.0,18.85,14.0,61.0,0.0,1.0,1.0
2019-05-31,3,1905313,,7.0,18.85,14.0,61.0,0.0,1.0,1.0
2019-05-31,4,1905314,,7.0,18.85,14.0,61.0,0.0,1.0,1.0
2019-05-31,5,1905315,,7.0,18.85,14.0,61.0,0.0,1.0,1.0
2019-06-01,1,1906011,,6.0,19.5625,15.0,0.0,0.0,0.0,1.0
2019-06-01,2,1906012,,6.0,19.5625,15.0,0.0,0.0,0.0,1.0
2019-06-01,3,1906013,,6.0,19.5625,15.0,0.0,0.0,0.0,1.0
2019-06-01,4,1906014,,6.0,19.5625,15.0,0.0,0.0,0.0,1.0
2019-06-01,5,1906015,,6.0,19.5625,15.0,0.0,0.0,0.0,1.0
2019-06-02,1,1906021,,2.0,24.35,8.0,0.0,0.0,0.0,1.0
2019-06-02,2,1906022,,2.0,24.35,8.0,0.0,0.0,0.0,1.0
2019-06-02,3,1906023,,2.0,24.35,8.0,0.0,0.0,0.0,1.0
2019-06-02,4,1906024,,2.0,24.35,8.0,0.0,0.0,0.0,1.0
2019-06-02,5,1906025,,2.0,24.35,8.0,0.0,0.0,0.0,1.0
2019-06-03,1,1906031,,6.0,22.225,12.0,21.0,0.0,0.0,1.0
2019-06-03,2,1906032,,6.0,22.225,12.0,21.0,0.0,0.0,1.0
2019-06-03,3,1906033,,6.0,22.225,12.0,21.0,0.0,0.0,1.0
2019-06-03,4,1906034,,6.0,22.225,12.0,21.0,0.0,0.0,1.0
2019-06-03,5,1906035,,6.0,22.225,12.0,21.0,0.0,0.0,1.0
2019-06-04,1,1906041,,7.0,16.0625,10.0,61.0,0.0,0.0,1.0
2019-06-04,2,1906042,,7.0,16.0625,10.0,61.0,0.0,0.0,1.0
2019-06-04,3,1906043,,7.0,16.0625,10.0,61.0,0.0,0.0,1.0
2019-06-04,4,1906044,,7.0,16.0625,10.0,61.0,0.0,0.0,1.0
2019-06-04,5,1906045,,7.0,16.0625,10.0,61.0,0.0,0.0,1.0
2019-06-05,1,1906051,,5.0,22.9125,11.0,61.0,0.0,0.0,1.0
2019-06-05,2,1906052,,5.0,22.9125,11.0,61.0,0.0,0.0,1.0
2019-06-05,3,1906053,,5.0,22.9125,11.0,61.0,0.0,0.0,1.0
2019-06-05,4,1906054,,5.0,22.9125,11.0,61.0,0.0,0.0,1.0
2019-06-05,5,1906055,,5.0,22.9125,11.0,61.0,0.0,0.0,1.0
2019-06-06,1,1906061,,6.0,19.5,13.0,61.0,0.0,0.0,1.0
2019-06-06,2,1906062,,6.0,19.5,13.0,61.0,0.0,0.0,1.0
2019-06-06,3,1906063,,6.0,19.5,13.0,61.0,0.0,0.0,1.0
2019-06-06,4,1906064,,6.0,19.5,13.0,61.0,0.0,0.0,1.0
2019-06-06,5,1906065,,6.0,19.5,13.0,61.0,0.0,0.0,1.0
2019-06-07,1,1906071,,1.0,17.45,10.0,61.0,0.0,0.0,1.0
2019-06-07,2,1906072,,1.0,17.45,10.0,61.0,0.0,0.0,1.0
2019-06-07,3,1906073,,1.0,17.45,10.0,61.0,0.0,0.0,1.0
2019-06-07,4,1906074,,1.0,17.45,10.0,61.0,0.0,0.0,1.0
2019-06-07,5,1906075,,1.0,17.45,10.0,61.0,0.0,0.0,1.0
2019-06-08,1,1906081,,7.0,16.2375,13.0,61.0,0.0,0.0,1.0
2019-06-08,2,1906082,,7.0,16.2375,13.0,61.0,0.0,0.0,1.0
2019-06-08,3,1906083,,7.0,16.2375,13.0,61.0,0.0,0.0,1.0
2019-06-08,4,1906084,,7.0,16.2375,13.0,61.0,0.0,0.0,1.0
2019-06-08,5,1906085,,7.0,16.2375,13.0,61.0,0.0,0.0,1.0
2019-06-09,1,1906091,,5.0,18.65,10.0,61.0,0.0,0.0,1.0
2019-06-09,2,1906092,,5.0,18.65,10.0,61.0,0.0,0.0,1.0
2019-06-09,3,1906093,,5.0,18.65,10.0,61.0,0.0,0.0,1.0
2019-06-09,4,1906094,,5.0,18.65,10.0,61.0,0.0,0.0,1.0
2019-06-09,5,1906095,,5.0,18.65,10.0,61.0,0.0,0.0,1.0
2019-06-10,1,1906101,,7.0,16.125,14.0,61.0,0.0,0.0,1.0
2019-06-10,2,1906102,,7.0,16.125,14.0,61.0,0.0,0.0,1.0
2019-06-10,3,1906103,,7.0,16.125,14.0,61.0,0.0,0.0,1.0
2019-06-10,4,1906104,,7.0,16.125,14.0,61.0,0.0,0.0,1.0
2019-06-10,5,1906105,,7.0,16.125,14.0,61.0,0.0,0.0,1.0
2019-06-11,1,1906111,,6.0,18.1375,6.0,95.0,0.0,0.0,1.0
2019-06-11,2,1906112,,6.0,18.1375,6.0,95.0,0.0,0.0,1.0
2019-06-11,3,1906113,,6.0,18.1375,6.0,95.0,0.0,0.0,1.0
2019-06-11,4,1906114,,6.0,18.1375,6.0,95.0,0.0,0.0,1.0
2019-06-11,5,1906115,,6.0,18.1375,6.0,95.0,0.0,0.0,1.0
2019-06-12,1,1906121,,7.0,16.6625,10.0,95.0,0.0,0.0,1.0
2019-06-12,2,1906122,,7.0,16.6625,10.0,95.0,0.0,0.0,1.0
2019-06-12,3,1906123,,7.0,16.6625,10.0,95.0,0.0,0.0,1.0
2019-06-12,4,1906124,,7.0,16.6625,10.0,95.0,0.0,0.0,1.0
2019-06-12,5,1906125,,7.0,16.6625,10.0,95.0,0.0,0.0,1.0
2019-06-13,1,1906131,,0.0,22.175,11.0,95.0,0.0,0.0,1.0
2019-06-13,2,1906132,,0.0,22.175,11.0,95.0,0.0,0.0,1.0
2019-06-13,3,1906133,,0.0,22.175,11.0,95.0,0.0,0.0,1.0
2019-06-13,4,1906134,,0.0,22.175,11.0,95.0,0.0,0.0,1.0
2019-06-13,5,1906135,,0.0,22.175,11.0,95.0,0.0,0.0,1.0
2019-06-14,1,1906141,,5.0,22.9,9.0,95.0,0.0,0.0,1.0
2019-06-14,2,1906142,,5.0,22.9,9.0,95.0,0.0,0.0,1.0
2019-06-14,3,1906143,,5.0,22.9,9.0,95.0,0.0,0.0,1.0
2019-06-14,4,1906144,,5.0,22.9,9.0,95.0,0.0,0.0,1.0
2019-06-14,5,1906145,,5.0,22.9,9.0,95.0,0.0,0.0,1.0
2019-06-15,1,1906151,,7.0,18.2125,12.0,95.0,0.0,0.0,1.0
2019-06-15,2,1906152,,7.0,18.2125,12.0,95.0,0.0,0.0,1.0
2019-06-15,3,1906153,,7.0,18.2125,12.0,95.0,0.0,0.0,1.0
2019-06-15,4,1906154,,7.0,18.2125,12.0,95.0,0.0,0.0,1.0
2019-06-15,5,1906155,,7.0,18.2125,12.0,95.0,0.0,0.0,1.0
2019-06-16,1,1906161,,6.0,20.3875,8.0,0.0,0.0,0.0,1.0
2019-06-16,2,1906162,,6.0,20.3875,8.0,0.0,0.0,0.0,1.0
2019-06-16,3,1906163,,6.0,20.3875,8.0,0.0,0.0,0.0,1.0
2019-06-16,4,1906164,,6.0,20.3875,8.0,0.0,0.0,0.0,1.0
2019-06-16,5,1906165,,6.0,20.3875,8.0,0.0,0.0,0.0,1.0
2019-06-17,1,1906171,,3.0,21.875,9.0,0.0,0.0,0.0,1.0
2019-06-17,2,1906172,,3.0,21.875,9.0,0.0,0.0,0.0,1.0
2019-06-17,3,1906173,,3.0,21.875,9.0,0.0,0.0,0.0,1.0
2019-06-17,4,1906174,,3.0,21.875,9.0,0.0,0.0,0.0,1.0
2019-06-17,5,1906175,,3.0,21.875,9.0,0.0,0.0,0.0,1.0
2019-06-18,1,1906181,,5.0,25.1125,6.0,95.0,0.0,0.0,1.0
2019-06-18,2,1906182,,5.0,25.1125,6.0,95.0,0.0,0.0,1.0
2019-06-18,3,1906183,,5.0,25.1125,6.0,95.0,0.0,0.0,1.0
2019-06-18,4,1906184,,5.0,25.1125,6.0,95.0,0.0,0.0,1.0
2019-06-18,5,1906185,,5.0,25.1125,6.0,95.0,0.0,0.0,1.0
2019-06-19,1,1906191,,3.0,25.95,8.0,17.0,0.0,0.0,1.0
2019-06-19,2,1906192,,3.0,25.95,8.0,17.0,0.0,0.0,1.0
2019-06-19,3,1906193,,3.0,25.95,8.0,17.0,0.0,0.0,1.0
2019-06-19,4,1906194,,3.0,25.95,8.0,17.0,0.0,0.0,1.0
2019-06-19,5,1906195,,3.0,25.95,8.0,17.0,0.0,0.0,1.0
2019-06-20,1,1906201,,6.0,19.275,8.0,21.0,0.0,0.0,1.0
2019-06-20,2,1906202,,6.0,19.275,8.0,21.0,0.0,0.0,1.0
2019-06-20,3,1906203,,6.0,19.275,8.0,21.0,0.0,0.0,1.0
2019-06-20,4,1906204,,6.0,19.275,8.0,21.0,0.0,0.0,1.0
2019-06-20,5,1906205,,6.0,19.275,8.0,21.0,0.0,0.0,1.0
2019-06-21,1,1906211,,6.0,18.1625,11.0,21.0,0.0,0.0,1.0
2019-06-21,2,1906212,,6.0,18.1625,11.0,21.0,0.0,0.0,1.0
2019-06-21,3,1906213,,6.0,18.1625,11.0,21.0,0.0,0.0,1.0
2019-06-21,4,1906214,,6.0,18.1625,11.0,21.0,0.0,0.0,1.0
2019-06-21,5,1906215,,6.0,18.1625,11.0,21.0,0.0,0.0,1.0
2019-06-22,1,1906221,,6.0,17.025,9.0,5.0,1.0,0.0,1.0
2019-06-22,2,1906222,,6.0,17.025,9.0,5.0,1.0,0.0,1.0
2019-06-22,3,1906223,,6.0,17.025,9.0,5.0,1.0,0.0,1.0
2019-06-22,4,1906224,,6.0,17.025,9.0,5.0,1.0,0.0,1.0
2019-06-22,5,1906225,,6.0,17.025,9.0,5.0,1.0,0.0,1.0
2019-06-23,1,1906231,,1.0,20.375,12.0,5.0,1.0,0.0,1.0
2019-06-23,2,1906232,,1.0,20.375,12.0,5.0,1.0,0.0,1.0
2019-06-23,3,1906233,,1.0,20.375,12.0,5.0,1.0,0.0,1.0
2019-06-23,4,1906234,,1.0,20.375,12.0,5.0,1.0,0.0,1.0
2019-06-23,5,1906235,,1.0,20.375,12.0,5.0,1.0,0.0,1.0
2019-06-24,1,1906241,,6.0,21.875,13.0,5.0,1.0,0.0,1.0
2019-06-24,2,1906242,,6.0,21.875,13.0,5.0,1.0,0.0,1.0
2019-06-24,3,1906243,,6.0,21.875,13.0,5.0,1.0,0.0,1.0
2019-06-24,4,1906244,,6.0,21.875,13.0,5.0,1.0,0.0,1.0
2019-06-24,5,1906245,,6.0,21.875,13.0,5.0,1.0,0.0,1.0
2019-06-25,1,1906251,,3.0,28.775,7.0,5.0,1.0,0.0,1.0
2019-06-25,2,1906252,,3.0,28.775,7.0,5.0,1.0,0.0,1.0
2019-06-25,3,1906253,,3.0,28.775,7.0,5.0,1.0,0.0,1.0
2019-06-25,4,1906254,,3.0,28.775,7.0,5.0,1.0,0.0,1.0
2019-06-25,5,1906255,,3.0,28.775,7.0,5.0,1.0,0.0,1.0
2019-06-26,1,1906261,,0.0,26.0375,16.0,5.0,1.0,0.0,1.0
2019-06-26,2,1906262,,0.0,26.0375,16.0,5.0,1.0,0.0,1.0
2019-06-26,3,1906263,,0.0,26.0375,16.0,5.0,1.0,0.0,1.0
2019-06-26,4,1906264,,0.0,26.0375,16.0,5.0,1.0,0.0,1.0
2019-06-26,5,1906265,,0.0,26.0375,16.0,5.0,1.0,0.0,1.0
2019-06-27,1,1906271,,6.0,17.175,14.0,5.0,1.0,0.0,1.0
2019-06-27,2,1906272,,6.0,17.175,14.0,5.0,1.0,0.0,1.0
2019-06-27,3,1906273,,6.0,17.175,14.0,5.0,1.0,0.0,1.0
2019-06-27,4,1906274,,6.0,17.175,14.0,5.0,1.0,0.0,1.0
2019-06-27,5,1906275,,6.0,17.175,14.0,5.0,1.0,0.0,1.0
2019-06-28,1,1906281,,1.0,20.225,7.0,5.0,1.0,0.0,1.0
2019-06-28,2,1906282,,1.0,20.225,7.0,5.0,1.0,0.0,1.0
2019-06-28,3,1906283,,1.0,20.225,7.0,5.0,1.0,0.0,1.0
2019-06-28,4,1906284,,1.0,20.225,7.0,5.0,1.0,0.0,1.0
2019-06-28,5,1906285,,1.0,20.225,7.0,5.0,1.0,0.0,1.0
2019-06-29,1,1906291,,0.0,24.0375,8.0,0.0,1.0,0.0,1.0
2019-06-29,2,1906292,,0.0,24.0375,8.0,0.0,1.0,0.0,1.0
2019-06-29,3,1906293,,0.0,24.0375,8.0,0.0,1.0,0.0,1.0
2019-06-29,4,1906294,,0.0,24.0375,8.0,0.0,1.0,0.0,1.0
2019-06-29,5,1906295,,0.0,24.0375,8.0,0.0,1.0,0.0,1.0
2019-06-30,1,1906301,,0.0,27.3375,19.0,5.0,1.0,0.0,1.0
2019-06-30,2,1906302,,0.0,27.3375,19.0,5.0,1.0,0.0,1.0
2019-06-30,3,1906303,,0.0,27.3375,19.0,5.0,1.0,0.0,1.0
2019-06-30,4,1906304,,0.0,27.3375,19.0,5.0,1.0,0.0,1.0
2019-06-30,5,1906305,,0.0,27.3375,19.0,5.0,1.0,0.0,1.0
2019-07-01,1,1907011,,5.0,20.25,20.0,0.0,,1.0,1.0
2019-07-01,2,1907012,,5.0,20.25,20.0,0.0,,1.0,1.0
2019-07-01,3,1907013,,5.0,20.25,20.0,0.0,,1.0,1.0
2019-07-01,4,1907014,,5.0,20.25,20.0,0.0,,1.0,1.0
2019-07-01,5,1907015,,5.0,20.25,20.0,0.0,,1.0,1.0
2019-07-02,1,1907021,,6.0,15.1875,18.0,21.0,,1.0,1.0
2019-07-02,2,1907022,,6.0,15.1875,18.0,21.0,,1.0,1.0
2019-07-02,3,1907023,,6.0,15.1875,18.0,21.0,,1.0,1.0
2019-07-02,4,1907024,,6.0,15.1875,18.0,21.0,,1.0,1.0
2019-07-02,5,1907025,,6.0,15.1875,18.0,21.0,,1.0,1.0
2019-07-03,1,1907031,,5.0,16.5,13.0,21.0,,1.0,1.0
2019-07-03,2,1907032,,5.0,16.5,13.0,21.0,,1.0,1.0
2019-07-03,3,1907033,,5.0,16.5,13.0,21.0,,1.0,1.0
2019-07-03,4,1907034,,5.0,16.5,13.0,21.0,,1.0,1.0
2019-07-03,5,1907035,,5.0,16.5,13.0,21.0,,1.0,1.0
2019-07-04,1,1907041,,7.0,15.9625,15.0,61.0,,1.0,1.0
2019-07-04,2,1907042,,7.0,15.9625,15.0,61.0,,1.0,1.0
2019-07-04,3,1907043,,7.0,15.9625,15.0,61.0,,1.0,1.0
2019-07-04,4,1907044,,7.0,15.9625,15.0,61.0,,1.0,1.0
2019-07-04,5,1907045,,7.0,15.9625,15.0,61.0,,1.0,1.0
2019-07-05,1,1907051,,7.0,15.7375,13.0,61.0,,1.0,1.0
2019-07-05,2,1907052,,7.0,15.7375,13.0,61.0,,1.0,1.0
2019-07-05,3,1907053,,7.0,15.7375,13.0,61.0,,1.0,1.0
2019-07-05,4,1907054,,7.0,15.7375,13.0,61.0,,1.0,1.0
2019-07-05,5,1907055,,7.0,15.7375,13.0,61.0,,1.0,1.0
2019-07-06,1,1907061,,7.0,15.9125,17.0,61.0,,1.0,1.0
2019-07-06,2,1907062,,7.0,15.9125,17.0,61.0,,1.0,1.0
2019-07-06,3,1907063,,7.0,15.9125,17.0,61.0,,1.0,1.0
2019-07-06,4,1907064,,7.0,15.9125,17.0,61.0,,1.0,1.0
2019-07-06,5,1907065,,7.0,15.9125,17.0,61.0,,1.0,1.0
2019-07-07,1,1907071,,7.0,14.4625,16.0,61.0,,1.0,1.0
2019-07-07,2,1907072,,7.0,14.4625,16.0,61.0,,1.0,1.0
2019-07-07,3,1907073,,7.0,14.4625,16.0,61.0,,1.0,1.0
2019-07-07,4,1907074,,7.0,14.4625,16.0,61.0,,1.0,1.0
2019-07-07,5,1907075,,7.0,14.4625,16.0,61.0,,1.0,1.0
2019-07-08,1,1907081,,7.0,16.0125,15.0,61.0,,1.0,1.0
2019-07-08,2,1907082,,7.0,16.0125,15.0,61.0,,1.0,1.0
2019-07-08,3,1907083,,7.0,16.0125,15.0,61.0,,1.0,1.0
2019-07-08,4,1907084,,7.0,16.0125,15.0,61.0,,1.0,1.0
2019-07-08,5,1907085,,7.0,16.0125,15.0,61.0,,1.0,1.0
2019-07-09,1,1907091,,7.0,16.625,13.0,20.0,,1.0,1.0
2019-07-09,2,1907092,,7.0,16.625,13.0,20.0,,1.0,1.0
2019-07-09,3,1907093,,7.0,16.625,13.0,20.0,,1.0,1.0
2019-07-09,4,1907094,,7.0,16.625,13.0,20.0,,1.0,1.0
2019-07-09,5,1907095,,7.0,16.625,13.0,20.0,,1.0,1.0
2019-07-10,1,1907101,,1.0,19.2125,11.0,20.0,,1.0,1.0
2019-07-10,2,1907102,,1.0,19.2125,11.0,20.0,,1.0,1.0
2019-07-10,3,1907103,,1.0,19.2125,11.0,20.0,,1.0,1.0
2019-07-10,4,1907104,,1.0,19.2125,11.0,20.0,,1.0,1.0
2019-07-10,5,1907105,,1.0,19.2125,11.0,20.0,,1.0,1.0
2019-07-11,1,1907111,,7.0,17.6125,6.0,53.0,,1.0,1.0
2019-07-11,2,1907112,,7.0,17.6125,6.0,53.0,,1.0,1.0
2019-07-11,3,1907113,,7.0,17.6125,6.0,53.0,,1.0,1.0
2019-07-11,4,1907114,,7.0,17.6125,6.0,53.0,,1.0,1.0
2019-07-11,5,1907115,,7.0,17.6125,6.0,53.0,,1.0,1.0
2019-07-12,1,1907121,,7.0,18.475,7.0,61.0,,1.0,1.0
2019-07-12,2,1907122,,7.0,18.475,7.0,61.0,,1.0,1.0
2019-07-12,3,1907123,,7.0,18.475,7.0,61.0,,1.0,1.0
2019-07-12,4,1907124,,7.0,18.475,7.0,61.0,,1.0,1.0
2019-07-12,5,1907125,,7.0,18.475,7.0,61.0,,1.0,1.0
2019-07-13,1,1907131,,7.0,19.9,12.0,20.0,,1.0,1.0
2019-07-13,2,1907132,,7.0,19.9,12.0,20.0,,1.0,1.0
2019-07-13,3,1907133,,7.0,19.9,12.0,20.0,,1.0,1.0
2019-07-13,4,1907134,,7.0,19.9,12.0,20.0,,1.0,1.0
2019-07-13,5,1907135,,7.0,19.9,12.0,20.0,,1.0,1.0
2019-07-14,1,1907141,,8.0,15.3625,9.0,20.0,,1.0,1.0
2019-07-14,2,1907142,,8.0,15.3625,9.0,20.0,,1.0,1.0
2019-07-14,3,1907143,,8.0,15.3625,9.0,20.0,,1.0,1.0
2019-07-14,4,1907144,,8.0,15.3625,9.0,20.0,,1.0,1.0
2019-07-14,5,1907145,,8.0,15.3625,9.0,20.0,,1.0,1.0
2019-07-15,1,1907151,,7.0,15.5875,16.0,20.0,,1.0,1.0
2019-07-15,2,1907152,,7.0,15.5875,16.0,20.0,,1.0,1.0
2019-07-15,3,1907153,,7.0,15.5875,16.0,20.0,,1.0,1.0
2019-07-15,4,1907154,,7.0,15.5875,16.0,20.0,,1.0,1.0
2019-07-15,5,1907155,,7.0,15.5875,16.0,20.0,,1.0,1.0
2019-07-16,1,1907161,,5.0,19.1125,14.0,0.0,,1.0,1.0
2019-07-16,2,1907162,,5.0,19.1125,14.0,0.0,,1.0,1.0
2019-07-16,3,1907163,,5.0,19.1125,14.0,0.0,,1.0,1.0
2019-07-16,4,1907164,,5.0,19.1125,14.0,0.0,,1.0,1.0
2019-07-16,5,1907165,,5.0,19.1125,14.0,0.0,,1.0,1.0
2019-07-17,1,1907171,,4.0,17.5375,6.0,0.0,,1.0,1.0
2019-07-17,2,1907172,,4.0,17.5375,6.0,0.0,,1.0,1.0
2019-07-17,3,1907173,,4.0,17.5375,6.0,0.0,,1.0,1.0
2019-07-17,4,1907174,,4.0,17.5375,6.0,0.0,,1.0,1.0
2019-07-17,5,1907175,,4.0,17.5375,6.0,0.0,,1.0,1.0
2019-07-18,1,1907181,,6.0,21.25,8.0,0.0,,1.0,1.0
2019-07-18,2,1907182,,6.0,21.25,8.0,0.0,,1.0,1.0
2019-07-18,3,1907183,,6.0,21.25,8.0,0.0,,1.0,1.0
2019-07-18,4,1907184,,6.0,21.25,8.0,0.0,,1.0,1.0
2019-07-18,5,1907185,,6.0,21.25,8.0,0.0,,1.0,1.0
2019-07-19,1,1907191,,6.0,21.0875,11.0,21.0,,1.0,1.0
2019-07-19,2,1907192,,6.0,21.0875,11.0,21.0,,1.0,1.0
2019-07-19,3,1907193,,6.0,21.0875,11.0,21.0,,1.0,1.0
2019-07-19,4,1907194,,6.0,21.0875,11.0,21.0,,1.0,1.0
2019-07-19,5,1907195,,6.0,21.0875,11.0,21.0,,1.0,1.0
2019-07-20,1,1907201,,7.0,24.35,14.0,95.0,,1.0,1.0
2019-07-20,2,1907202,,7.0,24.35,14.0,95.0,,1.0,1.0
2019-07-20,3,1907203,,7.0,24.35,14.0,95.0,,1.0,1.0
2019-07-20,4,1907204,,7.0,24.35,14.0,95.0,,1.0,1.0
2019-07-20,5,1907205,,7.0,24.35,14.0,95.0,,1.0,1.0
2019-07-21,1,1907211,,8.0,18.9,16.0,21.0,,1.0,1.0
2019-07-21,2,1907212,,8.0,18.9,16.0,21.0,,1.0,1.0
2019-07-21,3,1907213,,8.0,18.9,16.0,21.0,,1.0,1.0
2019-07-21,4,1907214,,8.0,18.9,16.0,21.0,,1.0,1.0
2019-07-21,5,1907215,,8.0,18.9,16.0,21.0,,1.0,1.0
2019-07-22,1,1907221,,7.0,16.6375,5.0,61.0,,1.0,1.0
2019-07-22,2,1907222,,7.0,16.6375,5.0,61.0,,1.0,1.0
2019-07-22,3,1907223,,7.0,16.6375,5.0,61.0,,1.0,1.0
2019-07-22,4,1907224,,7.0,16.6375,5.0,61.0,,1.0,1.0
2019-07-22,5,1907225,,7.0,16.6375,5.0,61.0,,1.0,1.0
2019-07-23,1,1907231,,0.0,26.1,9.0,0.0,,1.0,1.0
2019-07-23,2,1907232,,0.0,26.1,9.0,0.0,,1.0,1.0
2019-07-23,3,1907233,,0.0,26.1,9.0,0.0,,1.0,1.0
2019-07-23,4,1907234,,0.0,26.1,9.0,0.0,,1.0,1.0
2019-07-23,5,1907235,,0.0,26.1,9.0,0.0,,1.0,1.0
2019-07-24,1,1907241,,0.0,27.6875,10.0,0.0,,1.0,1.0
2019-07-24,2,1907242,,0.0,27.6875,10.0,0.0,,1.0,1.0
2019-07-24,3,1907243,,0.0,27.6875,10.0,0.0,,1.0,1.0
2019-07-24,4,1907244,,0.0,27.6875,10.0,0.0,,1.0,1.0
2019-07-24,5,1907245,,0.0,27.6875,10.0,0.0,,1.0,1.0
2019-07-25,1,1907251,,6.0,29.725,11.0,0.0,,1.0,1.0
2019-07-25,2,1907252,,6.0,29.725,11.0,0.0,,1.0,1.0
2019-07-25,3,1907253,,6.0,29.725,11.0,0.0,,1.0,1.0
2019-07-25,4,1907254,,6.0,29.725,11.0,0.0,,1.0,1.0
2019-07-25,5,1907255,,6.0,29.725,11.0,0.0,,1.0,1.0
2019-07-26,1,1907261,,0.0,26.925,14.0,5.0,,1.0,1.0
2019-07-26,2,1907262,,0.0,26.925,14.0,5.0,,1.0,1.0
2019-07-26,3,1907263,,0.0,26.925,14.0,5.0,,1.0,1.0
2019-07-26,4,1907264,,0.0,26.925,14.0,5.0,,1.0,1.0
2019-07-26,5,1907265,,0.0,26.925,14.0,5.0,,1.0,1.0
2019-07-27,1,1907271,,4.0,23.5375,21.0,5.0,,1.0,1.0
2019-07-27,2,1907272,,4.0,23.5375,21.0,5.0,,1.0,1.0
2019-07-27,3,1907273,,4.0,23.5375,21.0,5.0,,1.0,1.0
2019-07-27,4,1907274,,4.0,23.5375,21.0,5.0,,1.0,1.0
2019-07-27,5,1907275,,4.0,23.5375,21.0,5.0,,1.0,1.0
2019-07-28,1,1907281,,3.0,23.35,14.0,5.0,,1.0,1.0
2019-07-28,2,1907282,,3.0,23.35,14.0,5.0,,1.0,1.0
2019-07-28,3,1907283,,3.0,23.35,14.0,5.0,,1.0,1.0
2019-07-28,4,1907284,,3.0,23.35,14.0,5.0,,1.0,1.0
2019-07-28,5,1907285,,3.0,23.35,14.0,5.0,,1.0,1.0
2019-07-29,1,1907291,,6.0,25.25,7.0,61.0,,1.0,1.0
2019-07-29,2,1907292,,6.0,25.25,7.0,61.0,,1.0,1.0
2019-07-29,3,1907293,,6.0,25.25,7.0,61.0,,1.0,1.0
2019-07-29,4,1907294,,6.0,25.25,7.0,61.0,,1.0,1.0
2019-07-29,5,1907295,,6.0,25.25,7.0,61.0,,1.0,1.0
2019-07-30,1,1907301,,7.0,20.7375,8.0,61.0,,1.0,1.0
2019-07-30,2,1907302,,7.0,20.7375,8.0,61.0,,1.0,1.0
2019-07-30,3,1907303,,7.0,20.7375,8.0,61.0,,1.0,1.0
2019-07-30,4,1907304,,7.0,20.7375,8.0,61.0,,1.0,1.0
2019-07-30,5,1907305,,7.0,20.7375,8.0,61.0,,1.0,1.0
2019-07-31,1,1907311,,6.0,20.45,7.0,61.0,,1.0,1.0
2019-07-31,2,1907312,,6.0,20.45,7.0,61.0,,1.0,1.0
2019-07-31,3,1907313,,6.0,20.45,7.0,61.0,,1.0,1.0
2019-07-31,4,1907314,,6.0,20.45,7.0,61.0,,1.0,1.0
2019-07-31,5,1907315,,6.0,20.45,7.0,61.0,,1.0,1.0
2019-08-01,1,1908011,,5.0,21.0625,9.0,61.0,,1.0,1.0
2019-08-01,2,1908012,,5.0,21.0625,9.0,61.0,,1.0,1.0
2019-08-01,3,1908013,,5.0,21.0625,9.0,61.0,,1.0,1.0
2019-08-01,4,1908014,,5.0,21.0625,9.0,61.0,,1.0,1.0
2019-08-01,5,1908015,,5.0,21.0625,9.0,61.0,,1.0,1.0
